pars,period,Method,GRAND_ID,nrmse_stor,nrmse_release,kge_stor,kge_release,pbias_stor,pbias_release,nse_stor,nse_release,r2_stor,r2_release
default,Evaluation,gdrom,41,82.4,97,0.7334620873557003,0.4279549753769448,-20.2,0.4,0.3213900820202892,0.059147530671822546,0.6955406988241821,0.2048018654758838
default,Evaluation,h06,41,166.2,115.2,0.3683326821760836,0.28082836742826867,49.9,-1.7,-1.7642490291197617,-0.3263507897522455,0.37495181635869157,0.08132262435830905
default,Evaluation,natlake,41,126.3,124.6,0.34233581927471024,0.13787623650427527,33.4,-0.4,-0.5961121054644112,-0.5540097743447525,0.3055844717033424,0.020600101004874426
default,Evaluation,rulebasedloc200,41,113.3,91.8,0.4633695727857432,0.4393444234272179,15.1,-2.3,-0.284034426494044,0.15637828774941331,0.4281938121883955,0.23849394662246998
default,Evaluation,sdp,41,280.6,209.3,NA,-0.31437727494855827,92.7,0,-6.873087446909002,-3.383298655582884,NA,0.0026617970359212196
default,Evaluation,starfit,41,151.7,92.4,0.1387483014430938,0.3519698219958646,-20.2,4.7,-1.3029248099618265,0.14668683605854105,0.33481097144098054,0.2005615297439913
default,Fitting,gdrom,41,77.3,93.3,0.7296459324224813,0.5243002875019662,-10.7,0.1,0.4023621887675185,0.12995335591097934,0.5872042126613746,0.28190553341781943
default,Fitting,h06,41,177.7,122.8,0.2860917959950976,0.21326940617100254,56.3,1.1,-2.1591860683121347,-0.5087601640202462,0.3180314169043185,0.045973191046376906
default,Fitting,natlake,41,136.3,124.5,0.2848802705068847,0.13763198500601703,38.2,-0.4,-0.8572989564579878,-0.5501946504157937,0.2411855381747048,0.020612491663527212
default,Fitting,rulebasedloc200,41,130.8,101.8,0.3772786402283129,0.3941357389752369,24.1,0,-0.7103826832626978,-0.03692727626112724,0.3725580578838213,0.16802900889131858
default,Fitting,sdp,41,284.3,182.7,-0.5545478339406475,-0.11134455168574298,98.3,-1.8,-7.084769272301607,-2.338638575973393,0.008021876623988834,0.003100828001330018
default,Fitting,starfit,41,137.4,92.2,0.1924009190745165,0.39075697829825895,-0.5,6.7,-0.8870403719453814,0.15062199231503404,0.34116599403709275,0.2198501292358029
fitted,Evaluation,gdrom,41,56.1,106.8,0.8401321775146766,0.3771034638404668,1.4,-0.1,0.6851033572697065,-0.1403039758646183,0.7078515424176365,0.14633360987879165
fitted,Evaluation,h06,41,87.4,132.2,0.3563513365346779,0.05146929851386872,-5.1,-0.9,0.23632347545383492,-0.7473391623777401,0.2624375467768566,0.0030047850393559055
fitted,Evaluation,natlake,41,82.4,119.3,0.5170011948658768,0.07183189598496198,-2.5,0.2,0.3207755697884924,-0.423270788597518,0.34938484090703675,0.010601519589049466
fitted,Evaluation,rulebasedloc200,41,66.9,91,0.7884469238666061,0.5245884239491316,7,-1.2,0.552142785994024,0.1715938908077922,0.6486291109468703,0.29071693229113643
fitted,Evaluation,sdp,41,278.5,209.6,-0.5813903349307299,-0.315374673794081,91.6,-2.6,-6.7609610781295935,-3.3954008620451663,1.6187457791596804e-4,0.0022532939506179064
fitted,Evaluation,starfit,41,124.9,96.4,0.286472494478482,0.3788095845994399,-12.6,4.6,-0.5595825148506057,0.07122101126074476,0.46103102329406914,0.18500839923483572
fitted,Fitting,gdrom,41,139.6,117.5,0.44852453019389693,0.2947565312037037,38.7,-0.5,-0.9487177903675819,-0.3803036135860336,0.39198740800890586,0.0870797140837952
fitted,Fitting,h06,41,97.3,119.6,0.41386651630131854,0.15043193540738575,2.7,2,0.052294565439266694,-0.43140869265866555,0.19700210105162827,0.027382986924525555
fitted,Fitting,natlake,41,90.3,114.2,0.48640522815752196,0.11554911720879335,2.2,0.4,0.1838377599347799,-0.3047896160522199,0.2723954866773137,0.024757163125085017
fitted,Fitting,rulebasedloc200,41,76.4,92.4,0.7343388054261513,0.5182516228560028,10.2,0.1,0.4160959289682139,0.1452003692696887,0.579469373145937,0.28027338531908
fitted,Fitting,sdp,41,284.3,182.6,-0.552502583424392,-0.11072586174357557,98.3,-1.8,-7.082489929897889,-2.335783464407845,0.008319046053643047,0.0031475560051230428
fitted,Fitting,starfit,41,133.5,93.5,0.20677887112089688,0.42055510788533923,0.9,6.7,-0.7828080380984976,0.1251889048248277,0.37973516178792394,0.22374567041743657
default,Evaluation,gdrom,42,4063.7,227.2,-32.036179577807616,-0.476939606798892,-25.3,19.8,-1650.8440283793514,-4.165360464554536,0.004023881745171104,0.08200413935181372
default,Evaluation,h06,42,5291.7,162,-37.73377454944805,0.10639380932444364,-39.9,20.9,-2800.0072784549807,-1.626212964161378,0.0268205323094954,0.18825203410878927
default,Evaluation,natlake,42,394.1,26.9,-0.3843262013435056,0.9573331510958902,4.4,-0,-14.538205065065712,0.927835216463704,3.2616176180690504e-4,0.9313676311358032
default,Evaluation,rulebasedloc200,42,394,26.9,-0.36402849092776335,0.957320278087017,4.4,-0,-14.531055093222834,0.9274438677482661,5.842140468105508e-4,0.9309682120409554
default,Evaluation,sdp,42,394.2,26.8,NA,0.9571326225576667,4.4,-0,-14.547499550706782,0.9283018257472717,NA,0.9318882076657282
default,Evaluation,starfit,42,2505.9,64.9,-19.957693487671353,0.7902935868830463,-13.7,0.1,-627.1470496863545,0.579115447802949,0.002521331604321348,0.6246154459974521
default,Fitting,gdrom,42,2987.1,209.1,-22.99234534033057,-0.3582499053403474,-25.8,19.3,-891.4117763002397,-3.373480791298751,0.01597578894475028,0.14238416900712825
default,Fitting,h06,42,3846,149.8,-26.541378297063883,0.19180117708506184,-40.9,21.4,-1478.4773491043438,-1.245251036717527,0.03481050518281282,0.24000384427477714
default,Fitting,natlake,42,255.5,28.8,-0.2563803684829429,0.9495575410205739,3.7,0,-5.527155179160393,0.9171341073094162,7.371263473395415e-4,0.922149075809217
default,Fitting,rulebasedloc200,42,255.8,29,-0.18776951329543312,0.9491733433951022,3.7,0,-5.545515730884812,0.9157807609948174,9.376523620254746e-4,0.9208569122618805
default,Fitting,sdp,42,255.5,28.5,-0.35409980928303453,0.9495685565265598,3.8,0,-5.52869061645715,0.9190379814324617,0.0010741007050298474,0.9240843657743492
default,Fitting,starfit,42,1870.7,56.6,-14.311341929792954,0.8410151261213774,-14.4,0.2,-349.01337960180746,0.6796145032406962,0.009584585024996416,0.7077462320609624
fitted,Evaluation,gdrom,42,4626.5,108.3,-35.000147023819146,0.5022716474388536,-31.7,9.9,-2140.004838762332,-0.17352627167244616,0.015936484878452666,0.29994478436264727
fitted,Evaluation,h06,42,5163.3,150.3,-37.360993468567806,0.19840530098219245,-38.1,18.9,-2665.6916986596775,-1.2588550405775258,0.025175252162025718,0.21056626454725402
fitted,Evaluation,natlake,42,394.2,26.8,-0.4249408446575327,0.9572632536351754,4.4,-0,-14.547127418867339,0.928070771384641,2.650625536956432e-4,0.9316242716631894
fitted,Evaluation,rulebasedloc200,42,391.4,27.4,-0.149444657794376,0.9566826024407418,4.3,-0,-14.323299992963747,0.9246559118590025,0.0020543443112261543,0.9282318910362319
fitted,Evaluation,sdp,42,394.2,26.8,NA,0.9572636925908254,4.4,-0,-14.547499550706782,0.9281620875074683,NA,0.9317177523708802
fitted,Evaluation,starfit,42,1616.4,45.9,-13.626532727496661,0.8834452176263652,-4.4,0,-260.33383067680523,0.7889305267720546,0.006650778180205662,0.793596633103712
fitted,Fitting,gdrom,42,3218.2,102.4,-23.89535563300827,0.5397812733882725,-30.2,10.8,-1034.884932835453,-0.04796005738766462,0.02343132616861153,0.32245802965335757
fitted,Fitting,h06,42,3723.8,138.6,-26.143118866871095,0.2793513671127099,-38.6,19.2,-1385.9524154063781,-0.9218861899873256,0.03330447218142186,0.26516884580823724
fitted,Fitting,natlake,42,255.4,28.5,-0.3241097056297937,0.9496433935388878,3.8,0,-5.52377221747939,0.9184847216795371,7.202049939817697e-4,0.923505328848754
fitted,Fitting,rulebasedloc200,42,254.3,29.2,-0.06151028652521662,0.9495943091011974,3.6,0,-5.468197197756682,0.9145089434986654,7.495118912083009e-5,0.9194472836560669
fitted,Fitting,sdp,42,255.5,28.5,-0.3542606116064093,0.9495686433362815,3.8,0,-5.528718280070386,0.9190377474125563,0.0010706410390054447,0.9240841085880982
fitted,Fitting,starfit,42,1196.8,42.8,-9.47017403112213,0.9059343919902924,-5.2,0,-142.25475363852368,0.8164285932508859,0.00426254400985163,0.8226504872927259
default,Evaluation,gdrom,55,33.9,58.9,0.9344728388731616,0.8176113003049804,-1.8,-0.1,0.8851477470121984,0.6534984000377165,0.8942438212364988,0.6741363193421503
default,Evaluation,h06,55,62.3,75.6,0.7029123037227376,0.37639817301136747,-0.8,0.8,0.6119081807081412,0.42809907821179294,0.6124378189167992,0.48776876916371137
default,Evaluation,natlake,55,86.6,83.6,0.3570524110653298,0.2499893571495455,22.9,1.1,0.2497149005541004,0.30144940685741517,0.6717979700478212,0.35052200594331867
default,Evaluation,rulebasedloc200,55,74,63.6,0.7215316010516566,0.7541993875928898,25.5,0.1,0.45151259491136597,0.5949409701622126,0.7913209491267885,0.6075080747990097
default,Evaluation,sdp,55,132,96.5,0.2076854840935104,0.2536956387998397,48.7,1.4,-0.7422070610505893,0.06772697476271172,0.5881984416355618,0.13099176126479167
default,Evaluation,starfit,55,84.1,55.1,0.6773232216483944,0.7932715422905462,-27.9,7.3,0.292918258051171,0.6963260656831045,0.7384365623205582,0.7036561142536675
default,Fitting,gdrom,55,66.7,86.6,0.783079187614266,0.5987256301203202,0.6,0.1,0.5550657262627452,0.25028970072588075,0.6189997179503562,0.36385780669415224
default,Fitting,h06,55,66.4,87.9,0.7360333840750033,0.33616751140305046,10.8,-0,0.559137795383091,0.22787649679591648,0.6107013589799154,0.23654571121799134
default,Fitting,natlake,55,96.4,90.6,0.2824170149333478,0.18511469949455783,35.2,-0.9,0.07087779362339086,0.1795245716976247,0.6076470172746692,0.17958796510506753
default,Fitting,rulebasedloc200,55,91.5,92,0.587521365813825,0.5130089101099322,30.6,-0.9,0.1630496070508889,0.1541305828392584,0.5260268508067506,0.27868997561450415
default,Fitting,sdp,55,131.6,111.7,0.1290434226224051,0.20099566319967332,58.8,-1.7,-0.7309984117212798,-0.2484131886408696,0.44366813722924114,0.05370222167226301
default,Fitting,starfit,55,69,85.8,0.7520843188417194,0.5762623871953602,-13.1,10.5,0.5231422762865774,0.26382454804802435,0.6588551875613441,0.3620010762835119
fitted,Evaluation,gdrom,55,41.6,67.8,0.8733074391684196,0.7361555031261526,-9.1,1.1,0.8268929289132932,0.5402251777229855,0.8690739996405481,0.5654789508482225
fitted,Evaluation,h06,55,49.8,64.1,0.7394407964942404,0.5363823621857681,-10.1,0.9,0.7514564747757685,0.5891372251052278,0.8192053125196009,0.6346557393514208
fitted,Evaluation,natlake,55,72.8,83.3,0.4205674563703462,0.2297031895811581,-9,0.6,0.4701419005050921,0.30606213131114823,0.6050830412542856,0.40752888717727004
fitted,Evaluation,rulebasedloc200,55,35.5,48.8,0.8586499202741523,0.8555838619204696,-8.9,0.7,0.8737010370768091,0.7621350880340001,0.9176247574952835,0.7650846730739141
fitted,Evaluation,sdp,55,43.5,57.4,0.816042605449197,0.5848238010162001,9,-0.4,0.8107234204332999,0.6704286298355395,0.8565205835233848,0.72931292634877
fitted,Evaluation,starfit,55,65.6,56.8,0.7588857809481169,0.7860401251885374,-18.6,5.4,0.5695247367751608,0.6768088173954281,0.7934577163270514,0.6829033941820759
fitted,Fitting,gdrom,55,74.3,89.2,0.7105980928714266,0.546451419888244,-6.1,0.1,0.44722148736894574,0.20409636052294577,0.5180891563050601,0.3134438885727992
fitted,Fitting,h06,55,52.6,80.1,0.7840201890286191,0.43301221164724735,0.3,0,0.722786104514079,0.3587435331352782,0.7228463133744066,0.35874363060098247
fitted,Fitting,natlake,55,69.8,89.4,0.4325117228481522,0.15907323936244,0.9,-0.1,0.5128469404863474,0.2009129644197718,0.6007265179195739,0.21205356654147586
fitted,Fitting,rulebasedloc200,55,57.2,86.3,0.7759273924767318,0.5762229988484305,-1,-0.1,0.6731305498646067,0.255299334268125,0.6753032793200634,0.3477861850227096
fitted,Fitting,sdp,55,65.4,78.9,0.7317897581395991,0.43861649778331535,6.5,-0.2,0.5724220612745183,0.37782255932121134,0.5965181888069273,0.3783949566533552
fitted,Fitting,starfit,55,66,85.4,0.7746219849960995,0.5807405989160865,-6.3,8.8,0.5638028240972313,0.27021593061089744,0.6654369636870526,0.3634169184763957
default,Evaluation,gdrom,57,117.6,96.2,0.5294879980801774,0.549546768447719,-22.4,-1.8,-0.3823049670289631,0.0743829443939592,0.5071086307254353,0.30345920034319457
default,Evaluation,h06,57,63.9,93.8,0.6138931007721719,0.21642667239846258,-8,2.6,0.5914940483437345,0.12003540170289884,0.6886945902141108,0.14230232578530047
default,Evaluation,natlake,57,99,100,0.2919445328983098,-0.12718305946165875,-19.6,3.3,0.020036727576547397,-6.06777842706574e-5,0.6476872826822075,0.019103394223825173
default,Evaluation,rulebasedloc200,57,64,63.7,0.6755574206932196,0.7812319177491003,10.9,2.9,0.5897029180800053,0.5945926359191014,0.7347132943061973,0.621810115977243
default,Evaluation,sdp,57,81.5,99.3,0.5112406972197187,0.14550007166126366,17.1,2.5,0.33557609151877565,0.01427926418030323,0.7440459082517147,0.07962073263453788
default,Evaluation,starfit,57,200.5,78,0.3904099913588778,0.6287974661993276,-58.3,12.2,-3.0212176207645776,0.3913357622653414,0.6895890983533418,0.4470945088088131
default,Fitting,gdrom,57,65.9,83.9,0.7850953237113265,0.606114691156586,0.4,0.8,0.5657514345604122,0.2958179916419459,0.646569086741691,0.3807127829942202
default,Fitting,h06,57,59.6,87.9,0.6376910226989818,0.29936115462034674,12.8,-0.8,0.6443178467616415,0.2271342480968238,0.7459265195317009,0.2298435565689934
default,Fitting,natlake,57,77.8,98,0.2887659724835093,-0.05257514320336676,-1.6,-1,0.39535560540530623,0.03896581898333906,0.5912426378654356,0.04613161659829591
default,Fitting,rulebasedloc200,57,79.5,84.9,0.5647688612981772,0.5544338826782343,27.8,-2.2,0.36852842184859524,0.2787726949896424,0.7295995259126558,0.342797923633367
default,Fitting,sdp,57,97.4,94,0.392742086403837,0.18563893812541588,35.9,-2.6,0.05128751017508992,0.11640836495425089,0.7023085276317034,0.13285848899005337
default,Fitting,starfit,57,72.7,79.7,0.7339088688026597,0.5653122322230891,-18.7,9.3,0.47153140022255735,0.3648804900905739,0.6878496617684178,0.3960462149314865
fitted,Evaluation,gdrom,57,42,69.3,0.9085085209785276,0.7630788652654454,-4.4,1,0.8231349825195933,0.5196893159571666,0.8481528405535701,0.6200970244722137
fitted,Evaluation,h06,57,80.9,97.8,0.633114484165209,0.30004505872313014,-16.4,2.7,0.346060862984811,0.04314512952930605,0.6424188041867532,0.14053499425796526
fitted,Evaluation,natlake,57,92.3,97.4,0.39915559475470186,-0.11320921473907686,-19.5,1.2,0.14696087298595195,0.050363119205928064,0.7171365104903816,0.05113722089463548
fitted,Evaluation,rulebasedloc200,57,55.3,62.1,0.7538575359043846,0.7803604777957183,-13.2,0.8,0.6944915687244291,0.6138111290382728,0.9067407999665983,0.6306611954612942
fitted,Evaluation,sdp,57,53,94.9,0.7791896219676052,0.16839469295261933,-6.9,-0.4,0.7189887158861632,0.09823455151674776,0.7727045465563865,0.11879841939106482
fitted,Evaluation,starfit,57,193.4,85.5,0.39347629931424033,0.6097005585880771,-54.1,12.8,-2.7425947708973064,0.2695184981189228,0.5286172230656715,0.3991525057718663
fitted,Fitting,gdrom,57,44.9,69.7,0.8838883774595799,0.7454160568575376,2.7,-0,0.7980451232254968,0.5136413946543719,0.8044306148877746,0.5597235518432776
fitted,Fitting,h06,57,54,86.8,0.6986273908462115,0.3896313830492192,3.1,-0.8,0.7081886062420809,0.2470252211660049,0.7249632591141563,0.26192933164314436
fitted,Fitting,natlake,57,72.1,96.2,0.3891026340581538,-0.059223614489438914,0.8,-0.9,0.4806643040367117,0.07494032579793675,0.5950896219939745,0.07809750573491636
fitted,Fitting,rulebasedloc200,57,51.4,81.6,0.6808341438810874,0.5621472087026891,4.1,-1.3,0.736204921160486,0.3342124565433734,0.7729583303735941,0.37148833877256304
fitted,Fitting,sdp,57,55.7,88.2,0.6484696195238325,0.23182035474000928,6.1,-0.8,0.6901833412024087,0.22248189118521078,0.73670672927389,0.22349696849583453
fitted,Fitting,starfit,57,71.2,79.7,0.7368927176780411,0.6148224849016739,-19.5,10,0.4934727649363696,0.36416675399338194,0.717450746340382,0.42117063639057245
default,Evaluation,gdrom,63,37.2,58.1,0.8724250850206532,0.8112062177870233,3.7,-1.3,0.8618608002186081,0.6620426760080284,0.8749249139247688,0.6757187997750106
default,Evaluation,h06,63,108,102.7,0.4739154537994342,0.25758904101336577,13.3,-0.9,-0.16578084829083606,-0.05600725535836126,0.24099204024614068,0.09997509135512522
default,Evaluation,natlake,63,77.4,89.1,0.39290408850052194,0.19174157888287968,7.8,-0.6,0.40015759092411374,0.2050533684840089,0.5096006494859299,0.20798367788027153
default,Evaluation,rulebasedloc200,63,89.9,75.5,0.6306604074781487,0.6523948822168857,22,-1.1,0.1908839907456974,0.42955473126930177,0.594101255520198,0.4631113362826337
default,Evaluation,sdp,63,120,109.2,0.05542812953370435,0.04020039061891467,25.5,-0.2,-0.44006276418129775,-0.19366852528556922,0.10601705255769846,0.017341505474228715
default,Evaluation,starfit,63,138.3,71,0.49129434325099774,0.5449472395135799,-37.8,4.2,-0.9119136400731538,0.4952855924764398,0.49471969692618145,0.49963517875066216
default,Fitting,gdrom,63,50.9,71,0.7989186037868203,0.7199113480621919,15.4,0.3,0.7407063086997849,0.49608811720784374,0.8663385995804433,0.5335482759710867
default,Fitting,h06,63,105,105.5,0.49240694826690257,0.23507701237769185,23.2,1.3,-0.1037205415435658,-0.11275145122587893,0.30896379031398524,0.08165296806515823
default,Fitting,natlake,63,80.2,93.8,0.39465303674539765,0.1835049104938946,17.4,-0.3,0.35649568192147807,0.11943428264300038,0.6245458735351171,0.1338206066036245
default,Fitting,rulebasedloc200,63,76.9,81.8,0.7218975537850985,0.6119389547182557,18.2,-0.5,0.40846292825204567,0.33145742591776484,0.6243724883172589,0.3963943007245197
default,Fitting,sdp,63,122.3,114.8,0.10803997418660105,0.06237141029671389,37,-1.1,-0.4956550159019615,-0.3192888980568489,0.232394822845814,0.01316446232834212
default,Fitting,starfit,63,108.4,82.2,0.5411050513757127,0.49278127688356743,-30.3,14.8,-0.17629218062484386,0.32485303810423627,0.5401229986756332,0.35830400298952897
fitted,Evaluation,gdrom,63,75.3,70,0.7314047021682237,0.7624555971854813,-7.6,-0.2,0.4325814904248422,0.510563655930665,0.604712452541939,0.5878181654473781
fitted,Evaluation,h06,63,84,92.9,0.39447528109969854,0.2058289196222275,-2,-0.9,0.29386688972531316,0.13731048028931736,0.29975895434269506,0.14934996518969162
fitted,Evaluation,natlake,63,78.4,88.9,0.4358687211546427,0.15808557288722735,-8,-0.4,0.38546383385327077,0.20937581037949604,0.4557997573433653,0.22869656443442224
fitted,Evaluation,rulebasedloc200,63,36.9,51.7,0.8734416130648661,0.8577034044446241,-5.1,-0.7,0.8639872073109087,0.7326290744772,0.887125989102634,0.7433128035175228
fitted,Evaluation,sdp,63,79.6,96.1,0.47671451630084594,0.18640518815748908,-2.8,-0.9,0.36678719909600177,0.07641795076804736,0.3748006672411733,0.11340159020697724
fitted,Evaluation,starfit,63,107.7,71.3,0.5835146945027747,0.6780796707056904,-31.7,6,-0.16073441378720443,0.49097891746844813,0.8022102304896221,0.5143061493337063
fitted,Fitting,gdrom,63,21.9,56,0.9683124859933585,0.8436279502665689,0.9,0.4,0.9521325854589114,0.6859751570694164,0.9525976870249908,0.7118953969933605
fitted,Fitting,h06,63,74.5,98.4,0.5520365452676002,0.16559694366355004,3.5,0.8,0.44560974937377196,0.03138563561890151,0.4524961456778397,0.09062448011300485
fitted,Fitting,natlake,63,67.9,91.1,0.4922677385043257,0.1704619534262406,-0.5,0.3,0.5395064745497689,0.16914150974233166,0.5863514370069489,0.16916466201170544
fitted,Fitting,rulebasedloc200,63,47.1,69.7,0.8563468005209489,0.7125946590035337,-2.4,0.5,0.7777630975409815,0.5141691765246346,0.7819324279719829,0.538854946398398
fitted,Fitting,sdp,63,67.4,96.3,0.6100781020260955,0.20676077430084638,3.7,-0.1,0.5456162508456619,0.07237290319978062,0.5541959424460009,0.11760261723189983
fitted,Fitting,starfit,63,99.2,82.7,0.5747038386248211,0.5848882435654408,-31.3,15.9,0.015291637433359595,0.31595062679220687,0.690452836570345,0.4007685600057165
default,Evaluation,gdrom,80,80.4,74.3,0.7141028830362532,0.7049725876064519,-9.5,-0.3,0.3534517503878951,0.4478199305938715,0.5404163771106111,0.5038962834541093
default,Evaluation,h06,80,89.1,81.1,0.41147121388518304,0.3985374136139147,2.7,-0.4,0.20670599706716297,0.34165381152826424,0.2501327798431068,0.34208001299382723
default,Evaluation,natlake,80,140.6,103,-0.1557834593783003,0.5000508869955045,27.8,-0.1,-0.9763059117545947,-0.06193163297758386,1.4991985825788377e-5,0.2546113213218466
default,Evaluation,rulebasedloc200,80,130.2,95.3,0.31275641018075395,0.5353024700832822,23.7,-1.1,-0.694682125772208,0.09127968295253042,0.13200094528317705,0.287236229707475
default,Evaluation,sdp,80,119.8,91.3,0.2599205216829764,0.5392288702442145,25.6,-0.7,-0.4366995709133077,0.16569362419260536,0.21066495114636014,0.299725271309451
default,Evaluation,starfit,80,38.9,69.8,0.8374645743683597,0.5542012868981897,-2.1,-0.5,0.8488631041040182,0.5126282285283146,0.8579666618293822,0.5168886484533853
default,Fitting,gdrom,80,92.1,71.7,0.6489466028087403,0.6928875494209724,-13.8,0.1,0.1516083243020271,0.4855941423531148,0.529126200565594,0.5131390967579448
default,Fitting,h06,80,94.3,83.7,0.4375417492803998,0.48535064454645804,-8.1,0,0.11129871967230953,0.30002348224701236,0.24566614448503868,0.3229755621552613
default,Fitting,natlake,80,132.2,103.4,-0.038577637817261534,0.5160807405117664,24.7,-1,-0.748879193047846,-0.06998189719938841,0.010760303300994995,0.2849696165260705
default,Fitting,rulebasedloc200,80,103.8,91.6,0.5344959005694532,0.5824103209434461,7.4,-0.1,-0.07730529325793256,0.15994955476381656,0.37958100298860303,0.3392519394761197
default,Fitting,sdp,80,108.1,94.5,0.3815475038657872,0.5644233437282292,20,-0.6,-0.16985194402062342,0.10658317209029267,0.24739581085117385,0.31954590873029376
default,Fitting,starfit,80,53.4,70.7,0.7853900227202496,0.5871101687328565,-5.3,0.1,0.7152176146083049,0.4996510944917246,0.741622921321675,0.49965713816606133
fitted,Evaluation,gdrom,80,38.3,70.4,0.9236384694778242,0.7427125863862967,1,-0.3,0.8530187609904372,0.5039443737687799,0.8573850403465153,0.5543974431118691
fitted,Evaluation,h06,80,94,80.6,0.3152659374178498,0.44558108146985353,10.7,-0.4,0.11569176364764877,0.34996142153581133,0.2332648985545708,0.3509888447350503
fitted,Evaluation,natlake,80,115.6,79.8,-0.1583729359344228,0.5796407623040136,-5.8,-1.2,-0.336304256245322,0.3623153355445474,0.002163057978184778,0.39403775510046984
fitted,Evaluation,rulebasedloc200,80,80.7,77.8,0.5605535555333214,0.5383746655558086,-2.5,-1,0.3493138198259528,0.3947937050799596,0.38265952113775575,0.40209788762009385
fitted,Evaluation,sdp,80,82.8,92.4,0.6161968506277278,0.34702041362171365,3.7,-1.2,0.31357399997895063,0.14536024507156264,0.39879069796969774,0.19460476148062578
fitted,Evaluation,starfit,80,25.1,66.1,0.9089185728121619,0.6313221614355606,2.4,-0.3,0.9372127397801635,0.5628810266842563,0.9457291683775496,0.5633875923676677
fitted,Fitting,gdrom,80,35.3,61.1,0.9286705343836181,0.798719865523774,0.4,0,0.8752768744068631,0.626022945391863,0.8851819945918965,0.647527810712263
fitted,Fitting,h06,80,88.7,83,0.3617656550385753,0.5182926953043291,-0.5,0.1,0.2138313947814634,0.3115403490959927,0.23398014726584182,0.34131177402284674
fitted,Fitting,natlake,80,117.9,81.8,-0.1958710328970299,0.6090938512507945,-7.8,-0.5,-0.3911373901105242,0.3307422584424543,0.007021086785629546,0.3943464427870723
fitted,Fitting,rulebasedloc200,80,79.9,73.3,0.6684732612252446,0.6493966305059884,-8.6,0.1,0.3607676484032435,0.46295096408023606,0.478962139221,0.4813158146757487
fitted,Fitting,sdp,80,81.6,90.9,0.6575183665384324,0.5314254544419132,5.1,-0.1,0.33375304759470614,0.17288259468281308,0.4414952200766384,0.29551940506259244
fitted,Fitting,starfit,80,42.8,68.6,0.8469502624502985,0.6494814675383629,1.3,-0,0.8169899221490708,0.5293806622276421,0.8192409085209111,0.5317114158148631
default,Evaluation,gdrom,88,37.5,79.8,0.9124520450256608,0.6938830130362781,2.3,-0.3,0.8593053301106078,0.36300025162672467,0.8613033422274335,0.4874261845531162
default,Evaluation,h06,88,95.9,83.3,0.2990809836809202,0.4043657687933524,28.8,-0.2,0.080023004151346,0.3061324485434881,0.28319845827197987,0.3084642728510907
default,Evaluation,natlake,88,143.1,98.5,-0.20348459110178063,0.5553005201220866,59.8,0,-1.0485447447067533,0.029049358891935606,0.006416025948207219,0.32525074531383874
default,Evaluation,rulebasedloc200,88,105,92.3,0.4095336964907893,0.45389642445547107,44.6,-1.2,-0.1033708918949845,0.14871133173748563,0.4202434803349756,0.24255938171012414
default,Evaluation,sdp,88,174.2,100.9,-0.6371073864054693,0.5294670620814708,91.3,0.3,-2.034484324340871,-0.018717550681124795,0.00453905920801559,0.42285587207832354
default,Evaluation,starfit,88,36.3,72,0.9026737196468041,0.6025582846611343,3,1.7,0.8684939426193803,0.4813401366045088,0.8707521969617448,0.4839987890843115
default,Fitting,gdrom,88,49.3,72.5,0.8630133750692435,0.7327915952721885,4.7,0,0.757363237551581,0.47376756260004904,0.7691886411915466,0.5375438140515869
default,Fitting,h06,88,85.6,85.7,0.4293810229800361,0.4309502047969409,15.8,-0.1,0.26682084773857984,0.2657648660026405,0.32735619116844117,0.2851835511535439
default,Fitting,natlake,88,139.8,90.1,-0.11629391150071844,0.612483091231016,64,-1.3,-0.9555818996025109,0.1876737523170119,0.04161080839792594,0.38032073481877277
default,Fitting,rulebasedloc200,88,94.9,86,0.47483902530981836,0.5746429112230553,43.8,-0.3,0.09829604463767339,0.26001303454331504,0.5362106015708732,0.34809736585775314
default,Fitting,sdp,88,178.9,91.8,-0.5937863409368223,0.5924884146392144,101.6,-1.5,-2.202155864439413,0.15627860496637858,0.01587100964595874,0.4872786611369066
default,Fitting,starfit,88,49.7,76.3,0.8197140554522178,0.5515114678213788,5.5,2.3,0.7525157532353433,0.41738513881977257,0.7591223628583651,0.42265186998156995
fitted,Evaluation,gdrom,88,34.9,71.7,0.9157625308061804,0.7301101174792396,-5.3,-0.4,0.8778650690677026,0.48624356627478327,0.8856570588684024,0.5375480815642143
fitted,Evaluation,h06,88,87.7,83.4,0.3611849974070076,0.3936948485281624,13.3,-0.2,0.2301303435611789,0.3047659947692746,0.277389108577534,0.3061219502363392
fitted,Evaluation,natlake,88,112,79.5,-0.2310507708663856,0.6315052082201027,-10.8,-1.4,-0.2549518956465173,0.36808150182237287,0.00546188827421251,0.42300413818497157
fitted,Evaluation,rulebasedloc200,88,76.2,83.7,0.6111539585736567,0.49555146934363803,10.3,-1.3,0.4184349497254689,0.2995500567210021,0.46084682944569483,0.32634069790391124
fitted,Evaluation,sdp,88,170,99.7,-0.3923172236296799,0.5361435768905446,88,-2.2,-1.8898458618786762,0.006599796628044663,0.026663937732981334,0.4357196746325976
fitted,Evaluation,starfit,88,32.9,68.9,0.9327932567108431,0.6466654264976817,2.7,1.1,0.8920267126472089,0.524727462832869,0.8944478505766343,0.5274022222139476
fitted,Fitting,gdrom,88,33.7,61.1,0.9414200019343242,0.7818670069359496,1.6,0,0.8866284702564414,0.6264138319024102,0.8908107179679747,0.6394327279983111
fitted,Fitting,h06,88,84.6,86.3,0.4608721828860811,0.4123789929403272,1.8,-0.1,0.28376601071031027,0.25477122861013757,0.3057926541280031,0.27300458856803705
fitted,Fitting,natlake,88,110.1,80.3,-0.1954627834352911,0.6012853183914424,-7.7,-0.6,-0.21348869706671159,0.35558348350035496,0.001439741796763235,0.4004773982238651
fitted,Fitting,rulebasedloc200,88,70.9,79.4,0.6734421914214466,0.5886630616010289,9.8,0.1,0.497463292350917,0.3693149722592366,0.5316860607422975,0.40148738165369696
fitted,Fitting,sdp,88,178.8,91.8,-0.5898864800436263,0.5932872527111043,101.5,-1.5,-2.1970478263802633,0.1580062639723695,0.01727271194461057,0.4876706011618533
fitted,Fitting,starfit,88,48.9,73.8,0.8507777811858446,0.5920552296822525,6.1,1.3,0.7610469731454661,0.4549581483017129,0.7726310381361483,0.4601216981870126
default,Evaluation,gdrom,89,123.7,93.4,0.49857452815462555,0.5950939885528538,32.8,0.1,-0.5317677185949039,0.12734285485511798,0.4441914801915148,0.3688374267587176
default,Evaluation,h06,89,102.5,88.5,0.5472788683750891,0.2717453472322433,18.5,0.2,-0.05037171249126304,0.21663302908479032,0.3444011112984919,0.2180018088217138
default,Evaluation,natlake,89,177.7,103.7,-0.008649522483857197,0.4671372613049176,56.9,0.3,-2.1590941002142556,-0.07541351623138626,0.0766504881937607,0.21829931779983064
default,Evaluation,rulebasedloc200,89,147.4,95.2,0.40451922849520094,0.35145265525205327,46,-0.8,-1.1719341633972498,0.093319469438921,0.38764738494478485,0.17675879984224832
default,Evaluation,sdp,89,175.7,98.1,0.12029673928973594,0.4902011692946302,60.9,-0.1,-2.089399008300338,0.03659506950809699,0.37105289228109356,0.24298879379044994
default,Evaluation,starfit,89,49.8,76.7,0.8602761352960098,0.45715744531589053,0.4,-0.2,0.7523408586311564,0.41183929984090617,0.7582369597637094,0.41474361509394353
default,Fitting,gdrom,89,91,88,0.558026120841952,0.5919825542814771,11.1,-0.4,0.1712666676340967,0.2246300083551307,0.3335462396905429,0.3535903285334294
default,Fitting,h06,89,108.3,88.6,0.2979467536868051,0.32657204960262776,4.1,-0.9,-0.17383577494798352,0.21569343701056187,0.10122003011997524,0.22619957746952113
default,Fitting,natlake,89,139.8,96.6,-0.09041182985156215,0.507282988386232,56.5,-1.8,-0.9554611039568095,0.0661338280846332,0.05246755484344861,0.26022421744607444
default,Fitting,rulebasedloc200,89,119.5,97.1,0.32056953905739227,0.3851818714724371,27.6,-0.9,-0.42782098003706337,0.057488942352477035,0.14438379092182466,0.18181948188083713
default,Fitting,sdp,89,138,95.7,-0.031566797713094674,0.48836847245602477,58.7,-1.5,-0.904952081510326,0.08358734186982197,0.12785953268534248,0.24789131220120963
default,Fitting,starfit,89,88.6,82.9,0.428536835739205,0.3927328770989237,-6.7,-0.4,0.2153460543361445,0.3133176965404316,0.2649603503609777,0.31378168884051444
fitted,Evaluation,gdrom,89,103.6,88.5,0.5274720860452687,0.588791663679454,22,-1.7,-0.073845246950063,0.21608300595617613,0.5830609782035899,0.34983134956432876
fitted,Evaluation,h06,89,88.5,84.3,0.47369613722240944,0.3945958355190511,15.4,0.3,0.21613884975813913,0.2896597841571147,0.37672063078724755,0.29357427133549235
fitted,Evaluation,natlake,89,103.7,86.5,0.015606943827274677,0.5697031732985762,-6.2,-1.2,-0.07542532632476884,0.25204114564977553,0.03154022267333718,0.3425798793522208
fitted,Evaluation,rulebasedloc200,89,81.7,84.9,0.6615530797822533,0.44327639344897973,10.4,-1.4,0.332709489967864,0.2794792218266009,0.46788912172600156,0.29758599055886065
fitted,Evaluation,sdp,89,60.7,97.2,0.7804542067734291,0.13627274958937208,3.3,-1.2,0.6311232155027569,0.05454223051392293,0.7322854656421582,0.09097996318278517
fitted,Evaluation,starfit,89,69.9,77.8,0.7731289874414324,0.4793920106577315,16.4,-1,0.5112679240724902,0.3950105789503855,0.7111023566582885,0.39523319319146066
fitted,Fitting,gdrom,89,99.3,88.5,0.46289786239538866,0.5259404544719326,25.8,-0.7,0.012906263047153366,0.2157889982576674,0.30365020561262457,0.30376073513662366
fitted,Fitting,h06,89,97.8,87.5,0.24465632321906627,0.3310165906478595,-1.1,-0.5,0.043602516323085094,0.23472184496914905,0.11988202536842585,0.2405462504949971
fitted,Fitting,natlake,89,101.8,83.8,-0.12648858572318833,0.5417372424458966,-5.1,-1,-0.03705486075039133,0.2969648224085252,0.011932389984925051,0.3439131121706628
fitted,Fitting,rulebasedloc200,89,96.1,82.6,0.3253918886826349,0.47507218720897215,8.5,-0.7,0.07712263579503376,0.31795627025637896,0.16994895944440438,0.33134857080838104
fitted,Fitting,sdp,89,91.1,98,0.47748323076545784,0.33064030162961067,14,-0.5,0.17043386134632676,0.03875447290856959,0.29266873860195247,0.15171929606930137
fitted,Fitting,starfit,89,89.2,84.8,0.4436949579145967,0.4161637500345027,8.8,-0.6,0.2036175450304898,0.28077873772733053,0.2711154214364202,0.2911255022823196
default,Evaluation,gdrom,90,85.5,73.6,0.5482197567515171,0.7387791302233215,38.4,-0.3,0.2686309967596049,0.4576556983592498,0.5915217074808176,0.5709643917489436
default,Evaluation,h06,90,88.4,73,0.6014234970944019,0.5166556592103351,8.2,-0.5,0.21868490709907729,0.46756619239936437,0.37236488971090376,0.47040395354353176
default,Evaluation,natlake,90,149.6,84.8,-0.1595195204456885,0.648792977982747,65.9,-0.7,-1.2374313327116018,0.28026191227120334,0.008239832893136763,0.4223655220740191
default,Evaluation,rulebasedloc200,90,125,74.6,0.22644498922970258,0.6561322694956886,70.9,-1.6,-0.5641203027746247,0.44307100970426805,0.4874530352826397,0.4723225678051243
default,Evaluation,sdp,90,208.4,86.8,-0.9572004395761458,0.6336437830703123,129.4,0.5,-3.3440470916877807,0.24721910577284256,0.021215724691297202,0.5128840540388484
default,Evaluation,starfit,90,61,66.6,0.7257244954961892,0.6170622860986947,-10.3,3.1,0.6281701365132847,0.5559457140286204,0.6500522336858594,0.5573521054098558
default,Fitting,gdrom,90,54.5,69.3,0.8065299798014577,0.7604257179606831,10.6,0.1,0.7027697699715414,0.5191290691095751,0.7369625662147484,0.5782918852310923
default,Fitting,h06,90,103.1,76.1,0.5024742131877578,0.5414534982408201,-3.5,0.3,-0.06415852355830176,0.42149556184445947,0.2595560945085664,0.42410845456614277
default,Fitting,natlake,90,145.1,91.7,-0.03714456557653656,0.5888808455332127,49.3,-0.6,-1.1064269983682364,0.15844389843288864,0.012452057015138542,0.3477130563784964
default,Fitting,rulebasedloc200,90,110.9,83.7,0.4354191558154482,0.6104964964393769,49,0.1,-0.2304542942081267,0.299344470029802,0.5285205076511408,0.384870832387901
default,Fitting,sdp,90,201.9,89.9,-0.6144319543192729,0.6243964927615957,106.8,-1.5,-3.0785332512147026,0.19169903546666123,0.007445753288369128,0.45326142351592685
default,Fitting,starfit,90,57.2,63.3,0.7234589009371828,0.6627772512250392,-19.8,3.1,0.6733000523421178,0.5993987680909619,0.780639754771816,0.6003649848212687
fitted,Evaluation,gdrom,90,61.5,68.6,0.7265144638823684,0.766318613058538,23.6,-0.2,0.6220645331854621,0.5286771796253158,0.7664738397510498,0.5875256209355382
fitted,Evaluation,h06,90,88.4,73.5,0.4257322732383343,0.5528999409863109,18,0.2,0.21918588571792086,0.45943245664429744,0.30289036200432334,0.4595770268813035
fitted,Evaluation,natlake,90,116,69.8,-0.14781841559298403,0.7298937701807757,-6,-1.2,-0.34677912919891685,0.5126742071226995,0.0023376098929446857,0.5477951632763154
fitted,Evaluation,rulebasedloc200,90,89.4,67.5,0.4934885452753933,0.7036877603206386,37.5,-1.6,0.2013863735915722,0.5449220943571591,0.49539583288937084,0.5557485127070695
fitted,Evaluation,sdp,90,200.9,87.9,-0.5950436773016108,0.6263792037785059,124,-2.9,-3.035655602073292,0.22784798003160045,0.042190225169231654,0.5022318114293223
fitted,Evaluation,starfit,90,55.8,61,0.7939526280414906,0.6743037693467568,8.5,1.9,0.6887127119267087,0.6273460972638558,0.7068103348930111,0.6294671462574968
fitted,Fitting,gdrom,90,78.1,68.7,0.6682586738975603,0.7563685842669018,20.4,0.1,0.3906341775949198,0.5276225331246844,0.6384466259378715,0.5742500191850849
fitted,Fitting,h06,90,91.4,72.6,0.4396133940971534,0.6026371302393538,1.2,0.4,0.16385313921787037,0.4733863071032154,0.240628868554871,0.4769909015455311
fitted,Fitting,natlake,90,125,74.3,-0.21733248815474981,0.6918470825808208,-14,0.3,-0.5639541890683357,0.4472521378159411,0.019011198335573465,0.49388734826407876
fitted,Fitting,rulebasedloc200,90,77.6,72.4,0.6630895405344722,0.6864106306095854,21.2,0.2,0.3978200919076783,0.4764294220154447,0.555610818967072,0.5049066118242168
fitted,Fitting,sdp,90,201.3,89.9,-0.6051488087872525,0.6249057004837093,106.4,-1.5,-3.051414997961384,0.19250012945767947,0.008593288053090932,0.4526191769536984
fitted,Fitting,starfit,90,32.9,57.9,0.8950616645140153,0.7117729493327702,-3.5,1.8,0.8919838444902795,0.6651928136270093,0.8962548005790227,0.6667774843370451
default,Evaluation,gdrom,92,46.8,76.6,0.7992277608041344,0.7019631834903477,18.9,-1,0.7805131841824451,0.41306108551172804,0.8705641086883027,0.49345652554001984
default,Evaluation,h06,92,86.3,87.9,0.4313380407393467,0.31911704820789655,17.3,-0.1,0.2557556078819361,0.22770848294154067,0.33288669035910434,0.23320372080832832
default,Evaluation,natlake,92,137.8,101.2,-0.15581384013817345,0.5300865595838029,58.5,0,-0.8989813548403052,-0.023538824672851844,0.020696536950994073,0.2938348979690183
default,Evaluation,rulebasedloc200,92,87.5,90.4,0.55218353903037,0.4184430793051226,36.5,-1.2,0.23330975363420048,0.18234307193810761,0.5702528487349615,0.2382459713017957
default,Evaluation,sdp,92,121.7,94.8,0.12378049927804691,0.5202457480589044,57.7,-0.6,-0.48234935550449975,0.10077126622773358,0.29666523503451053,0.27453327654284965
default,Evaluation,starfit,92,37.1,74.2,0.8820919658016054,0.5579587719430403,7.1,0.6,0.8625179641667544,0.4497865338846797,0.8744502303521473,0.4508958357806836
default,Fitting,gdrom,92,41.9,71.4,0.8885179040296189,0.733657607990347,7.6,-0,0.8242474008522209,0.4895214117212592,0.8477181676392903,0.5417384580214792
default,Fitting,h06,92,92.4,87.5,0.4250038539911609,0.37477913307539157,-0.1,-0.2,0.14688855104129073,0.23415793124374507,0.22754742096395905,0.24980750207740096
default,Fitting,natlake,92,130.3,99.4,-0.056473647006833216,0.5243664865752917,51.4,-1.6,-0.6986879942761797,0.011809212384211842,0.0399767208147288,0.277145818739804
default,Fitting,rulebasedloc200,92,81.1,87.4,0.594363710173893,0.5534981050499648,30.2,-0.4,0.34259504640708915,0.23577774789999806,0.5732414490189198,0.32692073869263855
default,Fitting,sdp,92,116.4,95.9,0.1832410360807527,0.5101365736851082,49.6,-1.1,-0.3562927759426755,0.07927727433464082,0.23715728989859855,0.26378183761569246
default,Fitting,starfit,92,41.1,74.4,0.8626628196703514,0.5979008936291499,2.8,1.3,0.8312279726492395,0.4463728128297829,0.8332471386452017,0.45465790636760683
fitted,Evaluation,gdrom,92,32.5,72.6,0.934331466631952,0.7230708235761785,2.5,-0.3,0.8943753153410713,0.47206793767113164,0.9029935817359811,0.5269941622485844
fitted,Evaluation,h06,92,88.9,88.3,0.3975381694254331,0.3272358373803782,23.8,-0.1,0.20950555558847206,0.21975155518732004,0.34432343435006446,0.22902920835395857
fitted,Evaluation,natlake,92,109.1,86.2,-0.17345955940747437,0.5741951777404759,-4.9,-1.7,-0.1900895505322684,0.2565784740472721,2.4180587280454751e-4,0.34706897033139394
fitted,Evaluation,rulebasedloc200,92,67.8,85.2,0.7237159001472169,0.4296567090668225,5.8,-1.4,0.5402705599226716,0.27318317490440625,0.5670496056199873,0.2896156863546797
fitted,Evaluation,sdp,92,71.4,94,0.6015788636773216,0.30675891782933795,16.7,-1.7,0.48952237695279754,0.11688654550816957,0.5546754845775026,0.1682136204881284
fitted,Evaluation,starfit,92,32.3,71.5,0.9278617697738135,0.5911396453784673,5,2.1,0.8954034594800455,0.4885576639211392,0.9058803936141917,0.48948426839414244
fitted,Fitting,gdrom,92,23.6,56.8,0.9456577083694584,0.8196163373395579,-3.8,-0.1,0.9443622665854531,0.677169259336616,0.9478392064310395,0.6891000658785221
fitted,Fitting,h06,92,85.3,87.7,0.4146381158914748,0.3693673758255348,3.9,-0.1,0.2720558616070985,0.23054822400600739,0.2875026878181442,0.24610691940859866
fitted,Fitting,natlake,92,109.6,91,-0.18983731066167087,0.5071121990488168,-8.3,-0.9,-0.20101504337548892,0.17101951999078935,7.041092957823828e-4,0.2791585948328341
fitted,Fitting,rulebasedloc200,92,66.3,81.3,0.715285640540464,0.5479898521492998,0.6,0.1,0.560026398785783,0.3388682840837418,0.570108774107314,0.3680081191808014
fitted,Fitting,sdp,92,77,97.5,0.5502400728122099,0.3653156815240237,18.7,-0.4,0.4076268268207883,0.04999172369471849,0.49013384711705005,0.1702916372965598
fitted,Fitting,starfit,92,32.8,71.5,0.9415781657250097,0.6205167980564301,2,2.8,0.8921529201079744,0.4890339103849123,0.8949724556132895,0.49364732623524155
default,Evaluation,gdrom,97,111,61,0.44227931337255144,0.8043717039446828,-35.6,-0.3,-0.23282721700635012,0.6280333669427485,0.3279680817296626,0.6524448999702299
default,Evaluation,h06,97,202.9,73.2,-0.17334431935684913,0.5035605565083815,107.4,0.1,-3.119011590889925,0.4645427514885967,0.2901669142209461,0.4692713309342599
default,Evaluation,natlake,97,306,69.4,-0.9168056196889127,0.7663061564928069,169.6,0.2,-8.367730229818315,0.5187897512613322,0.012128418274394624,0.6072847886473934
default,Evaluation,rulebasedloc200,97,291.4,75.2,-0.7306839376241134,0.6853897972085301,166.7,-0.4,-7.491892762806286,0.43390708848445825,0.3239266751139592,0.4841232346064345
default,Evaluation,sdp,97,288.7,73.9,-0.7246298948397274,0.7043889002895514,164.5,-0.2,-7.339690343440113,0.4530864388742665,0.23457605104986295,0.5051824600516731
default,Evaluation,starfit,97,41.6,61.9,0.9103243653032839,0.6550338878457556,2.8,0.3,0.8268752761114209,0.6168848303294996,0.8380325892137519,0.6204366344452672
default,Fitting,gdrom,97,153.4,58.5,0.11127569496795375,0.8129812471843638,-38,0.3,-1.3535950447368488,0.65811560175764,0.05623307177977953,0.6738498815223125
default,Fitting,h06,97,178.4,76.2,-0.02658302178836469,0.5131621170045706,81.9,-0.3,-2.1827308401526864,0.41914819843543694,0.16224521620713311,0.41942549082617614
default,Fitting,natlake,97,292.6,70.9,-0.8553011812942017,0.756015019741219,160.3,-1.4,-7.565391068342324,0.49732975508286204,0.0044832938473048246,0.5788415177941378
default,Fitting,rulebasedloc200,97,276,72.3,-0.6511452664182478,0.7239282562180993,144.4,-0.9,-6.61992268974311,0.47712596522348605,0.12406596348465686,0.5293894631454747
default,Fitting,sdp,97,277.2,73.5,-0.6662753861417601,0.7204477024587261,154.5,-1,-6.686293435249785,0.46006528579907,0.15163573391771112,0.5216127975763645
default,Fitting,starfit,97,45.8,62.2,0.8922767692959187,0.6749828359646988,0.4,0.4,0.7902931985987826,0.6134502775332689,0.798490770925748,0.614146364521513
fitted,Evaluation,gdrom,97,51.6,57.1,0.8488121913623452,0.8389891506983898,-1.1,0.2,0.7333002737600287,0.6738177456261647,0.7785541208182772,0.7117828705719293
fitted,Evaluation,h06,97,90.6,72.9,0.2560682529866424,0.6126268712477334,2.2,0,0.17910710538640695,0.4683928746595941,0.1876604439681801,0.4747841799912607
fitted,Evaluation,natlake,97,134.9,62.8,-0.10702493888994224,0.735419994954517,6.5,-1,-0.8193350435310305,0.6061082171290342,0.007982149795360743,0.610969822298182
fitted,Evaluation,rulebasedloc200,97,194.3,67.5,-0.1152101446933178,0.7069242562692979,104,-1.4,-2.775922587969724,0.5446575921477617,0.37943274518085,0.5565379243210467
fitted,Evaluation,sdp,97,182.3,88.4,-0.03393831633984079,0.4092703688838818,78.1,-1.9,-2.324914986259776,0.21849993742058982,0.2097158970290787,0.25170346912142066
fitted,Evaluation,starfit,97,33.8,56.9,0.9260291168121244,0.7255010990205799,0.9,0.7,0.8858417149230557,0.6763277808999236,0.896832876114304,0.677442008192607
fitted,Fitting,gdrom,97,85.7,48.1,0.645365485722424,0.8848323588307989,-1.8,0.1,0.2658817401817877,0.7684733823708796,0.5122897338651814,0.7832746496042977
fitted,Fitting,h06,97,104.9,77.3,0.18563921858758714,0.5475385041695213,1.3,0.3,-0.10097463919804905,0.4030778931507071,0.06628936115323664,0.41026212132912604
fitted,Fitting,natlake,97,138.7,66,-0.21667163877201068,0.6910848252607349,2.8,-0.4,-0.9241551288158261,0.564109672769963,0.038773607485070485,0.5677599918741365
fitted,Fitting,rulebasedloc200,97,188.6,63.4,-0.08395089797838429,0.7364837328618741,85.1,-0.6,-2.556335479828968,0.5982584166202618,0.15704489131054875,0.6048287033947326
fitted,Fitting,sdp,97,169.6,86.7,0.04205709661051649,0.4923706678242341,67.3,-0.5,-1.8772480300428156,0.2485850730988407,0.15206812402303332,0.2990067297331853
fitted,Fitting,starfit,97,39.2,56.8,0.9173425432601492,0.728809865990159,-0.5,0.9,0.8465719632785452,0.6774035996896042,0.8590257865840343,0.6783137036084304
default,Evaluation,gdrom,100,67.9,86.2,0.7651522419799315,0.6031515369184173,1.2,-0.7,0.5385514319628951,0.25620395593000467,0.6459318242322256,0.3688760351461375
default,Evaluation,h06,100,134.9,98.1,0.43819235236462284,0.11569223793472305,-20.9,-1,-0.8204102430379965,0.03796095058639515,0.3363176715783051,0.07928481468566397
default,Evaluation,natlake,100,105.6,102.5,0.30666449694357867,0.3523600085433185,11.8,-0.9,-0.11586528542211783,-0.04996499213859096,0.15937978534280187,0.14328199145071424
default,Evaluation,rulebasedloc200,100,96.3,94.7,0.6040572640437443,0.2882165923466312,7.5,-1.8,0.07267519651009413,0.10285742151606259,0.41109828766158635,0.15620544844094258
default,Evaluation,sdp,100,105,101.9,0.40009570150143003,0.40242361081183,18.8,-1.3,-0.10243847552369933,-0.03805398387548764,0.41132605016598145,0.172906272673088
default,Evaluation,starfit,100,53.2,79.5,0.7953126461674456,0.4809293442196272,-1.4,-0.8,0.717161725612837,0.3681671341662116,0.7200319491304831,0.37077091608928586
default,Fitting,gdrom,100,62.3,74.1,0.777821050766085,0.6786429754704006,-3.2,0.2,0.6114593093635615,0.4514413966269629,0.7221605014113959,0.4877841879239331
default,Fitting,h06,100,177.1,100,0.19050761475160116,0.3040209923892664,-30.4,-0,-2.1357632227800254,3.563305341529599e-4,0.2558807562594224,0.1307726063530314
default,Fitting,natlake,100,102.3,103.1,0.31408227730915994,0.37346607684556354,5.9,-0.8,-0.046983902384186926,-0.06269708023514609,0.1362316590298214,0.15259209873059254
default,Fitting,rulebasedloc200,100,111.4,92.6,0.43205581009452365,0.47174969107716247,-10.6,0.2,-0.24202121585365877,0.14328289147079476,0.5014027967492036,0.2505331632236916
default,Fitting,sdp,100,90.6,102.3,0.4427682143942103,0.4381465539530557,11.9,-0.5,0.1783064333569847,-0.045858351807264386,0.3726734432555778,0.1954809112356666
default,Fitting,starfit,100,59.9,77.6,0.802589932366768,0.5548165045531788,-7.5,0.1,0.6417168082277862,0.39755694933279606,0.7207562370164503,0.4078394181753414
fitted,Evaluation,gdrom,100,42.8,80.8,0.9101301274488315,0.6665805544455754,3.2,-0.3,0.8168941673509789,0.3473317246575196,0.8390897703298529,0.44515594874731373
fitted,Evaluation,h06,100,91,88,0.39257053345423787,0.36146944331700026,9.9,-0.6,0.17133841392721505,0.22507008188859312,0.3121338205592677,0.24063585219933142
fitted,Evaluation,natlake,100,99.9,96.6,0.19443312199446416,0.37447557652448116,1.8,-1.8,0.002009557443085175,0.06663010178729345,0.09204783860418138,0.17926291062770539
fitted,Evaluation,rulebasedloc200,100,76.4,90.1,0.7085669606724043,0.37211424263677295,-1,-1.1,0.416432779007332,0.18724555995758618,0.5023017690267474,0.22286476168176775
fitted,Evaluation,sdp,100,66.8,98.7,0.7565338189356906,0.20111857813202327,2.7,-1.5,0.5538087050070043,0.025130697869426233,0.5905551710789662,0.09966540327260502
fitted,Evaluation,starfit,100,53.7,79.2,0.7977507018711305,0.5190951223038354,6,-0.7,0.7111299552844784,0.37250050589060435,0.7623257943317825,0.3809930123861714
fitted,Fitting,gdrom,100,40.2,75.2,0.9194628583950923,0.6992156257577601,0.4,0.1,0.8387265823995902,0.434516057902676,0.8455967066640205,0.49493584643327354
fitted,Fitting,h06,100,85.7,85.1,0.4752453542507423,0.45673026733488353,-1.9,0.4,0.2650283284014062,0.27566704557061994,0.30273110928152397,0.2991677174375755
fitted,Fitting,natlake,100,104.6,99,0.13781025531052904,0.3947576406449692,-2.3,-0.6,-0.0950312567227527,0.01885424849368411,0.05394258001241862,0.1780210471972067
fitted,Fitting,rulebasedloc200,100,87.4,81.9,0.6847665739505875,0.5559160203285276,-11,0.3,0.23616730203895708,0.3282984539759184,0.5700931013549436,0.3655988741571446
fitted,Fitting,sdp,100,64.5,95.9,0.7551351413054395,0.42717543766660926,0.8,-0,0.5839697101771946,0.0793475699641687,0.6011321019525663,0.20897312048521247
fitted,Fitting,starfit,100,45.1,76.6,0.7963792526960114,0.590578905655061,2.1,-0,0.7969559297979611,0.4127310853263827,0.8085193421416206,0.42849998144151946
default,Evaluation,gdrom,116,94.9,63.8,0.5810161618712282,0.7977993443852922,-0.2,0.2,0.09841478895868438,0.5931257579889431,0.3497770629072521,0.6366749637949557
default,Evaluation,h06,116,95.2,72,0.5311445298323749,0.581238203540146,15.2,0,0.09382880490352519,0.48205572057602963,0.3135599152559499,0.4824153693298634
default,Evaluation,natlake,116,154.5,61.8,0.07656924392665843,0.8116891888272697,74.2,-0.4,-1.3880260447573343,0.6183369653543485,0.3361444085744505,0.675544044588614
default,Evaluation,rulebasedloc200,116,127.6,64.4,0.3620315095191906,0.7956938840675425,52.4,0.2,-0.6280828977901647,0.5850514071447521,0.41404431190792956,0.6345650576296757
default,Evaluation,sdp,116,157.9,63.4,0.07227345000477692,0.8035431657823617,73.1,-0.4,-1.4949469629077416,0.5984290161754104,0.23905388042339673,0.6550238443548632
default,Evaluation,starfit,116,66.1,69.2,0.7346102521550099,0.6355099726206936,-3,-0.2,0.5626390594995165,0.5214336359664873,0.5808478622980899,0.5230101820902971
default,Fitting,gdrom,116,98.2,55.5,0.5580047090204521,0.8325743871288553,-5.3,1.4,0.03531613384495624,0.6915799748254448,0.4213800239313744,0.7048191903676122
default,Fitting,h06,116,98.1,66.5,0.5643089436615497,0.6675905824464385,12.8,1.6,0.03727041195415537,0.5573386030742961,0.41470754777046603,0.5588069511298406
default,Fitting,natlake,116,142.2,52.9,0.1762692273237476,0.8606618883773491,67,-1.1,-1.0237568643011525,0.7196277972722805,0.3668213822045576,0.742605092670241
default,Fitting,rulebasedloc200,116,120.1,60.5,0.4072587182349081,0.8007464602024281,33.4,-0.6,-0.4425319304585238,0.6333873039431641,0.36809828656734955,0.6527902426434403
default,Fitting,sdp,116,143.6,56.9,0.22754955377301778,0.8381270973473838,66.1,-1,-1.06316488812246,0.6759858579271996,0.37103863043018354,0.7030294365462272
default,Fitting,starfit,116,54.5,66.7,0.8394983284514868,0.6355327446378825,-3,0.4,0.7031825761310766,0.5547419852968437,0.7184381984270992,0.5547749499087001
fitted,Evaluation,gdrom,116,74.2,67,0.7117913090998844,0.7611478448724077,8.2,0.3,0.44939056098679175,0.5510088566349582,0.6219299534399273,0.6639158308288835
fitted,Evaluation,h06,116,88.2,71.9,0.6235435742172883,0.5804365579342907,9.4,-0,0.22266703815796152,0.4823587748070187,0.40551961066045994,0.4826624946533472
fitted,Evaluation,natlake,116,92.6,59.6,0.19150013040071456,0.817403666430816,-1,-1.2,0.1431681235258757,0.6452230918074907,0.15052005054382436,0.6708001666820641
fitted,Evaluation,rulebasedloc200,116,86.7,67.5,0.5520915585394616,0.7779145136730444,19.5,-1.3,0.2480944129990501,0.5436945538261049,0.4035404003961653,0.6150941266158952
fitted,Evaluation,sdp,116,94,76.9,0.5709510892222939,0.6601439745908182,11.1,-0.8,0.1154663032001968,0.40833668424600134,0.34351276767364436,0.45721193167009344
fitted,Evaluation,starfit,116,72.9,70.9,0.6735196583504353,0.6291092823656688,-3.7,-0.2,0.4684665676800628,0.49776336608246907,0.49787453971202267,0.5016890981857712
fitted,Fitting,gdrom,116,99.4,55.6,0.5542889441462273,0.8466161377174164,-19.1,1.4,0.0119350481896765,0.6910043951633036,0.4292967334963453,0.725157946629366
fitted,Fitting,h06,116,91.4,68,0.6044817992473036,0.6515755547608627,6.7,1.7,0.16425900419384287,0.5372190151201292,0.4765354657505491,0.5390510013409278
fitted,Fitting,natlake,116,92.4,62.1,0.23768291243270334,0.7709658746419449,-1.9,-0.5,0.14514428976276872,0.6136725949633155,0.16187874700428126,0.6265911788482286
fitted,Fitting,rulebasedloc200,116,83.7,55.5,0.6028688940607825,0.8453176937894005,10.6,-0.5,0.2995058003775787,0.6923719017186363,0.40071384854365955,0.7148298022840673
fitted,Fitting,sdp,116,89.5,68,0.62732406923722,0.7094043248441878,13.2,-0.3,0.1992757378061213,0.5368995708595697,0.45348342482086984,0.5517743706047156
fitted,Fitting,starfit,116,57.3,67,0.8157787501407904,0.6343653759790765,-3.1,0.4,0.6712986870969335,0.5508680443726639,0.6866550501046377,0.5508761507043084
default,Evaluation,gdrom,131,62,74.1,0.7004618810941795,0.6489909224964514,13.6,-0.6,0.6159396581637337,0.4513069340853523,0.9005402908640112,0.4738813204265972
default,Evaluation,h06,131,33.8,77.3,0.9356526318460172,0.5516872644366577,-2.7,0.9,0.8854659551052176,0.40245778738919513,0.895607461472889,0.41079158589423137
default,Evaluation,natlake,131,145.4,80.3,0.3616052034394899,0.4401166253065898,-35.6,-4.8,-1.1133238940049761,0.35543214882575,0.6193594271871115,0.35825473506828287
default,Evaluation,rulebasedloc200,131,36.3,58.5,0.9286267483429665,0.8225745968476789,5.1,2,0.8682263741146279,0.6574875359852126,0.9043767619827399,0.6810334759832726
default,Evaluation,sdp,131,87.2,74.2,0.6369989291359607,0.6518065058097546,21.1,-1.5,0.23978462517774146,0.4488092297217846,0.8721033607457118,0.47378461404745476
default,Evaluation,starfit,131,217.9,73.4,0.2676420896802153,0.6554382675161942,-53.1,16.5,-3.7483182205018206,0.4612805017873439,0.43890255690981095,0.5192027209231165
default,Fitting,gdrom,131,38.1,83.2,0.9153146007445924,0.5585654520946974,3.2,-1.5,0.8551474172798424,0.3080401494098919,0.8809248451049041,0.35725326136666086
default,Fitting,h06,131,39.6,83.6,0.9059462199954739,0.45999336583966677,2.8,-0.5,0.8431364750458091,0.30097731992211885,0.8693545544506579,0.31591395521641036
default,Fitting,natlake,131,139.5,83.7,0.37726939677385507,0.4641923895967762,-34.1,3.2,-0.9450503881862384,0.2993088951950339,0.6584531639660485,0.31717444090968755
default,Fitting,rulebasedloc200,131,76.5,89.3,0.5896179075118602,0.6212563730127818,-5.5,-1.6,0.41453486530641015,0.2016257680481045,0.7302977915299291,0.3933130736077617
default,Fitting,sdp,131,48.4,83.1,0.880880429238535,0.5972428401582206,9.7,-2.1,0.7656465846864564,0.30972456840593865,0.8977209108337076,0.37974995194933514
default,Fitting,starfit,131,143.3,89.8,0.4822869520896029,0.5264326159106805,-33.1,8.7,-1.0539954815038532,0.1940487754004122,0.6627835330585464,0.30577533397691636
fitted,Evaluation,gdrom,131,30.9,85.9,0.9083652542604226,0.5296396639090588,-2.9,-1.5,0.9041948089320926,0.26276958280973317,0.9163262575993388,0.32311291389687113
fitted,Evaluation,h06,131,31.1,75.4,0.9456596491868497,0.6376597764217387,-2,0.7,0.9033746854560321,0.4314941927674618,0.9093617480531266,0.4574480516800587
fitted,Evaluation,natlake,131,46.8,82.7,0.7440640430903616,0.3911648702013524,-2.6,-2.7,0.7810055212945127,0.3166382679704761,0.8072439925243169,0.31762775930565496
fitted,Evaluation,rulebasedloc200,131,29.7,56.5,0.9250344823747823,0.8146619460725124,-2,-1.5,0.9120193111776723,0.6811170197379635,0.9175849384308808,0.6903823975247978
fitted,Evaluation,sdp,131,36.5,70.4,0.7801544625647044,0.6316881964185541,5.2,-3.2,0.8664306430715976,0.5040703618985519,0.9332535182762097,0.5086132477250678
fitted,Evaluation,starfit,131,163.3,74.1,0.32610088705537743,0.6647752976255075,-33.6,12.2,-1.6668945375834605,0.45095290354626205,0.45888067838688873,0.5011058710712726
fitted,Fitting,gdrom,131,29.3,78.5,0.9528096210027958,0.6296707174637761,-2.7,-1.2,0.9143930386317226,0.38423335232233446,0.9253006245580196,0.42897763151620244
fitted,Fitting,h06,131,37.1,83.3,0.914753515087643,0.5710901925126025,2.6,-0.6,0.8626891399353136,0.3063894653559558,0.8844400587346458,0.3627347308802885
fitted,Fitting,natlake,131,38.3,85.1,0.8145888476817293,0.34071953525994736,0,-0.5,0.8532974967383214,0.27499888897130476,0.8634107627262704,0.2753712263276441
fitted,Fitting,rulebasedloc200,131,41.2,84.9,0.9011733464456607,0.6483622230196604,-2.9,-1.1,0.8304054938066217,0.278496320131267,0.8588184378450507,0.42208869498377527
fitted,Fitting,sdp,131,31.3,75.8,0.948058290950821,0.627945987024596,-2.8,-1,0.9021709764323834,0.42560554286210106,0.9143628847888519,0.4500567139987199
fitted,Fitting,starfit,131,128.6,91.6,0.29739288652383455,0.5090245273584351,-20.4,4.6,-0.6553599259136329,0.1610431317564499,0.6154915765828062,0.27981918057434435
default,Evaluation,gdrom,132,79.2,74.1,0.7679418426833284,0.7195843625318319,-21,3.9,0.37308132177748954,0.4507460306208576,0.8133322129925572,0.5222336350923096
default,Evaluation,h06,132,68.9,89.7,0.7571490171932466,0.37656091499801536,-11.8,-0.8,0.5257351683470339,0.19605182855942216,0.6664710654787327,0.2287400462726822
default,Evaluation,natlake,132,70.4,88.3,0.4748889978517583,0.39486630875369755,-7.3,-1.4,0.5036067024254387,0.22066079188939092,0.6274380242842729,0.24799996570126256
default,Evaluation,rulebasedloc200,132,41.3,62,0.9076845201640785,0.7431977391972462,6.3,2,0.8297468731484565,0.6155590177112797,0.8755555658950277,0.620897545465534
default,Evaluation,sdp,132,96,107.9,0.4282803323652866,0.2126493301231166,19.9,-1.7,0.07899794996146237,-0.16434791424144524,0.48042791652233807,0.06646794150567484
default,Evaluation,starfit,132,249,95.3,0.14555659118838982,0.16523438133443225,-73.8,18.8,-5.203724929851019,0.0907525763126279,0.32796620492856005,0.15495823358180177
default,Fitting,gdrom,132,105.3,77.8,0.4559930254841704,0.631556536740373,-17.4,-0.6,-0.10919767095737276,0.3950355380461441,0.7191581764978281,0.4349913412999263
default,Fitting,h06,132,65.7,89.3,0.7429232275435949,0.40030236995996604,-4.1,0.1,0.5682051685815677,0.20281528071771737,0.7175880557803076,0.2403694374295601
default,Fitting,natlake,132,67.3,81.9,0.6387006544566108,0.4514323332642921,-7.2,-0.1,0.5476440944994749,0.32976575714839096,0.6242933571216969,0.33471071359047405
default,Fitting,rulebasedloc200,132,64.4,89.2,0.56333837114218,0.5832491771435662,0.9,-0.5,0.5852706262363159,0.203646088598326,0.8458527087362888,0.34267302961154433
default,Fitting,sdp,132,97.3,102.3,0.5828349011855383,0.4151768940066103,19.9,-0.8,0.05269230621472165,-0.04750154949608043,0.5994496936946776,0.17960773887376846
default,Fitting,starfit,132,196.8,96.2,0.1469042259913398,0.367413890592298,-42.7,12.1,-2.875640832389277,0.07403396140991836,0.5381667486007476,0.1883116183085116
fitted,Evaluation,gdrom,132,29.7,73.6,0.8887271531156516,0.7368480794168519,-4.7,-0.3,0.9119962181856316,0.45829803588970797,0.9373472158210057,0.546840446822357
fitted,Evaluation,h06,132,43.6,83.5,0.7714252158250413,0.43753714771650254,1.7,0.3,0.8094820181999975,0.302119603326533,0.8263393747239062,0.31109962223723364
fitted,Evaluation,natlake,132,56.4,84.8,0.6369600179157027,0.40228705106619755,-3,-1.2,0.681499019689893,0.280774420607381,0.7222355107964455,0.28829512761909226
fitted,Evaluation,rulebasedloc200,132,36.4,57.8,0.8717770636028697,0.7768638200650302,-5.3,-0.2,0.8674805157836193,0.6654834369338873,0.8974024582048861,0.6684068078312257
fitted,Evaluation,sdp,132,61.5,98.2,0.6831414694477298,0.26108381874765807,8.7,-1.6,0.621270502109253,0.03639042955516114,0.7047909069864093,0.1235938853796393
fitted,Evaluation,starfit,132,58.5,89.7,0.7080925573979833,0.4236869874754635,-7.6,0.2,0.6571867330888204,0.1952456107487226,0.7211342585304371,0.24585685813567731
fitted,Fitting,gdrom,132,34.8,66.9,0.8993228236039669,0.7470313570061637,1.2,-0.6,0.878708419654513,0.5525697250532657,0.8995160088326135,0.5779794683287667
fitted,Fitting,h06,132,49,81.5,0.8868733571998306,0.4997836988478066,6.3,-0.2,0.7602886611333197,0.3353748032170569,0.8288606644908881,0.34977906151196864
fitted,Fitting,natlake,132,49.1,82.1,0.8477902775041478,0.45654244509244235,0.2,-0.2,0.7589329630340017,0.3251739781035259,0.7610164236659054,0.3321278234517934
fitted,Fitting,rulebasedloc200,132,39.5,69.2,0.9052595330450763,0.7194494001601643,-4.1,-0.1,0.8439404826186809,0.5213369827702388,0.881475350715913,0.5462433538914063
fitted,Fitting,sdp,132,74.1,96.9,0.7465897788666689,0.4890087524607738,12.2,-1.1,0.45026709118031616,0.06066212801547677,0.7496420367592636,0.24485576355387537
fitted,Fitting,starfit,132,60.2,86.7,0.7763838539791232,0.4923164612281973,-1.8,-0.6,0.6374867291666211,0.24769806176426934,0.7399745277053933,0.29860906516674546
default,Evaluation,gdrom,133,156.4,52.8,0.14320973886654342,0.8611553849793996,-7.8,-0.4,-1.4478317325011174,0.7210412831051551,0.07680468102866295,0.7500704090251387
default,Evaluation,h06,133,479.5,57.6,-0.6524381924541864,0.6818626655165569,-26.6,0.8,-21.995813880519464,0.6685108116857341,2.586165952881957e-4,0.6759937211454069
default,Evaluation,natlake,133,167.2,60.3,-0.02463693830766367,0.7418828727585469,-0.5,-0.3,-1.797656327699233,0.6361659258571868,0.2056567517289655,0.637778698112096
default,Evaluation,rulebasedloc200,133,1062.5,81.5,-2.804521375479875,0.6463508398003028,-61.7,1.8,-111.92231531396295,0.3351447740132203,2.0523025367250104e-4,0.42351321737292735
default,Evaluation,sdp,133,236.2,59.2,-0.3221168274387316,0.8229995205500455,13.9,-0.1,-4.581904559491901,0.6492055942570183,0.01431671506608872,0.70435812328217
default,Evaluation,starfit,133,878.6,113.6,-3.922599519522242,0.4391781015505156,-40.2,12.4,-76.2087707256898,-0.29110815237763576,0.2384355084589858,0.24362721408239807
default,Fitting,gdrom,133,299.9,63.1,-0.9283926216662606,0.804430033346756,-7.6,1,-7.995114028715028,0.6016244185377524,0.02579008707089735,0.650712253512491
default,Fitting,h06,133,393.7,66.6,-1.87463607420792,0.6977889416866185,-7.2,1.1,-14.501789959729788,0.5569394111049669,0.0017423053664701361,0.5634723275234812
default,Fitting,natlake,133,172.8,56.9,0.08470579447258708,0.8248771714144028,6.8,0.1,-1.987383221448097,0.6764998342576065,0.024337174791501163,0.6912140614084118
default,Fitting,rulebasedloc200,133,325.3,64.9,-1.2972929962992237,0.7844991449719129,0.8,0.1,-9.587097542122608,0.5790614380482211,0.00300114815065316,0.6169061839734249
default,Fitting,sdp,133,192.1,55.3,-0.1966577123700337,0.8307705560661521,14.5,-0.2,-2.691631951566996,0.6937987108125809,0.01588980160521282,0.750153387760452
default,Fitting,starfit,133,408.5,76.1,-1.457663129129792,0.705257284890786,-18.5,2.8,-15.6904212751813,0.4204296080118777,0.08830256406624143,0.4998192015488957
fitted,Evaluation,gdrom,133,94.3,64.6,0.6954680821460673,0.792039179789416,3.4,-0.1,0.10991865356522112,0.5819743715599008,0.4878973243229371,0.6582086859276733
fitted,Evaluation,h06,133,233.6,66.6,-0.5986804272034782,0.7060770485501476,1.3,-1,-4.460403244923994,0.5560452751903386,0.10293157379249238,0.564669810169467
fitted,Evaluation,natlake,133,142,56.4,0.339442085059685,0.787532863451608,4.1,-0.3,-1.016931505531383,0.6817983771402036,0.25197508003907154,0.6842368402740411
fitted,Evaluation,rulebasedloc200,133,310.2,55.3,-1.1397626588022765,0.7955506652471056,-5.2,1.2,-8.627465166950206,0.6940918628893873,0.014871798434956975,0.6964629050438941
fitted,Evaluation,sdp,133,234.4,59.7,-0.20155631281873698,0.8196863173427508,13.8,-0.6,-4.494329653494202,0.6436877315097719,0.012281773692845912,0.7016141984456181
fitted,Evaluation,starfit,133,909.3,61.3,-3.450418255313398,0.7896288883712066,-47.1,2.1,-81.70548487845589,0.623779041937581,0.010759224159580938,0.6421370646548187
fitted,Fitting,gdrom,133,282.2,69.1,-0.9219598948784884,0.7684556639709699,-2.6,1.2,-6.963423168046332,0.5230657957189376,0.0020924859561962028,0.599358679960119
fitted,Fitting,h06,133,253.7,61.3,-0.6360740949957715,0.8126263128759486,5.2,-0.8,-5.438630877963804,0.6242775348775456,0.013066525137839404,0.6606913320663481
fitted,Fitting,natlake,133,164.7,54.6,0.17185051027256804,0.8485592029691055,9,0,-1.7145980119287048,0.7017046717844279,0.031318464903866854,0.7209099672061505
fitted,Fitting,rulebasedloc200,133,148,53.1,0.1669215557935575,0.8443865272813371,6.6,0.1,-1.1910005442811458,0.7177426451908451,0.02881841187341258,0.7271536373910578
fitted,Fitting,sdp,133,191.7,55.2,-0.18247299809157158,0.8314011106119628,14.5,-0.2,-2.673979284447447,0.6947701421595789,0.017259929366682678,0.750678185651582
fitted,Fitting,starfit,133,342.9,66.7,-1.4157887595364453,0.7651763578723578,1.2,1.8,-10.76279845773044,0.554818402018674,0.027770627366182302,0.5918739930324785
default,Evaluation,gdrom,148,51.6,78.1,0.789263833200184,0.6569358632666913,-10.7,1.8,0.7334610343016009,0.39036652498529334,0.8308291061256651,0.44830738194166236
default,Evaluation,h06,148,43.3,80.3,0.8884895562807318,0.5732595244507164,-2.6,1.4,0.812394393241069,0.35565034053918865,0.8196580121682644,0.38769659818315394
default,Evaluation,natlake,148,70.4,86,0.5447422773083033,0.45287692259242385,-10,-0.5,0.5044391235386351,0.2603727515709907,0.6147075292131461,0.2891656872791998
default,Evaluation,rulebasedloc200,148,54.5,72.4,0.7461284008898867,0.652711032479441,-4.3,3.2,0.7026855616397092,0.47608421679759716,0.8232945863548515,0.49226509767743715
default,Evaluation,sdp,148,85,89.2,0.5253751190498741,0.5171508140095948,18.3,-0.7,0.2776591567745317,0.20478644654318134,0.5594902952911006,0.2950912471965812
default,Evaluation,starfit,148,57.2,83.2,0.7804967021158205,0.4734492996559876,-11.9,1,0.6730929242506742,0.30736107345480523,0.7891306852130978,0.32392410089692997
default,Fitting,gdrom,148,41.5,70.7,0.8886419365156936,0.7355111920323121,-1.2,-0.2,0.8277559418770186,0.49973312710383266,0.8538208787891927,0.5465242321644358
default,Fitting,h06,148,44.7,77.7,0.8283165982858676,0.7114889185068287,6.3,-0.4,0.7997786243418832,0.3967084308994824,0.8881469951965678,0.5175293494057013
default,Fitting,natlake,148,59.6,76.4,0.6976671675047357,0.5856454403551808,-7.7,-0.1,0.6448999261067743,0.4158968994434904,0.7237548145075958,0.4291752841621841
default,Fitting,rulebasedloc200,148,70.6,73.2,0.594604908839425,0.7380335154488848,4.8,-0.8,0.5019903613253156,0.4643660611511672,0.7803098133145167,0.5889001686511232
default,Fitting,sdp,148,87.4,84.3,0.637482505514196,0.665324034540891,20.4,-1.1,0.2355623610734523,0.2890473117502468,0.7312953987542613,0.46036302491928943
default,Fitting,starfit,148,45.7,79,0.8860988325996068,0.6593927149398653,0.9,-0.2,0.7910221262266893,0.37530834769297183,0.8164870004126276,0.444512483480604
fitted,Evaluation,gdrom,148,49.5,73.3,0.8710279263710821,0.6522051257040544,-8.6,2.4,0.7551863499618098,0.46323992209692544,0.820229951323517,0.48319444458758404
fitted,Evaluation,h06,148,44.4,82.3,0.8791156466057447,0.5592859268782394,-6.1,1.3,0.802458643126636,0.32220362688809734,0.8330498438266494,0.3642107614074242
fitted,Evaluation,natlake,148,51.8,81.8,0.7305705106197886,0.5116727121035851,-3.5,-0.4,0.7311365245100535,0.3303028349377296,0.750428601342373,0.3500683995913916
fitted,Evaluation,rulebasedloc200,148,32.9,68.6,0.8738766169394562,0.722408013931902,-6.8,0.2,0.8916787813301198,0.5293743213249467,0.9336009851392866,0.5523187000891959
fitted,Evaluation,sdp,148,44.3,83.3,0.8226076069735087,0.5444882735071819,1.1,0.9,0.804090201653249,0.3059202012053759,0.806999939424726,0.34940661522899275
fitted,Evaluation,starfit,148,52.3,82.2,0.7184425171759823,0.5277177529078936,5.9,-0.7,0.7269046650197382,0.32486986404004026,0.7709753329343493,0.35240241613203477
fitted,Fitting,gdrom,148,46.9,68.6,0.8838195325991682,0.7248205183421208,-1.9,-0.2,0.7802679757678413,0.5288392527428526,0.7910899965405794,0.5531683302194086
fitted,Fitting,h06,148,39.7,76.3,0.8559947427704218,0.7087188653242004,4,-0.2,0.8421438699436298,0.41750744930705186,0.8936247328406401,0.5022976490514282
fitted,Fitting,natlake,148,39.5,77.5,0.9161753596109365,0.6693861971195054,3,-0.4,0.8437141241141817,0.3997337923911084,0.8568089996385355,0.46007071191217797
fitted,Fitting,rulebasedloc200,148,40.6,63.6,0.9105299261368863,0.8020789323635047,-1.2,-0.4,0.8348526020313447,0.5958163106275169,0.8509772043752133,0.6556333458917016
fitted,Fitting,sdp,148,45,79,0.8932835783433779,0.6807649253807524,1.2,-0.7,0.7974680131568763,0.3758293832333157,0.8049846111676269,0.4644700327567171
fitted,Fitting,starfit,148,76.2,75.1,0.7553904854109935,0.7264562289559857,18.5,-1.3,0.41952275805686323,0.43655536033137365,0.8173678287730576,0.5711992120156425
default,Evaluation,gdrom,182,150.9,73.7,0.3362350928891066,0.7374006738497205,-38.2,2.2,-1.2780914602963196,0.4573352539146869,0.26586812591158265,0.5527068662675239
default,Evaluation,h06,182,99.2,68.8,0.5632101237626431,0.694047013365651,-8.2,0.7,0.015714856907686148,0.5270813477230014,0.418217711832703,0.5398701380202853
default,Evaluation,natlake,182,104.9,69.4,0.5235849417627505,0.7655600122459566,33.1,0.3,-0.0997411123861982,0.5184467957024723,0.6721366361831422,0.5907116500437746
default,Evaluation,rulebasedloc200,182,108.2,72.9,0.4716466464705862,0.7402158810471879,20.8,1.6,-0.17180681960110644,0.4687618710230689,0.5690570825517771,0.5899987608475876
default,Evaluation,sdp,182,165.3,75.2,0.283000856120431,0.7194038764622985,57.2,1.5,-1.7328019338711393,0.4349769488293713,0.5455212869400548,0.5854746481760852
default,Evaluation,starfit,182,133.6,71.8,0.367787235172094,0.696643749230013,-25.1,1.4,-0.7859833104536627,0.48393290322544635,0.20818620140284164,0.5143437490651545
default,Fitting,gdrom,182,114.2,62,0.47553842563081916,0.7699020839926282,-13.5,-0,-0.30451628050172097,0.6161061184610959,0.3350496882972298,0.6278640317471669
default,Fitting,h06,182,108.6,70.9,0.4231676301345184,0.7478969050154196,0.6,0.3,-0.18002366272903414,0.4967124724526142,0.46072383031316744,0.5593903971297237
default,Fitting,natlake,182,125.1,68,0.4921490225526407,0.768937698856486,36.7,-0.8,-0.5649272977080593,0.5377324329460846,0.5142147006033749,0.6360732818603069
default,Fitting,rulebasedloc200,182,145.2,71.2,0.19682931017328953,0.7433824484386202,23.1,-0.4,-1.1096075765641138,0.4932603858110305,0.4013088035357909,0.6202382227975988
default,Fitting,sdp,182,177.5,71.2,0.32896097858392614,0.7339904764224903,55.9,-1.4,-2.151892583041117,0.493210897920641,0.40703109945077265,0.6333019269722846
default,Fitting,starfit,182,141.3,74,0.2885539365511318,0.7355471242576317,-18.6,0.3,-0.9970277395135048,0.4518892209120504,0.2003347248168105,0.5485242090837734
fitted,Evaluation,gdrom,182,61,79.5,0.7936532035438023,0.6964194748713428,-10.8,0.9,0.6279833931664653,0.36817227600633695,0.7145121800324967,0.5373261601443203
fitted,Evaluation,h06,182,106.3,74.2,0.15866225860211824,0.6561069215976708,14.5,0.2,-0.1311756541445992,0.449841164117313,0.08689811069954155,0.4759335692861694
fitted,Evaluation,natlake,182,77.9,62.6,0.4378354372937503,0.7710014121372377,-7.6,-0.1,0.39322652974564876,0.6077786815834635,0.44671006967402194,0.6226164259349457
fitted,Evaluation,rulebasedloc200,182,57.7,61,0.8096266859485077,0.8160218674680425,-3.9,0.4,0.6674118329557139,0.6273066654409809,0.6874236839947522,0.6671565926117
fitted,Evaluation,sdp,182,79.6,67.6,0.7135641799521009,0.7478746602234847,13.2,-0,0.36634732505936474,0.5422666973085657,0.5564590561323969,0.5731057382125243
fitted,Evaluation,starfit,182,100.2,70.7,0.5090234715013628,0.7003705995382415,-3.6,0.5,-0.004030240526477824,0.5001917619361032,0.2607394567470689,0.5250247846499767
fitted,Fitting,gdrom,182,87.8,60.9,0.6464352105617479,0.7939326476016703,-10.3,0,0.2297921601267493,0.6291449360018952,0.4382742382801107,0.6465677289669851
fitted,Fitting,h06,182,99.2,63,0.20426792931775384,0.7740774880332347,12.8,0.9,0.01630376612678519,0.6026403046185771,0.15693908606761217,0.6208459205556152
fitted,Fitting,natlake,182,83.5,65,0.40782776499379636,0.7916164131415567,-4.7,-0.2,0.30183061875376205,0.5770469712380379,0.32020907343062804,0.6278834781689022
fitted,Fitting,rulebasedloc200,182,81.2,57.8,0.6717196944990731,0.8271129861428193,-0.3,0.2,0.34124435457444946,0.6653398280090305,0.4512518432397969,0.7206054155934335
fitted,Fitting,sdp,182,98.7,73.9,0.5876826709275729,0.7375098620494255,15.1,-0.4,0.024809792060855873,0.45395624010805946,0.49912421048836453,0.5568741187455771
fitted,Fitting,starfit,182,105.7,74,0.4978438626490229,0.7339924143263903,2.7,-0.2,-0.11829127505921444,0.45179008138127186,0.26644599629883636,0.5429275609301896
default,Evaluation,gdrom,192,172.2,51.4,0.26380235651487904,0.8014592888062679,-69,9.1,-1.96566008307936,0.7353517999972785,0.6556559412491708,0.7382462849983364
default,Evaluation,h06,192,80.1,33.2,0.5992314532492529,0.9434182885682886,-9.8,-1,0.35831519862251493,0.8897294816956808,0.6807889159895085,0.8922610288271198
default,Evaluation,natlake,192,53.2,22.4,0.8259869641249181,0.9527945235494982,3.4,-0.1,0.7169998980698773,0.9500063725354869,0.7268361515602981,0.9541410069228542
default,Evaluation,rulebasedloc200,192,70.5,24,0.6256972918763075,0.9653338483063093,-19.3,1.3,0.5025543930676426,0.9423486603953236,0.8495612663003813,0.9442696397974533
default,Evaluation,sdp,192,164,32.3,0.13047526927894815,0.9041062733496049,62.1,-1,-1.6893025967868027,0.8956745840390411,0.3237799062824267,0.9123402121211668
default,Evaluation,starfit,192,110.2,34.9,0.37626047506155225,0.8949623977001736,-17.1,8.5,-0.21514313571539279,0.8784845951204192,0.5673994708610725,0.8861954677631656
default,Fitting,gdrom,192,159.8,64,0.31196007380551083,0.6764068963181235,-63.9,12.2,-1.5540856877666696,0.5907050217317947,0.5868219981507625,0.5954546859725228
default,Fitting,h06,192,65.7,42.8,0.7664285414908837,0.8584936715005459,-4.3,3.6,0.5679401469856313,0.8163566246011642,0.6818631632231242,0.8166708027900922
default,Fitting,natlake,192,51.7,35,0.8088336254142786,0.9279653276147266,-1.2,-0.1,0.7325843840801284,0.8774208713249774,0.7336264575046886,0.8781910500640048
default,Fitting,rulebasedloc200,192,41.2,24.5,0.8002010491830265,0.9526515050775743,-10.1,0.4,0.8302092085364039,0.9400480760934653,0.9236731663361876,0.9400839631246595
default,Fitting,sdp,192,125.6,35.6,0.2900203693217681,0.9054348133313486,45.6,-1.3,-0.5781777693262109,0.873196103838988,0.4738847054128119,0.8904565361293196
default,Fitting,starfit,192,90.6,38.8,0.5759409154531596,0.9072577698936833,-16.4,4.9,0.17925638971402447,0.8490844906410108,0.6078943715740386,0.853046026173481
fitted,Evaluation,gdrom,192,47.7,22.7,0.8519824577060182,0.9542391491150837,-1.7,-0.1,0.7723350134925733,0.9485090918566015,0.8169046364312177,0.9524740783725181
fitted,Evaluation,h06,192,54.3,27.9,0.8386058096045791,0.9593483396351767,7.5,-0.8,0.7049827088457787,0.9219086340115941,0.7731199517076914,0.9242876910370018
fitted,Evaluation,natlake,192,45.3,19.9,0.8965907006979913,0.9540402602781688,2,0,0.7950891152681596,0.9603297860405533,0.8075100873909649,0.9639765939637135
fitted,Evaluation,rulebasedloc200,192,44.9,19.3,0.8382931461116988,0.9590089456058397,-3.9,0.7,0.7984915482428079,0.9628887155267806,0.8522025512909128,0.9657978419756462
fitted,Evaluation,sdp,192,93.3,23.7,0.5977366414433889,0.9321731500002672,34.5,-1.5,0.12871603490023154,0.9436080187596272,0.7521421618063632,0.9510535574556895
fitted,Evaluation,starfit,192,76.4,22.9,0.6532632790368368,0.9385271042121134,6.9,1.8,0.41617971698415535,0.9474222000291646,0.6622233936784275,0.9534806979090844
fitted,Fitting,gdrom,192,23.4,21.8,0.8839684611597595,0.9564900115191537,-4.1,0.1,0.9453457968316205,0.9522808099286159,0.9688304219467131,0.952428807988776
fitted,Fitting,h06,192,56.3,31.3,0.7817636875449832,0.9272855172024386,14.3,1.3,0.6830458412808651,0.901774347739516,0.7850657683428341,0.9018132624704066
fitted,Fitting,natlake,192,41.4,33.6,0.8876113486368925,0.9341913638748764,0.6,-0,0.8282846547738745,0.8871931513974817,0.828927762914984,0.8878761692001982
fitted,Fitting,rulebasedloc200,192,30.1,22.1,0.9399446487800923,0.9739598766786748,1.5,0.1,0.9094217456328532,0.9511909804392853,0.9172576726442375,0.9514474682888161
fitted,Fitting,sdp,192,90.6,28.6,0.5574251928153647,0.9434286501649713,31.5,-0.8,0.1788034373692705,0.9184720468585281,0.679536575004569,0.9247471673414815
fitted,Fitting,starfit,192,68.5,27.2,0.766617077497455,0.9539887193592561,10.9,-0.4,0.5309306463121068,0.925771419168957,0.6671967934624513,0.9299333539248482
default,Evaluation,gdrom,198,32.7,61.7,0.8289920837159264,0.7747173689439919,7.6,-2.1,0.8932743343687858,0.6192403537166615,0.9826300065187596,0.6326189475722614
default,Evaluation,h06,198,61.3,88.8,0.783628958581282,0.5754521359901632,16.3,-3.1,0.6242591723844024,0.21140918969005063,0.9590410784954269,0.33814363584604473
default,Evaluation,natlake,198,140.1,86.4,0.37052431252098883,0.4879819730635714,-36,-4.2,-0.9643160624994538,0.25413457019405516,0.6934362286462646,0.30160630698414276
default,Evaluation,rulebasedloc200,198,73.6,78.8,0.7341188137404087,0.7038038041021407,19.4,-2.5,0.45841935947355583,0.3781682411057191,0.932548317697122,0.5222009181632599
default,Evaluation,sdp,198,73.4,80.9,0.715728980000153,0.6753022075979516,19.7,-1.6,0.4616456073177605,0.34607933266439195,0.9628152555528797,0.4567182350029897
default,Evaluation,starfit,198,256.3,74.4,0.26065983958893046,0.5204514946173839,-72.1,12.3,-5.572188036190264,0.44572127532061256,0.7008036083258155,0.4694654183290005
default,Fitting,gdrom,198,23.9,65,0.864488384228173,0.7221124009761866,-4.6,-0.1,0.9426354781104535,0.5778232015357145,0.9706598871800346,0.5853144356384238
default,Fitting,h06,198,69.7,105.5,0.6451196231060603,0.48163845379341597,29.9,-1,0.514218864044091,-0.11355111076984015,0.8692378354488491,0.23827398700236138
default,Fitting,natlake,198,92.4,82.6,0.24029026320429647,0.5006528822834178,-24.5,2.8,0.14563801456192027,0.316956809322572,0.5288658221640724,0.33918060349730594
default,Fitting,rulebasedloc200,198,34.1,96,0.8242790627889364,0.5804085691432047,13.2,-1.4,0.8835331564147854,0.07742309394718339,0.9672798178489548,0.40646863883906964
default,Fitting,sdp,198,30.6,93.9,0.8219936091141005,0.5617766731871565,11.6,-2.1,0.9062199375728117,0.11732033463488667,0.9786211319830727,0.3162552359241321
default,Fitting,starfit,198,72.2,90.3,0.6037367755742449,0.44437396654797257,-20.5,21.7,0.47882989356220373,0.1852074728918217,0.817070070105851,0.2980263186978464
fitted,Evaluation,gdrom,198,18.6,62.4,0.9359043250481043,0.7752747865426979,-4.1,0.9,0.9653522722820128,0.6107662661630522,0.988584244360895,0.6265397698535418
fitted,Evaluation,h06,198,44.5,81.1,0.8851742690361352,0.4662753456331782,-9.5,-3,0.8017656317324762,0.3419753790097567,0.9176613746712455,0.3481996160036701
fitted,Evaluation,natlake,198,44,87.7,0.8209764255106689,0.27100305837198946,-7.7,-2.4,0.8061733857398125,0.229835185021804,0.8857153103531247,0.23077091104451608
fitted,Evaluation,rulebasedloc200,198,22.3,67.4,0.8485797626666715,0.7785587062353068,-1.3,-0.6,0.9502987965585984,0.545169239345239,0.9706442206591418,0.6127342641399263
fitted,Evaluation,sdp,198,24.1,66.5,0.8396115874855592,0.6895992628541422,2.6,-2,0.9417230610344428,0.5576240280253323,0.9704577401808053,0.5626888367465916
fitted,Evaluation,starfit,198,68.3,70.4,0.8196107322322831,0.6799304211766521,14.9,-2.7,0.53271040675447,0.5046695394654067,0.8081781423376775,0.520794055682951
fitted,Fitting,gdrom,198,15.1,51.4,0.934112163194008,0.8672467585030329,-6.2,1.1,0.9771581499820498,0.7359113986165677,0.9925886022933749,0.7529932763061044
fitted,Fitting,h06,198,51,79.7,0.8070043543697627,0.5314670432081181,6.4,1.7,0.7399818505884883,0.36466138713678886,0.7559154725483449,0.37884016610238025
fitted,Fitting,natlake,198,55.3,85.5,0.6532737253703104,0.36623301121053586,5.4,0.8,0.6939774486090862,0.26956011413056935,0.7328292943938158,0.27327388053873186
fitted,Fitting,rulebasedloc200,198,13.3,65.2,0.9549209565142824,0.7913943193193802,-1.6,0.8,0.9823541648273663,0.5750875685723524,0.9845065553119399,0.6288437545035962
fitted,Fitting,sdp,198,13.2,68.8,0.9444397498579972,0.6649059982148535,-0.7,-0.1,0.9826229779327066,0.5262917000444012,0.9865800050381962,0.5316941274282109
fitted,Fitting,starfit,198,51,80.9,0.6404385737841054,0.610176867296546,-0.7,7.9,0.7398677335711112,0.34528746007430755,0.9042598853567616,0.4090449362082309
default,Evaluation,gdrom,210,293.1,85.5,0.033872300104238695,0.45895141162612385,-55.1,2.9,-7.593664038928486,0.2684477420045456,0.656770815233506,0.29618574492895045
default,Evaluation,h06,210,324.6,103.5,-0.16277685824590304,0.26821202555814605,-60.4,5.2,-9.541292263174917,-0.07228632865854934,0.6517655826134193,0.10207748842179835
default,Evaluation,natlake,210,284.7,71.9,0.3271452288002057,0.650761270281911,-56.6,-1,-7.105276566940715,0.483536121952286,0.8284539153696439,0.4957945625694334
default,Evaluation,rulebasedloc200,210,40.7,65.7,0.8688331674864456,0.7439095869367501,3.6,1.2,0.8342193426269194,0.5681603870705305,0.8932320319497364,0.6980931648595735
default,Evaluation,sdp,210,213.6,91.7,0.004024452295638636,0.5027659086645306,-34.3,-4.6,-3.56465580237825,0.15857570773031737,0.5847622147919075,0.2745904416437186
default,Evaluation,starfit,210,189.7,71.4,0.5198585335254691,0.6721009202980033,-36.6,-2.4,-2.5990545784724026,0.49059902259153376,0.7922474866617788,0.5079841472820639
default,Fitting,gdrom,210,294.4,97.1,-0.07074275570501332,0.31240533326342224,-51.6,23.6,-7.667089561412247,0.05654783949593489,0.4834831575505508,0.17067187913136342
default,Fitting,h06,210,317.3,101.8,-0.2983269627565166,0.15122147967318633,-54.8,18.7,-9.068279397765401,-0.03644514032916968,0.5345126015523445,0.07614388730636888
default,Fitting,natlake,210,278.5,81.6,0.3755859396163208,0.4529391961767978,-53,12,-6.755203184952298,0.33422015432272756,0.5526783010808991,0.3436521470913297
default,Fitting,rulebasedloc200,210,62.1,87.5,0.5983526320473377,0.6438546981629341,-1.3,-0.7,0.6143981414261128,0.2346426473079608,0.8436921679338216,0.4579674578844132
default,Fitting,sdp,210,218.9,101,-0.294025362519883,0.43999561805295495,-29.1,15,-3.7917624881077883,-0.020184308487816605,0.5581529723048783,0.21480186108813037
default,Fitting,starfit,210,198.5,82.8,0.4624598605336103,0.5006701636131503,-35.1,9.1,-2.9401919299815873,0.3140018027180369,0.5011396045977441,0.3405380216468508
fitted,Evaluation,gdrom,210,19,51.1,0.9779912828521318,0.8691602554699834,-0.9,0.3,0.9639265195268989,0.7389933389007968,0.966829294220253,0.7555501171088848
fitted,Evaluation,h06,210,48.6,84.1,0.7604612601596816,0.6412858452584833,4.4,-0.7,0.7635106853724352,0.2919828702960874,0.890500285989341,0.5491452837632371
fitted,Evaluation,natlake,210,40.2,80.6,0.8055244504881853,0.6652402048656836,2.1,-0.6,0.8383378046882436,0.3501180051736622,0.9047527741899711,0.57404653694573
fitted,Evaluation,rulebasedloc200,210,49.2,64,0.8690833081734097,0.7444220018012906,-6.9,2.4,0.7583083280743673,0.5905489107453513,0.8952383921171386,0.7176773010721637
fitted,Evaluation,sdp,210,32.3,67,0.9290465026323429,0.7649846559035156,2.8,-1.7,0.8953595379607748,0.5503657865017871,0.923193889169057,0.6578686883383345
fitted,Evaluation,starfit,210,101.7,54.8,0.6756673436244499,0.8266120181377743,-17.4,4.1,-0.0350176615892559,0.7000994335837951,0.8214270469779611,0.7100496077886975
fitted,Fitting,gdrom,210,42.9,62.7,0.8985856729301911,0.7795264646466126,-5.3,2,0.8158950579542468,0.6071910507194416,0.9023477359027385,0.6266441912450815
fitted,Fitting,h06,210,59,101.4,0.5676613897894723,0.5418131939489131,0.8,0.2,0.6516148392570621,-0.02933345100470297,0.8889289515569757,0.35545780041590835
fitted,Fitting,natlake,210,45.4,98.2,0.7634201076018788,0.5638515756742878,1.9,0.9,0.7936819951735521,0.034726954439401436,0.8851587068161207,0.3504797741570054
fitted,Fitting,rulebasedloc200,210,56.4,62,0.7865818006359162,0.8116541198456099,-7.8,0.9,0.6818294405068069,0.6160470018091984,0.8949798766806909,0.6654899280139843
fitted,Fitting,sdp,210,39.2,93.8,0.8992744074789537,0.5923820966742248,2.8,-0.3,0.8460562893924539,0.12030431857042168,0.8839814859406719,0.3660998701445225
fitted,Fitting,starfit,210,108.4,68.2,0.7138683714589495,0.6748484974175668,-16.6,5.7,-0.1761940456234088,0.5353586598832829,0.6144302253281607,0.5427732573073626
default,Evaluation,gdrom,293,85.7,47.3,0.6807225045655376,0.8860998054866887,-16.3,0.6,0.2652299447491099,0.7761463590389824,0.6700623154209057,0.7865124050251834
default,Evaluation,h06,293,181.7,71.5,0.2210409023595833,0.5592510851829402,44,1.5,-2.302353534972401,0.4887624200876808,0.13865811102319398,0.48940605904619633
default,Evaluation,natlake,293,150,65.2,0.4596445400108562,0.6940433215591817,39.1,0.5,-1.2518033340379993,0.5753711199736296,0.4013265104085765,0.5778789930524962
default,Evaluation,rulebasedloc200,293,248.3,76.1,-0.06979963513259557,0.7186631196949438,74.9,0.4,-5.168380737520584,0.4212033824438316,0.19941330380846103,0.5195647640806685
default,Evaluation,sdp,293,231.9,73.8,0.1079539776312407,0.7092858764653586,70.2,0.4,-4.381200179661682,0.4549134711094268,0.3367935102319417,0.5097601093227062
default,Evaluation,starfit,293,155.1,52.1,0.23248862747484877,0.8446102965640407,-36.5,2.2,-1.4077274728837446,0.7279739270331835,0.6071664363656131,0.7354374478326302
default,Fitting,gdrom,293,54.7,59.8,0.8515426580102375,0.8138675092945169,2,0.8,0.7003065157633206,0.6421504858608194,0.7313314846887278,0.6662611676141645
default,Fitting,h06,293,141.1,83.6,0.3587886767965236,0.4663608054144508,46.3,-1.2,-0.9925186802891546,0.3006270096342034,0.33825750547036465,0.317551458263699
default,Fitting,natlake,293,144,91.9,0.2920693538027759,0.5145741898471047,52.1,-1.3,-1.0742513246089014,0.1545442645146844,0.2982064024875219,0.27992063941016165
default,Fitting,rulebasedloc200,293,169.9,92.2,0.19882390910175585,0.601832330095889,61.8,-2.1,-1.8862073053044077,0.14890236131873413,0.43267785885980947,0.37442877249290696
default,Fitting,sdp,293,201.9,103,-0.049343003129976415,0.5112705213991632,84,-2.3,-3.0753261830448313,-0.061392051715625895,0.26032126720120335,0.2725394722031211
default,Fitting,starfit,293,87.6,79.2,0.5596369527165297,0.6933768357681181,5.2,7,0.23223450531912881,0.3730942113219493,0.6039632836857373,0.5000743820141907
fitted,Evaluation,gdrom,293,83.8,63.6,0.6586232029694021,0.7869464135609405,-8.7,1,0.2977202025751041,0.5951552652644997,0.4520764470276848,0.6248552098755086
fitted,Evaluation,h06,293,88.4,61.3,0.40095962160169174,0.6777408685000019,-3.5,0.5,0.2177026176430883,0.6245484489553765,0.25485628026455726,0.625901798885292
fitted,Evaluation,natlake,293,74.6,54.1,0.6319741884828931,0.7539456455050645,-10.2,1,0.4439307071725188,0.7074309021901135,0.5446860393367514,0.708388940513025
fitted,Evaluation,rulebasedloc200,293,69.3,50.1,0.7998492981913847,0.8707408831959085,-14.6,0.7,0.5198491360550312,0.7491251134142052,0.7493279930736205,0.7609503983722888
fitted,Evaluation,sdp,293,178,81.4,0.0854139939689803,0.4644066774970814,28.9,-0.3,-2.16811058292359,0.3375659519587779,0.13813036074958362,0.34314887149928824
fitted,Evaluation,starfit,293,184.4,50.2,0.2281941276855387,0.8416947938221118,-49.6,8.2,-2.4011498472599273,0.7478963939646828,0.5712680769335802,0.7598537135276568
fitted,Fitting,gdrom,293,65.8,63.2,0.7762862276771398,0.776298012249914,-14.7,0.9,0.5673421996805841,0.6002448666013895,0.6918327513213296,0.6205309243526917
fitted,Fitting,h06,293,75.5,67.3,0.5640620883250378,0.6206133328547329,-1.2,-0.4,0.43019224382617915,0.54690333721372,0.4354879682546529,0.5471619604039835
fitted,Fitting,natlake,293,80,70.6,0.4213484705010033,0.6769449058618713,-2.1,-0.2,0.35933257968133125,0.5008829493033793,0.3617898617350173,0.5160890411300112
fitted,Fitting,rulebasedloc200,293,55.2,64.3,0.8374881577981723,0.7974969104894805,3.1,0.2,0.6956266254544483,0.5861029747674007,0.7140596687927558,0.6404206532116553
fitted,Fitting,sdp,293,133.2,90.2,0.3713086051800152,0.36650573413658205,34.5,-0.3,-0.7741406072343309,0.18575461611583566,0.322679760272688,0.220073829734002
fitted,Fitting,starfit,293,97.1,59.2,0.44204447860050544,0.7863461066650057,1.7,9.5,0.05766759518919473,0.6494566838841653,0.6000431701979126,0.6706605053165332
default,Evaluation,gdrom,300,43.7,83.3,0.8542617930138809,0.6565054227076033,1,0.3,0.8087619282295415,0.3054671120261757,0.8159182787135113,0.43126314490695783
default,Evaluation,h06,300,288.1,111.8,-0.1171768876591599,0.11937579608285065,29.5,-8.4,-7.302450910992009,-0.24983274521268584,0.43340594019409306,0.03167241226769038
default,Evaluation,natlake,300,262.1,79.5,0.6734542530348968,0.5493991062958813,-31.5,1.5,-5.871425452908424,0.36845195172658707,0.8407298664080957,0.3867090524708772
default,Evaluation,rulebasedloc200,300,332.4,123,0.1905927727026966,0.2563231844639885,37.5,-5.1,-10.04948868541229,-0.5140602707222217,0.4208207153197435,0.06668781017216142
default,Evaluation,sdp,300,398.2,145.5,0.4446740123753059,0.18356461233957178,47.7,-5.6,-14.858624418108937,-1.1168586830792582,0.5289433768038182,0.07071370647172373
default,Evaluation,starfit,300,34.9,73.9,0.9080134675864069,0.6321826314623911,0.4,-0.2,0.8779018640526106,0.4534851772743851,0.8788885920845598,0.46916738709777533
default,Fitting,gdrom,300,103.1,90,0.4688958926603647,0.588051074275439,2,-0.1,-0.06276433623681643,0.18915347800843185,0.5150665077510903,0.34614541520249476
default,Fitting,h06,300,452.7,101.5,-0.5300228877558932,0.5027904569215564,38.7,0.8,-19.50110852155806,-0.02999222768079801,0.36862117296666713,0.2542716297207032
default,Fitting,natlake,300,318,67.9,0.3406443643182625,0.5952489343594438,-28.8,5.8,-9.112544063899797,0.5382100624824662,0.6176944708703583,0.5445727184388572
default,Fitting,rulebasedloc200,300,522.2,88.5,0.10604207611144323,0.6262097102488333,48.2,-5.5,-26.269048442399345,0.21749177268221276,0.429372958497993,0.40394764085168405
default,Fitting,sdp,300,509.7,103.5,0.042785960766425046,0.5050325417358497,46.5,-5.8,-24.98873133544322,-0.07209875373467267,0.2958253444584479,0.2686650851075735
default,Fitting,starfit,300,76.6,68.7,0.6444644736065275,0.5775510254306773,-0.1,0.1,0.41367705128380616,0.5278776398733012,0.6547264802395303,0.5305824924724711
fitted,Evaluation,gdrom,300,67,101,0.8787337413857431,0.38985944082339374,-5.9,0.4,0.551493058260925,-0.02056920755067293,0.7995524778719136,0.1681340982680868
fitted,Evaluation,h06,300,173.2,108.6,-0.15644538157010124,0.0803026578937982,-7.4,-5.5,-2.0023558834585056,-0.17930634872111062,0.43953733477176044,0.027736731760221397
fitted,Evaluation,natlake,300,43.3,80.8,0.9163878769197106,0.5354999140761152,-1.9,-0.1,0.8125576353290429,0.34746708572630247,0.8438093374929367,0.36854593844248756
fitted,Evaluation,rulebasedloc200,300,158.5,113.2,9.384032294930122e-4,0.28929931073605974,5.8,-5.5,-1.5143322765188683,-0.28201567814627393,0.39620452643250936,0.08892522592312879
fitted,Evaluation,sdp,300,63.1,96.9,0.8696457113988393,0.5740905825101721,5.2,-2.1,0.6014120509306858,0.0603299766473695,0.7909043731543222,0.3639414536174997
fitted,Evaluation,starfit,300,444.1,97.6,-0.23814532354366613,0.08609605646879637,-49.2,9.9,-18.725344131266457,0.04695384621243004,0.11816722397343501,0.0849423116869634
fitted,Fitting,gdrom,300,120.3,74.2,0.40121860489856276,0.6766092499978456,-5.9,2.1,-0.4474157001153125,0.4498690232843411,0.5586588094713789,0.4865672997492816
fitted,Fitting,h06,300,297.5,97.3,-1.3226474723264863,0.27763895534739136,6.8,4.3,-7.85194475523984,0.05304937171693136,0.261627373845731,0.13582835564570478
fitted,Fitting,natlake,300,91.3,66.6,0.4579967652695308,0.5899391259803459,-0.7,0.8,0.16556054588448954,0.556614296960354,0.6570132309938481,0.5622809015148252
fitted,Fitting,rulebasedloc200,300,280,84.5,0.38444891512298796,0.6632879083149508,24.7,-2.5,-6.838845835896779,0.2863351759065642,0.5131269063938498,0.4566890845438102
fitted,Fitting,sdp,300,89.5,84,0.6305224639666499,0.6531190049895406,3.2,0,0.199629758361074,0.2946189383504001,0.5821557644560992,0.4271493052243778
fitted,Fitting,starfit,300,401.2,94.9,-1.7934969424176344,0.4145068233098099,19.5,4.7,-15.095116437845295,0.09879113978365273,0.156201009106951,0.20924561632815009
default,Evaluation,gdrom,305,164.1,49,0.16251733348316344,0.8807058658468581,-38.5,-0.5,-1.6935674606192856,0.759966804727922,0.1874771990576366,0.7791926230143116
default,Evaluation,h06,305,87.3,44.7,0.31278209365998455,0.8969339257220945,1.8,-0.4,0.2380353896130235,0.799718359340055,0.24187655573064487,0.817596668135447
default,Evaluation,natlake,305,181.9,54.8,-0.5578285979722573,0.7552998257447643,66.1,-0.4,-2.3111681583613475,0.700047369458964,2.163227517613435e-4,0.8054836325451364
default,Evaluation,rulebasedloc200,305,182.1,55.3,-0.501937730558704,0.7517409758211355,66.3,-0.4,-2.3179817770070437,0.6935813305093266,0.00663025336421018,0.8022227489108066
default,Evaluation,sdp,305,182.4,57,-0.5072548764337892,0.742250352206176,66.4,-0.4,-2.327140563731014,0.6754021488971135,0.006536495052638095,0.7929486171574347
default,Evaluation,starfit,305,183.7,60,-0.16607884798151828,0.8016061112658429,-46.1,5.2,-2.3763006750601936,0.6396795745032077,0.00485114941596311,0.7159688504749987
default,Fitting,gdrom,305,183.3,54.8,-0.02850882958746026,0.8243316594802652,-33.4,0.8,-2.3596233318022004,0.6995680587516718,0.03236342017087892,0.7612359599333928
default,Fitting,h06,305,98.3,47.7,0.24802368178462686,0.8807782198568689,-3.1,0.1,0.03374037603253277,0.7721101298594811,0.11971117817598904,0.7976030378498304
default,Fitting,natlake,305,176.9,59.9,-0.448955723278212,0.7348124747035667,63.5,-0.3,-2.1287782614673216,0.6406362973604717,0.002038959608190881,0.7688187062360343
default,Fitting,rulebasedloc200,305,175,60.1,-0.3073891721059838,0.7355506563087373,62.9,-0.3,-2.0621714700827223,0.6392584608843235,0.025815316352478718,0.7671625797454011
default,Fitting,sdp,305,177.9,63.3,-0.4464834355746192,0.7127399252267383,64.2,-0.3,-2.165117514261551,0.5991565625904512,0.004653311147844948,0.7498060472798193
default,Fitting,starfit,305,197.3,66.3,-0.29006410717118913,0.7610793019283417,-51.2,8.6,-2.8938100399745204,0.5603345467924808,0.03327272691740334,0.6718383881267067
fitted,Evaluation,gdrom,305,92.6,54.4,0.5854123562443396,0.8236684475614985,11.2,-0.3,0.1425871452276678,0.7044844958439063,0.3610796463144646,0.7666666380838886
fitted,Evaluation,h06,305,86.1,44.3,0.36061495174245406,0.8999115430602332,8,-0.4,0.2578715063007825,0.8037187105921011,0.29203729745246004,0.8199374408715211
fitted,Evaluation,natlake,305,113.2,46.9,-0.18830335634619133,0.8351493449854358,7.3,-0.4,-0.2821135264742982,0.7797560964148,0.00278777945727139,0.8314900259872169
fitted,Evaluation,rulebasedloc200,305,108.2,50.1,0.3486660515206361,0.8384929306682118,-7.2,-0.2,-0.17143794560199344,0.7492897257316224,0.1314634249894721,0.801139861721484
fitted,Evaluation,sdp,305,182.1,57.2,-0.5031870891704673,0.7392365715268858,66.2,-0.7,-2.3154693802846817,0.6725459532627315,3.0401804418482705e-4,0.7924884311820627
fitted,Evaluation,starfit,305,165.4,45.8,-0.06422473223086889,0.8700494184329973,2.5,1.6,-1.7355322109503728,0.7898572143814625,5.093393357024507e-4,0.8235465944707167
fitted,Fitting,gdrom,305,94.9,54.9,0.5290409801622784,0.8322153419453561,4.1,0.1,0.09950930895710619,0.6988861433935352,0.2843421683074961,0.7544557711498924
fitted,Fitting,h06,305,96.6,47.9,0.23651663685372848,0.8785378938941627,2.9,0.2,0.06710613812774147,0.770258384948207,0.12676078312022376,0.797283436821294
fitted,Fitting,natlake,305,109.1,47.1,-0.16976324177769175,0.8390714140355149,5.3,-0,-0.19094242000322525,0.7776781926711067,8.252409895581288e-5,0.8276275167225478
fitted,Fitting,rulebasedloc200,305,122.3,54.6,0.18598846594527185,0.8091250417037847,-12.1,0.1,-0.49564089536000555,0.701392572617787,0.041490408291592694,0.773502231675954
fitted,Fitting,sdp,305,177.9,63.3,-0.44635619926934256,0.7128281609092274,64.2,-0.3,-2.1650466595006415,0.5993324623208964,0.00466582814877101,0.7498873129302054
fitted,Fitting,starfit,305,193.2,53.5,-0.2136814062539314,0.816833533304125,-16.7,6.1,-2.7316689115743107,0.7135363844515469,0.0061587687611847144,0.7803994372372496
default,Evaluation,gdrom,307,48.7,70,0.8199509384587645,0.4977058098604138,2.4,-0.7,0.7627711756432074,0.510202868621149,0.8342612791305002,0.5343283286809671
default,Evaluation,h06,307,64.6,67.8,0.850046658296628,0.6843627973201696,9.9,0.2,0.5830870809374933,0.5399781042449397,0.8137863703162805,0.5467745434161864
default,Evaluation,natlake,307,199.9,63.1,0.24998503158367347,0.5776362528174658,-40.5,10.2,-2.9986388452526,0.6020586056428241,0.6167899692748411,0.645095887914316
default,Evaluation,rulebasedloc200,307,98,89.9,0.4805548655654839,0.32324074772607936,5.4,-3.6,0.038875698239363876,0.19104203261540853,0.5842750354378586,0.21125874718759224
default,Evaluation,sdp,307,194.9,110.7,0.17861088526874636,0.46549145755825294,38.6,4.8,-2.7979608891789245,-0.2251304231495861,0.47239148442310425,0.33690256998026386
default,Evaluation,starfit,307,63.3,71.9,0.8517921631636994,0.42700304629347086,9,0.7,0.5987094751306261,0.48221624104845673,0.7938482820046265,0.5424597567616131
default,Fitting,gdrom,307,27.8,74.4,0.9609678210434984,0.6196875271024447,1.2,-0.4,0.9228924246016733,0.44685661104925556,0.9293375698865958,0.4607664396460059
default,Fitting,h06,307,49.5,129.5,0.8506280113339161,0.27612492609570327,2.9,0.2,0.7552029861707396,-0.6782164106725559,0.8234899365845297,0.08818071347905036
default,Fitting,natlake,307,268.7,104.2,0.15644644157019094,0.45857862958369844,-46.6,6.8,-6.2207197427293925,-0.08540918435438094,0.34763928866715466,0.21440487990616774
default,Fitting,rulebasedloc200,307,65.9,146.3,0.8448457620953517,0.17721434376397716,8.6,-2,0.5654304090373141,-1.1411849999108061,0.8204546099483614,0.06714769378184321
default,Fitting,sdp,307,135.1,190.5,0.4650696303347376,-0.14804429853669276,20.8,-8.2,-0.8258479290780765,-2.6307242740676764,0.4826552497248557,0.02951033226046129
default,Fitting,starfit,307,42.1,83.9,0.9060594782664306,0.3703709790152869,1.1,-1,0.8223946176498754,0.2966714184537085,0.8419983674741085,0.2976009922250579
fitted,Evaluation,gdrom,307,51.6,68,0.7711925987410412,0.6200595293553157,1.8,-1.5,0.733997542025578,0.5375138012814461,0.8300043027388915,0.5378930362774464
fitted,Evaluation,h06,307,50.9,78.8,0.8553706354300327,0.3605958593482498,2.8,1,0.7404039122143455,0.37837871648244636,0.7971899131330694,0.4047485018892442
fitted,Evaluation,natlake,307,58.1,67,0.8645927178478348,0.5074266127252971,9,0.1,0.6623958843522784,0.5503304904338521,0.8362646583794863,0.5923833216371418
fitted,Evaluation,rulebasedloc200,307,92.6,77.8,0.5290692690936212,0.3592036875887794,-5.6,-2.6,0.14157790185575503,0.3946633088268757,0.6081498577533541,0.43789495658485195
fitted,Evaluation,sdp,307,35,72.8,0.9226093610769618,0.7430755069722808,2.1,0,0.8773684241162858,0.47056560407944925,0.8872208201385705,0.5567799534980484
fitted,Evaluation,starfit,307,249.9,98.7,0.19261475936795192,-0.11123616628392363,-48.2,14.7,-5.2465881410267095,0.02634281648162895,0.12438410753302506,0.06509204641206745
fitted,Fitting,gdrom,307,62.8,88.5,0.8417876565724027,0.5683167408361036,-8.6,0.9,0.6054199680488752,0.21625178070618012,0.8628877825150373,0.33240954679809426
fitted,Fitting,h06,307,55.9,88,0.8338020788735692,0.3058268335990636,-4.1,1.3,0.6877557227550455,0.2253628393768301,0.7896952261206024,0.23008412464467115
fitted,Fitting,natlake,307,39.9,84.7,0.8672756647823004,0.37493962478274256,0.4,-1.7,0.8411475661832603,0.28273006637835973,0.8421774620426599,0.2866046690355202
fitted,Fitting,rulebasedloc200,307,29.7,116.4,0.9450177824559904,0.3588871321641507,2.1,-0.2,0.9119041205544731,-0.35411016650356886,0.9257320202520888,0.13067910477322517
fitted,Fitting,sdp,307,42.9,163.5,0.907669438072586,0.05961441179639704,4.5,-1.4,0.815851524448329,-1.673097908013382,0.8774573833405097,0.0921232144319531
fitted,Fitting,starfit,307,194.5,101.4,0.3844388526210676,0.00231225044040384,-30.2,11.9,-2.7848932366213743,-0.028179255479758858,0.5097586976890642,0.06339667442972027
default,Evaluation,gdrom,310,298.8,56.6,-0.16606984091457444,0.8281133234326079,-61.1,0.4,-7.933420428637051,0.679878405403266,0.1363989514367373,0.6950865158764099
default,Evaluation,h06,310,384.3,57,-0.39548819734950547,0.8387351867919866,-91.5,0.7,-13.769857353911142,0.6750714099237729,0.015495294658957121,0.7161417093278669
default,Evaluation,natlake,310,140.6,56.2,NA,0.8234385304785395,24.5,-0,-0.9787678675719997,0.6836090245259638,NA,0.7453374583733197
default,Evaluation,rulebasedloc200,310,140.6,56.2,NA,0.8234368451587852,24.5,-0,-0.9787678675719997,0.6836077549424047,NA,0.7453375148811489
default,Evaluation,sdp,310,140.6,56.2,NA,0.8234393500329674,24.5,-0,-0.9787678675719997,0.6836095991368571,NA,0.7453373852879682
default,Evaluation,starfit,310,300.7,59.3,-0.1700733095669975,0.8126593955522521,-61.3,5.7,-8.047291637172057,0.6482270782173964,0.08728491460777385,0.6845102600772583
default,Fitting,gdrom,310,284.3,64.8,-0.19982975334709807,0.7698539710290477,-62.3,1.7,-7.082257002657574,0.5800142906387267,0.06182479701270859,0.607100566165225
default,Fitting,h06,310,336.6,64.7,-0.4157665200491738,0.7835902664140644,-83.8,1.2,-10.33209403076724,0.5816679445967687,0.019882250124825068,0.6173950901515776
default,Fitting,natlake,310,140.6,62.8,-0.3691051994271113,0.8069440090945172,27.5,-0,-0.978094479279056,0.605545413423354,0.002349322616051181,0.6582734421457516
default,Fitting,rulebasedloc200,310,140.6,62.8,-0.36904349323796737,0.8069804557949795,27.5,-0,-0.9780919926680938,0.605623237424119,0.002351317162681962,0.6583253243881216
default,Fitting,sdp,310,140.6,62.8,-0.36909595973486,0.8070235961747672,27.5,-0,-0.9781007254222203,0.6057152071660106,0.0023585495065603754,0.6583961252171546
default,Fitting,starfit,310,271.7,78.1,-0.41691771383073606,0.6992357616146427,-46.6,7.7,-6.381596682499083,0.38988168921459354,3.07492359185879e-4,0.5041956717387585
fitted,Evaluation,gdrom,310,128.3,57,0.31562915651088275,0.8398362020135093,-17,0.2,-0.6473679466366438,0.6750973997181287,0.12016593511322747,0.7110206737000537
fitted,Evaluation,h06,310,118.1,57.4,-0.11721867268773534,0.8376369811550353,10.1,-0,-0.39425684452670584,0.670747719469569,1.4660239510804702e-4,0.708800403585459
fitted,Evaluation,natlake,310,113.2,56.4,-0.3405606989203591,0.8333849863559757,-2.6,0.1,-0.28179908010923826,0.6817779326314057,0.0332392924537922,0.7338975484863686
fitted,Evaluation,rulebasedloc200,310,102.3,56.9,-0.5202668452569905,0.8235124578406674,0.9,0.1,-0.04733530612032788,0.6766574333687265,0.04681616878961272,0.7377274205225756
fitted,Evaluation,sdp,310,140.6,56.3,-0.4091065290805933,0.8233185565188873,24.4,-0,-0.9760247125598145,0.6830988820889954,5.024240665828338e-4,0.7448931715931657
fitted,Evaluation,starfit,310,242.8,56.4,0.04015403078000035,0.8304214389400693,-47.6,2.1,-4.898999545154198,0.6816497433352007,0.1978104183416285,0.6997276119067052
fitted,Fitting,gdrom,310,129.8,64.3,0.43966088071156206,0.7940111687465061,-25.4,0.3,-0.6851015644650613,0.5859821984505816,0.2696980398600109,0.6305876103291534
fitted,Fitting,h06,310,122.5,63.8,-0.15968063823291634,0.7834343925824496,11.6,0,-0.49991166349832206,0.5930414753735856,0.0025592616715471314,0.6210535340288448
fitted,Fitting,natlake,310,107.6,62.3,-0.32438122622547105,0.8036736820414834,-0.1,0.1,-0.1569347322232082,0.6116178460693267,0.014476451706889961,0.6462983088940601
fitted,Fitting,rulebasedloc200,310,102,63.8,-0.43683615872054893,0.8001348358874053,3.3,0.1,-0.040695798335069755,0.5934919836162782,0.011746811689032976,0.6421489433184608
fitted,Fitting,sdp,310,140.6,62.7,-0.37245312276668074,0.8073410639632477,27.4,-0,-0.9767450239339812,0.6064417881574988,0.0017652633491092753,0.6580326345720156
fitted,Fitting,starfit,310,237,69.6,-0.21989199582031094,0.7544695043974476,-39.4,3.7,-4.618632597393401,0.514894650409611,0.00538669708166537,0.5744516357501719
default,Evaluation,gdrom,319,105,38.9,0.1600606448956401,0.9224738059282519,67.4,-0.5,-0.10244192241920769,0.848445267977601,0.6702911264019085,0.8527494030369063
default,Evaluation,h06,319,153.5,54.5,-0.29444524572093633,0.7894742845057278,93.8,-0.7,-1.3555940458915137,0.7033917557581,0.05960566267049889,0.7040551586724854
default,Evaluation,natlake,319,174.5,48,-0.4226836860409129,0.8788366635064099,126.2,-0.6,-2.0441788552401903,0.7694663248470119,0.41669792658238675,0.7959911437806746
default,Evaluation,rulebasedloc200,319,225.5,49.8,-0.919302217819941,0.8630426709877986,166,-0.4,-4.085740766077501,0.7515224703251373,0.5375698689856656,0.7878330994227009
default,Evaluation,sdp,319,236.2,50.5,-1.1984342867039333,0.8599877960590874,173.7,-0.4,-4.581883548817205,0.745354813503505,0.007397826509143131,0.7833003591544888
default,Evaluation,starfit,319,94.3,41.2,0.5508481520137242,0.908912046712349,25.3,3.4,0.11124145085874948,0.8301573820290737,0.4079608960332775,0.8381331410882126
default,Fitting,gdrom,319,90.1,35.8,0.48974031511774074,0.9164937996597997,15.3,-0.3,0.18866044414739147,0.8721507683557876,0.316990680155797,0.8723761483156878
default,Fitting,h06,319,124.9,50.4,0.1433026003052431,0.8236651751427693,35.3,0.1,-0.5606000585286499,0.7459363648416479,0.07170020580322062,0.7465007801974686
default,Fitting,natlake,319,157.5,41.5,0.047821533065018684,0.9088597440421053,74.9,-0.6,-1.481834151987186,0.8277137993122585,0.4113905209435256,0.8424216686378196
default,Fitting,rulebasedloc200,319,210.3,41.9,-0.4281872736910186,0.8990422865131227,102.7,-0.9,-3.4254699177749037,0.8241188146286959,0.27353805494522865,0.8438982738909269
default,Fitting,sdp,319,222,42.8,-0.7068073657756955,0.8953689970407579,108.2,-0.9,-3.9308992813643604,0.8170025871439612,0.0021500921092191803,0.8382213333590142
default,Fitting,starfit,319,92.7,44.7,0.5881484477960588,0.8923862218860159,7,4.2,0.14096386644412373,0.8005581235045909,0.48579809258224055,0.814649926112763
fitted,Evaluation,gdrom,319,52.5,34.3,0.8014712614563018,0.9300303541231383,8.1,-0.5,0.7239297781554175,0.8822860152471795,0.7347782816105362,0.8918660541778535
fitted,Evaluation,h06,319,114.1,54,0.15261522929246585,0.7687183442641832,39.9,-0.8,-0.30149603304192074,0.708249319641276,0.09746970376238581,0.7083802559033688
fitted,Evaluation,natlake,319,63.7,37.5,0.5907025302491338,0.927742911669014,31,-0.4,0.5937374943467448,0.8591964640984555,0.7489134233274455,0.8627252277374573
fitted,Evaluation,rulebasedloc200,319,78.1,41.5,0.5409116901990798,0.9017808361875967,30,-0.8,0.3903733637317297,0.8274141838614035,0.530647403092037,0.8460229011396713
fitted,Evaluation,sdp,319,210,50.9,-0.771329374917173,0.8645200071493805,148.7,-1.7,-3.411602097413093,0.741048968266985,0.03597980356050259,0.7736540669277616
fitted,Evaluation,starfit,319,101.5,42.3,0.49620806663509043,0.9018838377582158,25.4,4.2,-0.030555645316850732,0.8209983759363783,0.32857696147570215,0.8304329393966644
fitted,Fitting,gdrom,319,57.4,34.5,0.7960898504932059,0.9401298512330447,-16.3,0.3,0.6704851982731593,0.8810949764086724,0.7849014304427406,0.8860136603375864
fitted,Fitting,h06,319,105.3,50.8,0.3920919224691427,0.7939655719096353,1.5,0.3,-0.10814842034287309,0.7418862668802835,0.15870018754008047,0.7420839333432169
fitted,Fitting,natlake,319,55,35.4,0.7796591527643109,0.9326295258177474,1.7,-0,0.6974411698487417,0.8745041818370543,0.6987859769349146,0.8763102789273455
fitted,Fitting,rulebasedloc200,319,66,39.7,0.7535302128250507,0.9140617459408363,8.5,-0,0.5642548177806966,0.8424731182526459,0.6095708879257533,0.8562090564774205
fitted,Fitting,sdp,319,190.9,42.4,-0.21077051703229888,0.9042764999925275,90.9,-0.8,-2.644745936378386,0.8203211786833358,0.14515130225520664,0.8367415800271187
fitted,Fitting,starfit,319,100.1,46.2,0.5462251766401831,0.8829939556034059,6,5.1,-0.0013336264898211603,0.7869683517022209,0.4059216799002293,0.8030311007193124
default,Evaluation,gdrom,355,119,52.5,0.36147470610138654,0.8261909863769713,-2.5,-0.4,-0.41736628095356476,0.7237864939262741,0.41256465460976577,0.7268859466288526
default,Evaluation,h06,355,270.6,74.1,-0.9318830702413516,0.7325087186633944,15.5,-3.5,-6.322560753786728,0.45092704378800463,0.42143779852190166,0.5779686792189375
default,Evaluation,natlake,355,120.7,61.7,0.33972431239070666,0.8007028658912508,4,-0,-0.4576941523749438,0.6187367186503168,0.4615699681089247,0.645515832208479
default,Evaluation,rulebasedloc200,355,364.5,69.5,-2.037502204108996,0.7637660090978299,-3.4,-4.1,-12.292961841784008,0.5171541939066597,0.21608320670601644,0.6059932743363042
default,Evaluation,sdp,355,426.3,60.4,0.1736175509314819,0.7164194951589089,48.1,-2.1,-17.174085246898155,0.6352354451429337,0.2215131468577422,0.776946956430206
default,Evaluation,starfit,355,158.5,55.5,0.1910218527715144,0.80588860177038,-9.6,-1.1,-1.5137233774940593,0.691835866846715,0.3496076160007723,0.6962573795826916
default,Fitting,gdrom,355,79.6,60.9,0.6860064883887409,0.817956027674511,4,0.1,0.366041770766226,0.6289690059308751,0.6255938393137548,0.6757980900737258
default,Fitting,h06,355,221,80.6,-0.527162616706401,0.6912851323482602,17.9,1.2,-3.8846611453975024,0.35019358564224423,0.5392520893662716,0.517907912156137
default,Fitting,natlake,355,95.3,57,0.6257132539147856,0.838118059362522,9.1,-0.2,0.0908118842572545,0.6752190855876385,0.6775645707179998,0.7025138705780147
default,Fitting,rulebasedloc200,355,278.5,68.8,-1.23293433352696,0.7622637344821358,18.2,1.5,-6.756163230159476,0.5268545998822249,0.5953083166707107,0.6330017426198303
default,Fitting,sdp,355,340.7,74.7,0.2512171060347682,0.6454960160653653,50,-0.2,-10.606824712813664,0.44167264859055866,0.44728999024228777,0.6763301186138886
default,Fitting,starfit,355,108.1,60.4,0.39905954460913895,0.7949319370039702,-6.9,0.6,-0.16805541984306793,0.6356988675027684,0.6234749260621572,0.6511933965305902
fitted,Evaluation,gdrom,355,85.8,49.3,0.6047229068355016,0.8658145583670994,1.6,-0.3,0.2632565995077295,0.7572783168023927,0.5869059871032211,0.7637366829241621
fitted,Evaluation,h06,355,227,53.7,0.24045521348189758,0.8516768451048723,-21.6,-0.5,-4.1528957684937575,0.711265478995718,0.11033032722819168,0.7503894824109302
fitted,Evaluation,natlake,355,106.4,56.2,0.5571734217963868,0.8443769796659085,-4.8,0.3,-0.13163823825803167,0.6845696860839765,0.40392495505263626,0.7161251792864969
fitted,Evaluation,rulebasedloc200,355,215.1,64.4,-0.49321226490154824,0.7914317933757669,-6.4,-0.9,-3.6279033777293206,0.5851163593569271,0.2637878666174063,0.6641549757187749
fitted,Evaluation,sdp,355,180,77.2,-0.20597458200083607,0.6666584597124615,5.7,-1.3,-2.2398264715675715,0.40419028094049625,0.35807696712676507,0.4600423261447371
fitted,Evaluation,starfit,355,120,56,0.3169835847518855,0.7456723313742735,-3.3,-0.3,-0.4403459103183365,0.6861674971531317,0.47751419648537724,0.6864510489373338
fitted,Fitting,gdrom,355,58.5,51.4,0.7148961373381642,0.8606384103494016,0.3,0.4,0.6579517366430434,0.735519503410502,0.7963609703118427,0.7714775934073584
fitted,Fitting,h06,355,102.4,62,0.578395534760467,0.7986724509196583,-6,-0,-0.04877189036098861,0.6159693965912976,0.3534295261778864,0.6940915164117164
fitted,Fitting,natlake,355,66.5,53.1,0.7697351720508355,0.8571746610084686,-0,-0.1,0.5583287136654131,0.7177748280155416,0.5962086775416016,0.7521826096361984
fitted,Fitting,rulebasedloc200,355,145.7,59.9,-0.11462509754048988,0.7975107956266202,3.4,0.9,-1.1229034448138662,0.6416599631602047,0.625553516538791,0.7235475695309462
fitted,Fitting,sdp,355,157.8,75.8,0.1054402698457717,0.7243239188674788,14.2,-0.5,-1.4904732781742918,0.4259407007279259,0.5584050940209134,0.5344519547698473
fitted,Fitting,starfit,355,80.5,53.9,0.552578081186927,0.7446726728740836,0.9,0,0.35184006912756427,0.709861390532774,0.6941207541387798,0.7119522793407995
default,Evaluation,gdrom,362,68.6,67.9,0.7780178058608808,0.7759297857111634,-19.4,-1,0.5297527075254301,0.5394347702238744,0.8173031251540113,0.6176328777210252
default,Evaluation,h06,362,126.4,89.3,0.5469070349442418,0.2797741564403864,42.8,-1.4,-0.5978934605554673,0.20237941415567395,0.7300042022302492,0.2078333116381273
default,Evaluation,natlake,362,72.8,87.6,0.3968151450697419,0.22174246793654384,7.8,0.9,0.469708441375175,0.23154205452757126,0.6520118011176881,0.2366985927616415
default,Evaluation,rulebasedloc200,362,100,67,0.4781183820798588,0.7676256717933059,11.5,-1.5,-8.66938683232954e-4,0.551177321776822,0.5703248311452929,0.5925199819102157
default,Evaluation,sdp,362,193.9,105.3,0.16465526787008689,0.06458531867054307,68.1,-0.6,-2.76055636178514,-0.10999149770882921,0.5400665473045771,0.03160185682795748
default,Evaluation,starfit,362,58.8,51,0.8188145043248578,0.8440235453805697,-16.4,0.2,0.6542192241274661,0.7400251958814625,0.8505154158422056,0.7440773083446005
default,Fitting,gdrom,362,36.6,59.9,0.8911749827751476,0.8042908092826185,-4,1.5,0.8658647859673847,0.6412599559930312,0.8927201447501347,0.6596298220721426
default,Fitting,h06,362,126.7,76.1,0.4405050963148096,0.5270075681945741,54.4,-2,-0.6043209360068478,0.4204747993502719,0.7740868203116532,0.4219743435867637
default,Fitting,natlake,362,72,75.1,0.5235133025649352,0.47149234489152014,18.6,-2.2,0.4816751731555309,0.43581109013216146,0.6968470339176805,0.44148746365278563
default,Fitting,rulebasedloc200,362,102.2,55,0.47976953172849635,0.7911140826168639,28.2,-0.7,-0.04509218402132431,0.6979609294298287,0.6571419861424189,0.699185388759865
default,Fitting,sdp,362,175.7,83.1,0.1428531719668109,0.5025804303544161,76.4,-5.1,-2.0871957300828674,0.3091886064317013,0.5735297665669432,0.33665855414786305
default,Fitting,starfit,362,34.2,49.6,0.9370302065904883,0.8173948752179256,0.2,0.8,0.8827485946541371,0.7538639575504162,0.8898286091254194,0.7539590820911445
fitted,Evaluation,gdrom,362,65.3,70.6,0.7950022274957488,0.6640163090521503,-7.1,-1.9,0.5735558375434375,0.5017216383261075,0.66850907511069,0.5130637709275032
fitted,Evaluation,h06,362,72.4,66.9,0.6851175060433022,0.6022465030930555,-18.5,1.7,0.47558883116235795,0.5524242827359076,0.7196370912587103,0.5552278291867592
fitted,Evaluation,natlake,362,73.3,88,0.48907851595982244,0.21409845491398016,-12.9,0.5,0.4627575090347583,0.22626536870599712,0.6473213863590448,0.23134578971723552
fitted,Evaluation,rulebasedloc200,362,51.5,62.3,0.8404403413049654,0.7871140459584492,4.5,-0.2,0.7342316566597462,0.6112435931838851,0.7956585505116023,0.6325816627827388
fitted,Evaluation,sdp,362,81.5,78.3,0.5281071718921742,0.40385173443539724,14.9,-3.3,0.3354043516429367,0.38719037983608506,0.4947368318747408,0.3978005595726576
fitted,Evaluation,starfit,362,54.3,51,0.824620965624096,0.8145241728019469,-13.6,1.3,0.7051577092334349,0.7402730847808732,0.83711605686582,0.7407639139213962
fitted,Fitting,gdrom,362,58.2,64,0.7453947440160245,0.6894258683954365,17.4,-0.6,0.6610127753612508,0.590905233755799,0.8013771198538702,0.5914802437620486
fitted,Fitting,h06,362,57.1,67.8,0.8236182011604085,0.612308019705365,-1,-0.2,0.6738703717580166,0.5408158492340074,0.7347581337763286,0.5411911343846069
fitted,Fitting,natlake,362,56.7,77.3,0.6651583577500347,0.4297842404715374,0.5,-0.9,0.6779027916343359,0.40166269347591443,0.6929904308718527,0.4081442300087251
fitted,Fitting,rulebasedloc200,362,58.7,52.7,0.7906863079294919,0.8071851402456864,17.2,-0.5,0.6557490034553155,0.7221075986441944,0.8180895865204612,0.722938428688906
fitted,Fitting,sdp,362,78.6,75.8,0.5724333232900888,0.48510290493577335,23,-1.9,0.3819503154308467,0.42493787359066393,0.6315493944844799,0.42638021817897404
fitted,Fitting,starfit,362,58.6,49.8,0.6942152042403282,0.7522466900013534,9,0.7,0.6568290625792657,0.7524410790104086,0.8288080416256363,0.7593909673271113
default,Evaluation,gdrom,364,881.3,110.6,-0.16818590451559956,0.4238117735536515,-89.8,1.6,-76.68761451411785,-0.2226822725487163,0.10236855237930258,0.18269383160472003
default,Evaluation,h06,364,316.9,116.5,-0.3263716287848544,0.05951498498925323,26.3,-1.6,-9.043832650893174,-0.35800548467360116,0.27799069593483783,0.011059664579981391
default,Evaluation,natlake,364,94.7,97.2,0.7226549223988865,0.3972968406554225,6,-0.1,0.10308833931726646,0.05527180367390894,0.535338711729785,0.1873202231752186
default,Evaluation,rulebasedloc200,364,394.3,99.2,-1.502281874921326,0.007045491766170309,-25.4,-2.8,-14.553842755043382,0.016493485940183295,0.23446931781521183,0.049254873951119486
default,Evaluation,sdp,364,586.7,137.4,NA,0.24010073716998437,59.6,-0.4,-33.42669302639308,-0.8872237265039664,NA,0.25968587749933564
default,Evaluation,starfit,364,164.9,86.2,0.4272709934026063,0.3745753687868034,-12.5,-0.5,-1.718734728376714,0.2572828973895347,0.373340561936734,0.26553111968551013
default,Fitting,gdrom,364,636.6,102.1,-0.19659539472668786,0.49014792076615554,-87.4,4.3,-39.538009709660614,-0.04349479252759636,0.0789771678345399,0.24228804331080583
default,Fitting,h06,364,303.6,102,0.027118612386403562,0.5094138108326554,36.6,1.5,-8.221778488804414,-0.04057089714016793,0.1325450992429933,0.2641278282093552
default,Fitting,natlake,364,137.7,87.8,0.5299535226091787,0.5591223777863585,13.9,-0.1,-0.8975634119866889,0.22868635951928062,0.3049221001851178,0.3286028097582267
default,Fitting,rulebasedloc200,364,306.1,97.4,-0.7191569025600926,0.5699707414878916,24.6,1.5,-8.371953836147018,0.05072484341664629,0.028745204734402292,0.35524099958901123
default,Fitting,sdp,364,461.5,125.1,-0.11112525655302252,0.31964043136977605,63.3,-2.2,-20.301404684279724,-0.565631664951983,0.029018880352326238,0.34555839651589515
default,Fitting,starfit,364,222.9,81.9,-0.3655438403396445,0.5799453222012575,10.3,0.9,-3.9715010291555934,0.32914036186038054,0.07903715689658448,0.3775735302231903
fitted,Evaluation,gdrom,364,208.7,124.2,0.1811208567863719,0.30140555655299894,-15.5,1.1,-3.3555989573994154,-0.5425085667338845,0.18237909731193647,0.09607566368680488
fitted,Evaluation,h06,364,98.3,114.1,0.2731703669963821,0.4443004427151199,-5.1,-0,0.0338215600482219,-0.3026454557889542,0.29308426041470237,0.2525217798522352
fitted,Evaluation,natlake,364,95,101.3,0.6493819408538515,0.45331317877359456,-6,0.7,0.09654247639451541,-0.025628174025666972,0.46633882967022455,0.20853117403508686
fitted,Evaluation,rulebasedloc200,364,142.7,101.2,0.12107178967979582,0.08329871221851715,-1,0.4,-1.0376597815203703,-0.025014661008259775,0.36523068222106,0.05204890485776269
fitted,Evaluation,sdp,364,575.8,138.2,-0.07996037187341076,0.22868106454157255,58.1,-3.3,-32.15833113007334,-0.9096441290904085,0.012741205553290315,0.2714813209424864
fitted,Evaluation,starfit,364,648.8,111.8,-1.5561722108656642,-0.04307276120270087,-57.9,8.4,-41.10926706949032,-0.25120233591265073,0.07518216810658343,0.005890703778635765
fitted,Fitting,gdrom,364,64.2,71.5,0.8110313991058286,0.7457942134103238,-2.4,0.5,0.5877750515624963,0.4893418222089806,0.6665692737544294,0.5563385777191058
fitted,Fitting,h06,364,118.8,101.2,0.24152179204248636,0.5391681768123332,4.8,0.5,-0.41254338091203513,-0.025341362161738434,0.06584378184292256,0.3190053727720032
fitted,Fitting,natlake,364,90.1,90.9,0.49156325242410015,0.5812708309664825,0.2,0.4,0.18730175621932543,0.17270383139407575,0.2750147038683218,0.3380936917044125
fitted,Fitting,rulebasedloc200,364,204.5,95.3,-0.24320875936783293,0.5871772034013958,5.6,1.4,-3.184457441108112,0.09192856733711474,0.03904073067591061,0.38018335026524397
fitted,Fitting,sdp,364,460.9,124.6,-0.09913693690238756,0.3261705842692405,63.1,-2.2,-20.246297482441765,-0.5530613236876591,0.027339086284790013,0.34330175321727974
fitted,Fitting,starfit,364,382.5,103.2,-1.9643688878702514,0.47052277186794345,-11.8,4.7,-13.634490217546617,-0.06605026680191028,0.06869402340396494,0.22332801432624097
default,Evaluation,gdrom,368,49.3,61.2,0.781146209515704,0.7457309570667965,-6.1,-0.6,0.757200944382864,0.6259124031662169,0.7807572742145009,0.6293716566128883
default,Evaluation,h06,368,303.3,90.4,-0.32106031408338476,0.16233217132870814,121.3,-3.6,-8.200741091357699,0.18250068222971094,0.3447836698840851,0.1851023201409366
default,Evaluation,natlake,368,151.2,72.5,0.3215428301880041,0.37696258419941275,57.2,-2.8,-1.2862428025632635,0.47383479179149035,0.4995643481831089,0.600369983497554
default,Evaluation,rulebasedloc200,368,256.8,56.9,-0.16444906741286647,0.8126906236732823,99.5,-3.1,-5.595141105737817,0.676457360632917,0.4776642158909443,0.6872407320480317
default,Evaluation,sdp,368,333.8,98.8,-0.47893597409203825,0.007813945057353333,136.4,-3.8,-10.144817138501597,0.023033377678571942,0.19330534801578786,0.049761459002936145
default,Evaluation,starfit,368,128.2,54,0.4499997439088025,0.732901790722025,-38.6,5.2,-0.6431665759167051,0.7078306236434178,0.4689555397113656,0.7123324843423043
default,Fitting,gdrom,368,50.8,62.1,0.7958677050909571,0.7650861712995831,13,0.2,0.7415281237709924,0.6148414678708232,0.775594741815,0.6253330835426549
default,Fitting,h06,368,235.8,87.8,-0.6523604848306368,0.444233024957441,155.2,-1,-4.560698372681839,0.2282093461074669,0.711151883023594,0.2693710558362175
default,Fitting,natlake,368,145.2,69.5,0.02450981649637929,0.5090865816312746,95.6,-4.3,-1.1073051313086242,0.516697214553471,0.7105247722733158,0.538488557043638
default,Fitting,rulebasedloc200,368,207.7,69.3,-0.4988547419345162,0.7583857083404547,107.8,-1.1,-3.3159709619540054,0.5198420445037453,0.5707014928195884,0.5756028591933188
default,Fitting,sdp,368,275.3,88.7,-0.8979560132379143,0.46982172065841277,187.4,-6.8,-6.577695997824263,0.2135737184884564,0.5674563204813216,0.2768049849008034
default,Fitting,starfit,368,190.1,74.3,-0.45297331469248014,0.6405926677831291,64.4,24.2,-2.614154153244599,0.44824387134916355,0.5557554272654168,0.5401328777082591
fitted,Evaluation,gdrom,368,49.2,61.7,0.804978635773204,0.7910550781908341,-8.7,1,0.7579706625433786,0.6187112671509176,0.8002102125911068,0.6391311695552359
fitted,Evaluation,h06,368,83.7,82,0.6178012630620764,0.32471301897558935,-1.1,-1,0.30002030154481396,0.32728939725085326,0.3909410321381534,0.3406104401840526
fitted,Evaluation,natlake,368,79.5,68.1,0.5599716768062912,0.443394475668729,-18.1,0.6,0.3672925779777164,0.5359079668450899,0.5474469781979051,0.6354107474547992
fitted,Evaluation,rulebasedloc200,368,167.4,61,0.2323620484217146,0.8048078696470895,62.1,-0.2,-1.8038167667118392,0.6272004469061169,0.6558255843909768,0.6524097549624377
fitted,Evaluation,sdp,368,201.1,85.3,0.12707205510498443,0.3570792305062137,79.3,-6.1,-3.0446252760171433,0.27223348050376317,0.43015843432283746,0.27633127784358574
fitted,Evaluation,starfit,368,140.2,55.3,0.4047714628966086,0.7467619571519837,-46.6,17.7,-0.9660448769179792,0.6940000489201448,0.48085398930431383,0.7154096775436612
fitted,Fitting,gdrom,368,45.9,62.5,0.8281309399769832,0.8006847403096257,-7.8,1.8,0.7895055633532169,0.6087846295820452,0.8016399546408128,0.643158992584526
fitted,Fitting,h06,368,93.1,89.7,0.5690415171289307,0.45260475836682323,13.4,4.7,0.13383824454113802,0.19552637300719322,0.5050139099531298,0.25988820587290207
fitted,Fitting,natlake,368,54.4,65.6,0.6686955450858654,0.5555881006761754,1.9,-0.2,0.7037121778466877,0.5689821139432114,0.7264391534100331,0.590956652287866
fitted,Fitting,rulebasedloc200,368,139.1,68.7,0.014208624436916617,0.7691211111883197,60.4,0.8,-0.9355403512502054,0.5281950355561259,0.6704416869518834,0.5944293133499662
fitted,Fitting,sdp,368,103.7,93,0.4181013386206358,0.2747467441642275,49.6,-1.2,-0.07507217432722202,0.1353764020066387,0.5977506762914254,0.16596482122327064
fitted,Fitting,starfit,368,173.2,78.1,-0.3229141180716526,0.5756137039866922,47.8,33,-2.0012037293968117,0.3898919191724911,0.5685635399369166,0.5413163819816593
default,Evaluation,gdrom,373,108,51.2,0.5000465888281094,0.8583051083830593,-2.5,-1.9,-0.16643717657589696,0.7378206505665255,0.3462971603767845,0.7754584418947628
default,Evaluation,h06,373,135.6,82.2,0.17333759507240065,0.663419897498883,-2.3,-1.1,-0.8384120049287427,0.32369094033766954,0.408247007810572,0.44041084413004955
default,Evaluation,natlake,373,158.2,71.1,0.37064595924177224,0.7543316467058081,-17.6,-0.1,-1.502808590274416,0.4947226948045351,0.6494750867074355,0.5734608997871444
default,Evaluation,rulebasedloc200,373,323.1,69.5,-1.1481111560778023,0.7450372236956033,-18.9,-4.8,-9.445296792001427,0.5173931285463071,0.04835432525234438,0.6426375992579764
default,Evaluation,sdp,373,129.9,82.1,0.5416359212828001,0.6746159953118025,11.8,-0.8,-0.6876298722958529,0.3259932350153518,0.40396314380003723,0.5283548671467637
default,Evaluation,starfit,373,469,58.9,-1.012516667902477,0.743099460179254,-54.2,7.1,-20.99950875813877,0.6532827803156869,0.10919006915701963,0.6582273704246911
default,Fitting,gdrom,373,56.4,60.6,0.7831555499393408,0.7880569135522627,6.6,0.8,0.6815279954291107,0.6327208047378197,0.7272561560080083,0.7225029872034764
default,Fitting,h06,373,107.7,89.2,0.52596308387254,0.6087512455330639,14.7,4,-0.15928609641142488,0.20381961929509962,0.3036155770535932,0.3738213160237528
default,Fitting,natlake,373,85.3,75.9,0.5567498343388605,0.722839095912001,-2.8,1,0.2727231015037087,0.4233483068333711,0.34493695676393726,0.5318494864005503
default,Fitting,rulebasedloc200,373,129,76.4,0.3358682275229039,0.6661425095510003,4.5,2.9,-0.6641965643207295,0.41627810806899657,0.1996700363161537,0.6347797848432034
default,Fitting,sdp,373,133.3,99.6,0.41051518366731665,0.552871983487234,30.6,-0.5,-0.7785157276787162,0.007994295000057772,0.2789204772075099,0.3903870284806127
default,Fitting,starfit,373,216.3,69.3,0.13317306941432505,0.7049333846852136,-55.4,20.4,-3.6781887947313976,0.5202836102583009,0.3755394800781302,0.6258133862291632
fitted,Evaluation,gdrom,373,64,54,0.8101049339508095,0.8550825662185757,2.2,-0.8,0.5898367378234046,0.7081416273053392,0.6648784883240132,0.7390662830838541
fitted,Evaluation,h06,373,180.5,50,0.17830923132319831,0.8396467828644926,-15.1,-2.8,-2.2571635153119534,0.7501974834932312,0.19960910604803275,0.7529511556658557
fitted,Evaluation,natlake,373,141.6,68.3,0.5440142730458437,0.7701330389122669,-16.2,1.2,-1.0051249803733535,0.5327233850925319,0.6569066859675959,0.624803051395103
fitted,Evaluation,rulebasedloc200,373,177,57.6,0.404744341947064,0.8127927846059742,-19.4,0.4,-2.133721157981794,0.6683880378708229,0.4053944011843078,0.7381510565452872
fitted,Evaluation,sdp,373,91.2,73.3,0.6257455066184128,0.7362355202479973,-5.4,0.3,0.16808381407137252,0.4631056691718094,0.5877001212051456,0.5431931280881838
fitted,Evaluation,starfit,373,311,61.9,-0.7688550827501981,0.7896248973342689,-27.4,2.8,-8.673684060884636,0.61628814529299,0.1583754094424143,0.6382127329582518
fitted,Fitting,gdrom,373,85.6,59.5,0.6704342356783913,0.8248348147526116,-8,2.4,0.2678000796453882,0.6464303523598782,0.4682320139314632,0.6900383624441336
fitted,Fitting,h06,373,77.1,64,0.5846800765786713,0.7985435395942452,-2.6,2.5,0.4059282501045267,0.5903718091407704,0.4269240584713734,0.6499464796209096
fitted,Fitting,natlake,373,84.4,74.9,0.4956935399812794,0.7229886176410765,-1.4,0.9,0.28678898313486034,0.4382989181417659,0.3203964129022693,0.5832178272463038
fitted,Fitting,rulebasedloc200,373,87.5,66,0.6243608121632032,0.7254085317053289,-11.6,2.2,0.23439616305654276,0.564247180100099,0.43203691741672967,0.7101184291312731
fitted,Fitting,sdp,373,83.5,74.3,0.5434372104186947,0.7310431092865033,9.2,0.2,0.3024095407603843,0.44846433682433684,0.4028935453417423,0.5369135523291659
fitted,Fitting,starfit,373,194.1,66.6,0.08151312755127904,0.7541017728697084,-42,13.1,-2.767004324303484,0.5569092121026258,0.3283135436034432,0.6433594949364853
default,Evaluation,gdrom,374,355.1,249.8,-0.5875888333635879,-2.3103018298947147,-91.2,314,-11.615267808601644,-5.2432099029282675,0.051766936792116476,0.05759831867996276
default,Evaluation,h06,374,365.5,185.3,-0.6750029129259589,-1.688133607586003,-95,257.4,-12.36318580978414,-2.4335212411180116,0.06601347910857341,0.056079517374165624
default,Evaluation,natlake,374,164.7,106.4,0.45605359205119866,-0.06928497207182849,-40,5.1,-1.714792312440104,-0.13343528953018358,0.44042246649503514,0.006658533277570568
default,Evaluation,rulebasedloc200,374,72.5,95.4,0.7542953469832252,0.28790765233350935,-6.8,-1.3,0.47415792932754963,0.08878314946830956,0.6408707235446872,0.15049891602384294
default,Evaluation,sdp,374,159.3,102.7,0.42475226065160143,-4.1844187229211904e-4,-34.3,10.4,-1.5389034209686585,-0.05400838106787553,0.44504657806768366,0.028819101317367757
default,Evaluation,starfit,374,280.5,157,0.06883653649217603,-0.6166753732556254,-71.5,144.6,-6.86967513572168,-1.464322854810204,0.16766684462687836,0.11787054465633626
default,Fitting,gdrom,374,258.9,158.5,-0.2557477689543266,-0.47493154800837645,-69.5,126.2,-5.704924700060817,-1.5124248625171934,3.095929990065225e-4,0.07121407776056084
default,Fitting,h06,374,270.7,124.1,-0.4408714696523963,-0.3299022123606574,-75.2,101.4,-6.326870719167847,-0.5393601492266273,0.05242698750645623,0.053181210268699555
default,Fitting,natlake,374,147.5,90.2,-0.016157444696299317,0.3754805728181684,-20.1,1.2,-1.1759164156152693,0.18659811833977702,5.240751213471524e-5,0.22364475245683416
default,Fitting,rulebasedloc200,374,124.9,82.8,0.1447579257052416,0.5288504536234131,8.1,-0.8,-0.5607374212127061,0.3141937727893833,0.024484727475543363,0.3469121601927737
default,Fitting,sdp,374,185.8,85,-0.1408442627860802,0.4874188900721532,-15.2,1.9,-2.4530476652628104,0.27684867743460984,6.292161629329047e-4,0.31093105135997956
default,Fitting,starfit,374,226.2,100.2,-0.19078959702145704,0.21645097010120817,-51.8,49,-4.119349785920179,-0.004569137199601725,3.496547326289593e-4,0.19529868880568685
fitted,Evaluation,gdrom,374,358.9,237.7,-0.519299953920271,-2.21950907093865,-92.4,308,-11.886996679059154,-4.651668827400389,0.02086027783002966,0.06052464686539478
fitted,Evaluation,h06,374,75.1,107.1,0.7485567384864453,0.298653794102793,7.2,-2.4,0.4361410816702689,-0.14829154539550826,0.5803751602107676,0.10348499573944155
fitted,Evaluation,natlake,374,82.8,108.3,0.6804323835415783,0.22835749931210947,12.8,-5.1,0.31364622967250666,-0.17222754450735644,0.5477983355396758,0.07184246680497353
fitted,Evaluation,rulebasedloc200,374,92.8,102.7,0.7039385987962719,0.34241275587178155,-16.8,0.9,0.13889863937544866,-0.05413591549528651,0.5715109689000865,0.13757334861223594
fitted,Evaluation,sdp,374,71.8,103.3,0.7467614583445408,0.2936118118245865,4,-4.5,0.4841682977700018,-0.06760060226419573,0.5628513770103277,0.11335108762307025
fitted,Evaluation,starfit,374,306,453.1,-0.18023688689701545,-4.630109944419728,-74.5,483,-8.3668556993193,-19.532266506879363,0.008113260965799418,0.09315034518370799
fitted,Fitting,gdrom,374,250.9,138.8,-0.27665763954284617,-0.13026228953222518,-60,90.5,-5.295998239750619,-0.9281298893570058,6.886566825300864e-4,0.12031865446010209
fitted,Fitting,h06,374,121.9,81,0.1976342580697864,0.5794882454564156,19.7,-0.1,-0.4854300751603451,0.34432541331860034,0.07095416090105584,0.3843468096711001
fitted,Fitting,natlake,374,126.7,81.1,0.06455562001113246,0.5891785466869727,22.7,-2.4,-0.606397343966405,0.34142686650699683,0.031030237421468352,0.38812876793754003
fitted,Fitting,rulebasedloc200,374,123.4,83.6,0.09046199257664556,0.5354240358439348,-8.1,0.1,-0.5219258282892796,0.30084912737346536,0.013193777101974178,0.3427796412306431
fitted,Fitting,sdp,374,119.6,80.8,0.16244562288167164,0.5719200685208607,17.1,-1.7,-0.4313855018180779,0.34709013607447003,0.05336423966221201,0.38257351352941554
fitted,Fitting,starfit,374,248.6,238.1,-0.22049854457727025,-1.3486102341455455,-60.5,196.5,-5.180689109895692,-4.668639432248112,0.004488502794946814,0.11602254500851032
default,Evaluation,gdrom,384,114.5,101,0.19955566955436088,0.5193518398392667,25.5,5.4,-0.31058334586067815,-0.02118672885611117,0.2845927362123827,0.2788708842584817
default,Evaluation,h06,384,97.9,92.7,0.38919772839822453,0.5401008978006245,15.9,5.8,0.042258126909441085,0.13957128917842154,0.2792164594398731,0.2994495909254
default,Evaluation,natlake,384,86.8,84.2,0.4234460149580275,0.45774625919228284,-8.8,5.3,0.24685227310864466,0.29058947408836633,0.3201948063999951,0.31082092985806814
default,Evaluation,rulebasedloc200,384,85.9,93,0.4898567048739614,0.602174874265731,15,3.6,0.2614941144516221,0.13412470337012872,0.4644306357509021,0.396530953673432
default,Evaluation,sdp,384,100,95.1,0.39749684758983717,0.5495150404214815,23.1,4.5,-9.764394155025169e-4,0.09444816658460953,0.5110028842863048,0.3045078335838459
default,Evaluation,starfit,384,212.1,71.4,0.21029229671553118,0.6143990730752804,-63.8,10.1,-3.501763045780871,0.4894629499451293,0.2889980076942789,0.501696157209818
default,Fitting,gdrom,384,117.2,87.6,0.13610979488686525,0.636510208613211,32.1,-3.6,-0.37402351220374697,0.23328397428535574,0.26421021756760354,0.4169312571471917
default,Fitting,h06,384,101.3,81,0.4486324631307841,0.6699204612932042,23.5,-1.8,-0.025665336293336338,0.3443527145600822,0.3314917430965674,0.44949200941334366
default,Fitting,natlake,384,82.7,76.9,0.37615977163190173,0.588536477043986,-3.1,-2,0.31582900197040786,0.4080636974552444,0.32177571737200333,0.4251207493177893
default,Fitting,rulebasedloc200,384,74.7,76.3,0.6019114606475892,0.7094094610610869,18.6,-2.3,0.44169132143101797,0.4177916071390273,0.6598905724793981,0.5807777510216418
default,Fitting,sdp,384,103.2,85.2,0.3829371438345378,0.6444797511573622,28.5,-3.6,-0.06560358695704949,0.27313028823642493,0.4267755524450326,0.41910614684040065
default,Fitting,starfit,384,135.7,72.9,0.40299833973115307,0.7195482385147586,-38.8,6.9,-0.8429194378696381,0.46869561850415864,0.4684226301229881,0.5322670614415586
fitted,Evaluation,gdrom,384,61.2,78.5,0.7912085720689905,0.6791957085293829,-0.7,1.3,0.6253857825696414,0.3828529208014586,0.6432060854476914,0.4641180071158729
fitted,Evaluation,h06,384,78.5,75.5,0.5693460122956373,0.6258410425911727,-5.2,4,0.3828779726762286,0.429115231344551,0.4192658267127822,0.4528293253051985
fitted,Evaluation,natlake,384,80.9,83.8,0.5374533309265201,0.4774248105438429,-10.2,2,0.3450128900295737,0.2967832889009704,0.43927090457666407,0.3187636630131855
fitted,Evaluation,rulebasedloc200,384,95.6,92.3,0.5971478055521086,0.5963141514488731,-9,0.5,0.08498742419614458,0.14801452883532273,0.38299983692624207,0.36165462295469186
fitted,Evaluation,sdp,384,73.7,86.2,0.7338000955296506,0.5419553333220148,-6,0.2,0.45694757248855644,0.25720536715705977,0.5491916754599642,0.3272466459943714
fitted,Evaluation,starfit,384,196.6,75,0.2555580435183352,0.6498767971419106,-57.1,9.8,-2.8643511500535386,0.43791369860409757,0.27348230479034197,0.47738514347384964
fitted,Fitting,gdrom,384,57.1,67.5,0.8211079996236372,0.7780850933554725,-9.2,-1.8,0.6739462077588659,0.5449538280542134,0.7704981904769472,0.6204925074810292
fitted,Fitting,h06,384,69.9,72.6,0.547929894403057,0.7180880816894339,0.3,-1.7,0.5109004452122946,0.4729289831555744,0.516159395168403,0.5234764937746411
fitted,Fitting,natlake,384,82.6,77,0.37146058878088273,0.5928943791790942,-2.4,-2,0.31680934593420373,0.4064220644595411,0.3205280197376074,0.42550504319721083
fitted,Fitting,rulebasedloc200,384,68.5,73.6,0.6135742887114364,0.7248785466923922,12.8,-2.1,0.5301457188609835,0.45776700506586754,0.6391562740769046,0.6048655038120823
fitted,Fitting,sdp,384,56.4,70.9,0.6779244272739426,0.7160956744577878,3.7,-1.8,0.6813973639306544,0.4966103094952452,0.7025996719334398,0.5318846441324512
fitted,Fitting,starfit,384,128.5,72.4,0.46253948344336726,0.7379498089549498,-38.6,7.2,-0.6522537218446478,0.47527149194783,0.5156546757818874,0.5661413519424142
default,Evaluation,gdrom,386,17.3,62,0.9439489997795303,0.8088816944452949,-5.5,0.2,0.9701838890343949,0.6160765718703698,0.9791090608556929,0.6786869360966313
default,Evaluation,h06,386,67.1,68.2,0.679335342926696,0.687476788426215,-28.8,20.5,0.5497211816681242,0.5352054368480588,0.8290067021403971,0.6465792757196979
default,Evaluation,natlake,386,87.2,65.4,0.536200402904061,0.6990770267458666,-42.9,10.7,0.24022536628772317,0.5718687234598974,0.7722720765998106,0.5806570247137509
default,Evaluation,rulebasedloc200,386,13.1,56.1,0.971867281562385,0.8004148979976901,-1.6,0.1,0.9828658218953664,0.684931138855352,0.9844948038360732,0.7637751602096963
default,Evaluation,sdp,386,90.3,69.9,0.5259878408792731,0.5530446093715775,-45.9,29.1,0.18449036394070606,0.5117182532728175,0.8221059129735935,0.5255575817472782
default,Evaluation,starfit,386,44.3,64.9,0.7685073879230263,0.7598965610083801,-21.3,11.8,0.8036994313797403,0.578677034475968,0.9481639988520262,0.6574191476786696
default,Fitting,gdrom,386,17.1,72.5,0.93912462154166,0.7370162346932485,-5.1,4.4,0.9708754756021298,0.47471058608149497,0.9795725358864471,0.5493027679719252
default,Fitting,h06,386,59.5,83.5,0.7364786706923232,0.5843967467863762,-23.1,23.3,0.6462675016481954,0.30239213621878835,0.8201298492288731,0.42979437319225455
default,Fitting,natlake,386,88.9,88.7,0.47058421167195397,0.4838881250963707,-45.7,18.1,0.20968685507192608,0.21275015400960784,0.7784741013094308,0.2990838354789469
default,Fitting,rulebasedloc200,386,12.8,78.1,0.9588702758396509,0.7066143697885434,-3.5,3.4,0.9837308815030538,0.39031438101251104,0.9877132170390975,0.5128218787204993
default,Fitting,sdp,386,63,100.9,0.6689610348839845,0.18683352418359167,-31.6,38.6,0.6034060996031648,-0.019267849063667297,0.8877726909193584,0.123695506292667
default,Fitting,starfit,386,27.3,83.4,0.8529455443904678,0.6109378506617726,-12.4,19.8,0.9255539982003024,0.30470877733381196,0.9747872559529889,0.44452322451981235
fitted,Evaluation,gdrom,386,18,51,0.918290930931359,0.8581041206958947,-8.1,5.1,0.967430718168612,0.7399955238590363,0.9865548855751832,0.7541763024632919
fitted,Evaluation,h06,386,34.4,57.8,0.8530941125940112,0.8125443518434567,-12.2,0,0.8816868064835905,0.6660647472345124,0.9361877054723152,0.6786545808563262
fitted,Evaluation,natlake,386,16.8,56.2,0.9779916719282392,0.8010595476303655,-1.4,-0.9,0.9716815629217241,0.6844778441585629,0.972310471798014,0.7627720370582335
fitted,Evaluation,rulebasedloc200,386,11.7,54,0.9782808473546298,0.7994201027552245,1.9,-0.2,0.9862873313856982,0.7078329752671506,0.9875631575238798,0.7856254676069613
fitted,Evaluation,sdp,386,37.5,52,0.8189622762720631,0.8420237447565256,-17.7,7.4,0.8593259215227123,0.729038469590739,0.9527762282413289,0.7430982071331046
fitted,Evaluation,starfit,386,129.3,113.1,0.31181598717765246,-1.0362990659125124,-63.9,192.5,-0.6728612436838162,-0.2795643028843433,0.5565624741741719,0.1631471717531976
fitted,Fitting,gdrom,386,33.8,71.9,0.8316246666148879,0.7298681762781307,-15.8,10,0.8854055692024504,0.4832388851927484,0.9523033409061096,0.5641709588754239
fitted,Fitting,h06,386,23.7,78.9,0.9011293293986158,0.6526329932207477,-6.6,8.4,0.943815433867117,0.37809768358661433,0.9633940576120329,0.44848909548239113
fitted,Fitting,natlake,386,15.6,82.7,0.9651098794611417,0.6671048937642292,-1,-1.9,0.9755730140327401,0.31527031070839795,0.9761951872024135,0.4480312697177381
fitted,Fitting,rulebasedloc200,386,10.9,78.3,0.9841794270061834,0.707871602387873,-1.4,0.9,0.988180333384105,0.386894839679656,0.9888036533942068,0.5177834654864846
fitted,Fitting,sdp,386,29.1,82.8,0.8364157497847816,0.6727486937618743,10.8,-5.5,0.9150649841217557,0.31416616614982174,0.9558696409088884,0.48642234778457577
fitted,Fitting,starfit,386,147.2,149.6,0.0753092717757885,-1.5191199202245533,-76.3,241.2,-1.1661345543695187,-1.2382308754724742,0.3825446933485617,0.07746851523579354
default,Evaluation,gdrom,387,189,43.5,0.03935405891716459,0.8551822764943973,-48,0.8,-2.5719878836189287,0.8108243303331878,0.11681440996735,0.8109050585730111
default,Evaluation,h06,387,150.7,48,-0.31867652652206613,0.773024797719803,40.4,0.5,-1.272961541691505,0.7696798779478139,0.017894375030340942,0.7750588316759746
default,Evaluation,natlake,387,184.1,51.3,-0.34789469310932053,0.8404573134149996,62.5,0.4,-2.3920207710703085,0.737157735752185,1.5754925086551257e-4,0.7409410063385137
default,Evaluation,rulebasedloc200,387,206.1,49.2,-0.4179858169709634,0.8573036994089044,75.5,0.5,-3.250932259283446,0.7574348419631913,0.061546163259286246,0.7614531236350419
default,Evaluation,sdp,387,195.5,60,-0.5400243050103288,0.7702274242046275,56.4,0.4,-2.824565110798829,0.6400918305607655,0.1569051414615385,0.6460066539733228
default,Evaluation,starfit,387,125,43.9,0.37123819148321224,0.8635619403175663,-14.8,7.8,-0.5619857405313531,0.8071735216711158,0.31025245046153666,0.8376525316863418
default,Fitting,gdrom,387,134.9,51.1,0.28272524887040684,0.8429065422028794,-22.1,0.4,-0.8192251715459171,0.7390467322807601,0.16352529226538062,0.7430422729621657
default,Fitting,h06,387,139,53,-0.1445951356212909,0.7729542468085076,59.4,-0.1,-0.93357727297776,0.719423907449582,0.030138741875237834,0.7197262427540444
default,Fitting,natlake,387,181,55.8,-0.4161027194494731,0.809789451645019,95.5,-0.8,-2.276157692575531,0.688305847849187,0.024237330130564082,0.6941243081534838
default,Fitting,rulebasedloc200,387,172.1,56.3,-0.05174874734495383,0.8279240526920062,82.4,-1,-1.9627625142179728,0.6828409387242134,0.1204649802740218,0.6968639264415158
default,Fitting,sdp,387,182.4,61.7,-0.42187052174754025,0.7584462289819842,86.8,-0.8,-2.3277988143657864,0.6197088574503942,0.003865280371772605,0.6271137526121111
default,Fitting,starfit,387,103,52.3,0.529838055924059,0.8071578554949035,0.9,13.1,-0.061817695374204895,0.7268843984480281,0.33365459566264233,0.7812779206854703
fitted,Evaluation,gdrom,387,85.1,42,0.6548348379856715,0.9025922789274949,-4,-0.2,0.2750149632824541,0.8236160290555387,0.5099431028196041,0.8266990168620545
fitted,Evaluation,h06,387,115.9,45.5,0.11536634417828828,0.7757007553471785,-13,0.5,-0.34393014450545456,0.7927481700943505,0.031259785326305904,0.8015249522897319
fitted,Evaluation,natlake,387,104.5,44.1,0.16814086722641275,0.8479596646221562,-16.8,0.4,-0.09196667415487525,0.8051094882647263,0.11079126956715327,0.8052133832214304
fitted,Evaluation,rulebasedloc200,387,83.5,41,0.6791897126037529,0.9155036324117227,-10.9,0.2,0.30334270425230847,0.8319783073834706,0.538511805696034,0.8423051014132291
fitted,Evaluation,sdp,387,121.2,49.6,0.14354121631566674,0.8034724384784234,19.4,-0.1,-0.468184923877794,0.75349188793120625,0.042080288138711994,0.753684918755557
fitted,Evaluation,starfit,387,159.9,43.5,0.16623082959802882,0.8730151363980142,-29.9,8.5,-1.5566070422661964,0.8104140378317362,0.15700329066368487,0.8230329697973467
fitted,Fitting,gdrom,387,94.5,50.4,0.5621808159977458,0.873291192935819,7.3,-0.3,0.10636983939900624,0.7455702625282736,0.3235867765068496,0.7628406457701429
fitted,Fitting,h06,387,95,49.8,0.2595344674430825,0.778948699638216,0.3,0,0.09774228495043036,0.7517683688402601,0.14426029618399047,0.7538615945880462
fitted,Fitting,natlake,387,88.9,50,0.21712128483834592,0.8171040034135039,0.6,-0.1,0.20947100265207497,0.7499102669517476,0.2101207382695185,0.7500018809314954
fitted,Fitting,rulebasedloc200,387,72.7,43.5,0.7289300843888404,0.905908218854378,-9,-0.1,0.4712601094859171,0.8110128182442038,0.5540238576419326,0.8222101927600435
fitted,Fitting,sdp,387,111.4,50.7,0.27083653648103123,0.8099742864368598,43.1,-0.5,-0.24111828345123354,0.7428610935017885,0.2522029137946367,0.7429437295694489
fitted,Fitting,starfit,387,121.3,51.7,0.38915719505300594,0.8005193918607947,-15,15.8,-0.4726274109401345,0.7330293038448352,0.2382050093506564,0.7712648466227171
default,Evaluation,gdrom,391,60.7,31.6,0.7223861556932147,0.9358644435585532,22.8,0.1,0.6316620815531405,0.9003504157351313,0.7852070005593499,0.9005028694421184
default,Evaluation,h06,391,140.9,45.2,-0.03399935226628026,0.8822523527091153,62.6,0,-0.9860754432882475,0.7960615392443475,0.1686717335792658,0.799085697648518
default,Evaluation,natlake,391,147.2,37.7,0.0903153757092372,0.9195210991741932,78,0.2,-1.1680221049161323,0.8581833213153294,0.7000968569285463,0.8706356991932906
default,Evaluation,rulebasedloc200,391,188.1,40.3,-0.2629567669112429,0.8930664033538304,97.9,0.1,-2.5376341176545543,0.8377490142330103,0.409659472292511,0.8605759054653305
default,Evaluation,sdp,391,174.2,48.7,-0.13180930532291857,0.882159700285921,85.6,0.2,-2.033871388781919,0.762549608423936,0.1564438505263098,0.7796341938309629
default,Evaluation,starfit,391,171.2,56.8,-0.07004815570368472,0.7233341887472904,-65.8,21,-1.9316707767347063,0.6767384394438811,0.024452633203819844,0.7895462119916972
default,Fitting,gdrom,391,76.9,39.8,0.6295543026860364,0.9176760364528684,22.2,-0.2,0.4092011340447056,0.8412053215151911,0.548604905158436,0.845306916091018
default,Fitting,h06,391,144,46.1,-0.033617579047476864,0.8868237229212315,67.1,0.1,-1.0727732230064468,0.787337777319577,0.1250576310235528,0.7936164300373459
default,Fitting,natlake,391,159.3,43.8,-0.014864324769016335,0.901856553029295,88.8,-0.7,-1.5368464980993788,0.8082326370066839,0.5008821012523903,0.8238903943534581
default,Fitting,rulebasedloc200,391,171.9,49.8,-0.002332042217330521,0.8626210205767345,73.1,-0.9,-1.9555584492549234,0.752033586408008,0.11281306767630908,0.7886326394345684
default,Fitting,sdp,391,181.6,49.3,-0.1991171642365448,0.8789649202999473,96,-1,-2.299356514045582,0.7568231522814449,0.1397258942286483,0.7741504250228842
default,Fitting,starfit,391,163.6,59,-0.013074994449346233,0.7065340926783966,-49.7,22.5,-1.6770652011515947,0.6515543394371381,0.01749489241650415,0.7798372972974452
fitted,Evaluation,gdrom,391,52.5,32.8,0.8491305838630292,0.9413284882395666,2,-0,0.7243116504861199,0.8922911867327824,0.7351057911633391,0.8934328971317446
fitted,Evaluation,h06,391,100.4,44.8,0.29445562480113385,0.8880370201027041,-2.3,-0.1,-0.007590197085256989,0.7988733253700433,0.1254565927469027,0.8027918605852746
fitted,Evaluation,natlake,391,54.4,36.5,0.7057959879241589,0.9321416577586759,-4.5,0,0.7043988397425464,0.8665911116711623,0.7197402497559613,0.8735890789777286
fitted,Evaluation,rulebasedloc200,391,76.3,39.5,0.6005264346525132,0.900865702335689,2,-0.2,0.4178569436957271,0.8440857273820203,0.43607034806028117,0.8637372469621518
fitted,Evaluation,sdp,391,111.9,42.8,0.37736970033553674,0.9055314775013342,48.3,-0.6,-0.2524079567986033,0.8170747356237403,0.44948322288008363,0.8229704922503887
fitted,Evaluation,starfit,391,150.6,43.7,0.08316767453318874,0.8573071544254544,-54,7.6,-1.2682495819327495,0.8088410678483822,0.06788340204263497,0.8443094825368748
fitted,Fitting,gdrom,391,58.8,37.1,0.8241151567115634,0.9298483854296238,3.1,-0.1,0.6542750870119161,0.8619909459614002,0.6838883226451807,0.8656831082161774
fitted,Fitting,h06,391,101.6,45.4,0.3277385960514979,0.8922146796873114,4.2,0.4,-0.03159546250563272,0.7935095532889234,0.13597959281292554,0.8004041703088011
fitted,Fitting,natlake,391,64.3,36.9,0.6523733491935266,0.9319639105251678,2.4,-0.1,0.5861223193754994,0.8636180085419348,0.5881474276981286,0.868901211460408
fitted,Fitting,rulebasedloc200,391,79.2,44.1,0.602112929350849,0.884443923884037,9.1,-0.4,0.37244345901200393,0.8052763568727194,0.42514871094127304,0.8317973994483563
fitted,Fitting,sdp,391,115.9,39.8,0.36225709360427216,0.918565640733886,51.8,-0.6,-0.34428052218306493,0.8415293918380534,0.4115801258106451,0.8460779136514136
fitted,Fitting,starfit,391,137.3,44.7,0.19487205282905917,0.843704334442754,-37.3,10.1,-0.8865611216712432,0.8003956273772224,0.08419497007256391,0.8405714414472941
default,Evaluation,gdrom,393,59.5,64.2,0.7948899304313277,0.7988366728401428,5.6,-0.1,0.6456974869667118,0.5883485479033757,0.777174435704996,0.64451087787438055
default,Evaluation,h06,393,128.9,94.8,-0.0049218533279273835,0.5775368579130126,7.4,-2.8,-0.6630006064465479,0.10191611170598702,0.7920495555770759,0.34234897061204655
default,Evaluation,natlake,393,121.3,80.5,0.662021886769006,0.5821116974015674,-14.4,0.8,-0.47287574972786994,0.3511875730040437,0.5917810254043979,0.38910006958650867
default,Evaluation,rulebasedloc200,393,231,96.9,-0.8085425562529471,0.5707197537151772,-6,-6.3,-4.33747694446508,0.060465988688235495,0.395270121916769,0.3607988966888527
default,Evaluation,sdp,393,130.4,104.4,0.12983443575839437,0.4746917607431457,7.1,-2.8,-0.7018162518963587,-0.09054235105977759,0.621012388750523,0.22748290190182893
default,Evaluation,starfit,393,494.6,88.6,-0.26502035286680914,0.4322190826658926,-72.8,23.9,-23.4650273900194,0.21496938579765945,0.4904803034612382,0.31370617020207753
default,Fitting,gdrom,393,67.7,51.7,0.6779432623170032,0.8567916655982069,8.6,-0.3,0.5416467653579948,0.7325157925672797,0.6787016654333665,0.7713840483880096
default,Fitting,h06,393,105.1,85.9,0.44952540188746404,0.6482484554710237,13.2,-0.3,-0.10414682237065964,0.26267051711942224,0.6719823324844569,0.500748369574826
default,Fitting,natlake,393,74,64.1,0.7431827638216528,0.7785791680840669,-8.9,1.2,0.45268477189375145,0.5890473595448782,0.6069955964245616,0.6160940411645761
default,Fitting,rulebasedloc200,393,143.2,84.9,0.030034240450994232,0.581400731330671,15.7,2.5,-1.0504606534082361,0.27874320784647155,0.6566074245876921,0.6099816899656662
default,Fitting,sdp,393,111.2,89.1,0.5482778106584743,0.6278721303776527,18.9,-0.4,-0.2367492559806963,0.20683858828957447,0.6873594250764398,0.4708081306403103
default,Fitting,starfit,393,264.1,97.1,0.06551184422185041,0.5234698348472584,-55.3,24.1,-5.976062742982105,0.056839294759633674,0.4460944937507699,0.35365850221642087
fitted,Evaluation,gdrom,393,53.5,61.4,0.8025028577577542,0.8028065480576925,-1.8,0.2,0.7136189373244939,0.6233147366148881,0.8007753162318384,0.6491503524629207
fitted,Evaluation,h06,393,135.4,55.5,0.5159302169322189,0.8381317043844747,-13.8,-0.6,-0.8327245185575258,0.6923298950685224,0.3882447917691938,0.7082147571054374
fitted,Evaluation,natlake,393,83.8,78.3,0.7324693479798539,0.6716173123929985,-6.7,1.7,0.29672767853619175,0.3863523599199412,0.5489585968828884,0.4581424027589837
fitted,Evaluation,rulebasedloc200,393,95.7,70.3,0.3981266821382833,0.7555577535047594,-3.2,-0.2,0.08385522357869879,0.505109630230238,0.6864798746896931,0.6140750606310079
fitted,Evaluation,sdp,393,67.6,84.6,0.741679749623105,0.6192219602788304,-1.2,1.1,0.5426767623775334,0.2835236662200068,0.6813760792653331,0.38829581843042954
fitted,Evaluation,starfit,393,67.1,67.9,0.6333278706520602,0.6799924658473627,-2.2,0.4,0.5497013994397875,0.5388247231396213,0.7842380790854286,0.544907468535769
fitted,Fitting,gdrom,393,59.7,50.9,0.7010832009952863,0.8678797087925085,-6.9,1.3,0.6433056575360785,0.7407115521814336,0.8550511923131037,0.75524378891313
fitted,Fitting,h06,393,84.8,62,0.6618906690170094,0.8112202444010486,-1.1,0.6,0.2812573020385182,0.6149763075741423,0.4925349438648231,0.667112598950532
fitted,Fitting,natlake,393,66.1,59.6,0.638110466231707,0.8244205165896693,-1.6,0.6,0.5625195637752309,0.6445510441037328,0.5673811641729095,0.6927393978438717
fitted,Fitting,rulebasedloc200,393,68.9,63.7,0.6437839442660923,0.7110070552657498,3.4,2,0.5253673441031165,0.5946141304896086,0.7575347565052467,0.7472184713568972
fitted,Fitting,sdp,393,64.1,75,0.7929831215120707,0.7272004724685636,3,-0,0.5887891743855129,0.4373121453287049,0.6354099559620914,0.5329791991883374
fitted,Fitting,starfit,393,65.5,60.7,0.7703277634879461,0.8037159454633853,4.2,0.5,0.5707918082284615,0.6318966843620744,0.7034141726974242,0.6538515265845097
default,Evaluation,gdrom,396,116.6,56.2,0.45965544907203204,0.8410833473724868,-26.1,0.7,-0.3602676559143523,0.684011608733651,0.33666939480235747,0.7078131918365118
default,Evaluation,h06,396,136.8,60.8,0.12008853721159263,0.7370046590545343,49.3,0.4,-0.8712880618315157,0.6305268138815256,0.17868115195802323,0.6321525263889863
default,Evaluation,natlake,396,164.9,77.4,-0.1518214311268331,0.7008520135641436,63.2,0.9,-1.7206074363158783,0.4010179455295869,0.04146154826005579,0.4913755161022211
default,Evaluation,rulebasedloc200,396,201.3,69.8,-0.4455703351654181,0.7640429858203119,85.2,1,-3.053162391908635,0.5129260735452015,0.08034089558382787,0.5974460478012701
default,Evaluation,sdp,396,174.7,82.8,-0.20099838773302325,0.5795793966377167,60.7,1,-2.0527861203582396,0.31440835970749326,5.440255194941113e-5,0.37077345639868725
default,Evaluation,starfit,396,140.4,51.4,0.350301503701151,0.8173523935843594,-50.1,10.6,-0.9713333526010124,0.7355529442235333,0.4205825071612462,0.753796853517249
default,Fitting,gdrom,396,111.3,53.8,0.41838067773715903,0.8224990880035569,-49.8,0.5,-0.23883409524152643,0.7102746478560934,0.5010525021807474,0.7148365139965035
default,Fitting,h06,396,110.4,62.1,0.2110313848232619,0.7850400523032752,46.4,-0.4,-0.21850994778131594,0.6146914661075542,0.4125486246351205,0.6334275594319126
default,Fitting,natlake,396,148.5,71.7,-0.20636918344283162,0.7501548949652237,65.9,-1.1,-1.2069903615201483,0.48561686091237344,0.03919633369809095,0.5681130229012045
default,Fitting,rulebasedloc200,396,145.3,62.4,0.10659030147421222,0.7976674414048037,47.3,-1.4,-1.112172548833513,0.6102095954111451,0.05882115119656303,0.6880500939900996
default,Fitting,sdp,396,150.6,78.4,-0.1687408358121394,0.6738066033193428,61.5,-1.4,-1.2681232678646133,0.3845697190668522,0.010456989311586591,0.4594350600918208
default,Fitting,starfit,396,121.7,61.1,0.38981014946083936,0.7566004972463615,-40.4,15.6,-0.48254357503331624,0.6270906889812278,0.35480790242178745,0.7282786573245658
fitted,Evaluation,gdrom,396,99.6,54.5,0.5102304734259262,0.851068862353126,19,-0.2,0.007822559182567912,0.7033976469214656,0.3062299634618932,0.7244269334817459
fitted,Evaluation,h06,396,77,53.4,0.5849543809930066,0.8103677615409648,-1.4,0.8,0.40747935373601496,0.7152226672510373,0.42384016682283143,0.7170471441585613
fitted,Evaluation,natlake,396,93.9,63.8,0.18898374330877976,0.7918302905083263,-3,0.7,0.11887148577392703,0.5931188675663963,0.13704420764364042,0.6285516097994687
fitted,Evaluation,rulebasedloc200,396,90.2,60.6,0.5123981053238399,0.8135213135433917,21.8,-0.4,0.18678667611183197,0.6322567028145356,0.4046863595127437,0.6950683987107222
fitted,Evaluation,sdp,396,98.6,59.4,0.28084511483366703,0.7948671287951604,14.6,0.2,0.027534751371252053,0.6466154263283517,0.16508070857388946,0.6582993537161321
fitted,Evaluation,starfit,396,119,52.1,0.4588474341017248,0.8379175060766015,-36.8,5.6,-0.417407580513971,0.7288384615567537,0.46804516459296636,0.7395137681002083
fitted,Fitting,gdrom,396,57.5,46.8,0.7759580188425315,0.8825040495914767,-0.7,0.1,0.6694627474796837,0.7812355594292103,0.6718777600754134,0.7874858588473135
fitted,Fitting,h06,396,68.7,54.7,0.5309035033146434,0.8407380896402639,-1.8,-0.3,0.5282076036897265,0.7008338527125323,0.5453828621959192,0.7145344178780861
fitted,Fitting,natlake,396,94.1,60.1,0.10121852174367107,0.8211896125540141,-1.2,-0.3,0.11527990172953273,0.6382223407721732,0.11760220045940527,0.6753657359485029
fitted,Fitting,rulebasedloc200,396,59.9,61.7,0.7126715708585728,0.7816353051577116,3.3,-0.1,0.6415248847044335,0.619013329128237,0.6446046751074193,0.7143775350697156
fitted,Fitting,sdp,396,95.7,65.4,0.17604368310770235,0.7868104800342599,18.1,-0.7,0.08447590737492394,0.5720241158488667,0.1768108761331959,0.6193249947362792
fitted,Fitting,starfit,396,117.2,59.2,0.419898779003672,0.7834156914765396,-35.1,10.9,-0.37425551747432717,0.6491320058033823,0.3805447786560493,0.734393055483995
default,Evaluation,gdrom,398,98.8,62.9,0.6936548402118976,0.7766292389842151,-24.8,-0,0.023676238969425167,0.6036604109663107,0.7128124699317964,0.6225805033910575
default,Evaluation,h06,398,123.8,88.4,0.446438863895085,0.21853115069103435,22.6,0.5,-0.5339810146894393,0.21779728729859615,0.24659737457711006,0.21952788857823965
default,Evaluation,natlake,398,77.1,71.7,0.6570457032271109,0.45322787047673785,-2,0.2,0.40545248959453584,0.4856617680189672,0.456224701076078,0.524004148620598
default,Evaluation,rulebasedloc200,398,138.2,73.5,0.3721686687736738,0.7158711813959019,29.7,-4.9,-0.9108726683554484,0.45963230071452355,0.21904498858384042,0.5212853221960984
default,Evaluation,sdp,398,154,85.7,0.30692634340620373,0.3730677658102771,35.7,-0,-1.3735166808880663,0.26539150873112527,0.18899186125670495,0.2710635876873398
default,Evaluation,starfit,398,274.8,61.7,0.1560924744397053,0.709065501510928,-80.1,10.4,-6.5559962169027655,0.6192168519138423,0.5984507713883571,0.6254880991663396
default,Fitting,gdrom,398,70.3,61.5,0.7506964550513535,0.8072558806433164,-14.3,1.9,0.5054640835095054,0.6221414413401749,0.7444487337868907,0.6539672906531859
default,Fitting,h06,398,103.9,84.7,0.5966530261431464,0.3627043709551361,25.2,0.4,-0.08055781635609405,0.28325936060694756,0.4743364286348184,0.2843461649963229
default,Fitting,natlake,398,72.1,72.8,0.6490175730123363,0.5004312957477717,4.3,0.7,0.480138786962247,0.469566822889499,0.5037309754208757,0.4763067989023565
default,Fitting,rulebasedloc200,398,133.9,83.7,0.4726318975810134,0.6661114444160279,35.1,1.7,-0.7945766769690745,0.2996215535808604,0.38839373636859614,0.4524433468940543
default,Fitting,sdp,398,141.3,82.7,0.32506614714161475,0.48031048006662047,39.9,-1.5,-0.9979590690680888,0.31625697172761424,0.26926772688154493,0.3317414896839548
default,Fitting,starfit,398,135.5,67.9,0.3068543965973871,0.7217065454575154,-31.5,13.6,-0.8357671945985927,0.5394103361638429,0.578212885515256,0.5823486375270038
fitted,Evaluation,gdrom,398,49.1,62.4,0.7859510930025961,0.7387697335623413,3.5,0.3,0.7588147721818518,0.6103445511431131,0.7753535994051601,0.6150426356447076
fitted,Evaluation,h06,398,89,81.1,0.3774687909920639,0.4112195031680178,-7.5,-0.3,0.20712554963797725,0.3420123090965427,0.27634525693511275,0.34202310213519643
fitted,Evaluation,natlake,398,72.9,69.9,0.6462706313800394,0.5129837119986868,-6.2,1.6,0.4681852561215427,0.5111829426890245,0.5172008711717484,0.5280607813465948
fitted,Evaluation,rulebasedloc200,398,55.9,54,0.8087504108702823,0.8261878111888239,-8,0.9,0.6877405640720554,0.7087786579355356,0.7588464177528108,0.7145830394694771
fitted,Evaluation,sdp,398,95.5,88,0.4462913585271788,0.2357628245924227,7,0.4,0.08791039233662079,0.22620172670070615,0.23866532432311327,0.2273591963286755
fitted,Evaluation,starfit,398,178.8,60.4,0.31037016118575966,0.6636741834046522,-41.3,5,-2.1961394664425686,0.6355908380878457,0.2988811248914395,0.6412597948885002
fitted,Fitting,gdrom,398,36.3,60.8,0.82831337234081,0.7444671587432083,3.3,0.6,0.868219360168148,0.6304440047392874,0.8862168436578082,0.6330664208233299
fitted,Fitting,h06,398,64.8,80.2,0.6929888891870434,0.45418887322357215,1,0.2,0.5798860177133209,0.35628333730244655,0.5823940736699508,0.35738686437908307
fitted,Fitting,natlake,398,70.8,71,0.5949048507743064,0.5549798770202624,-0.6,0.9,0.49840852838353533,0.4951720674595853,0.4988665426503915,0.4966192458492069
fitted,Fitting,rulebasedloc200,398,43.1,66,0.8805554548236147,0.7838953522531236,-0.8,1.5,0.8138473939584722,0.5644529676275963,0.8151494035844347,0.6157435161646154
fitted,Fitting,sdp,398,84.8,83.4,0.5385797304155409,0.3889526805921679,14.2,0.2,0.28109821170605853,0.30440257974203844,0.43863185055511533,0.30537706754132987
fitted,Fitting,starfit,398,115.4,65.4,0.3651542828991535,0.7205969165494187,-21.5,9.6,-0.33260254776481846,0.5717838829673305,0.6175188499947105,0.5887720004108553
default,Evaluation,gdrom,405,4578.2,10.6,-32.77983721268013,0.9910538501202107,-8.7,0.2,-2095.5610231429346,0.9887256094502918,0.04870134118545196,0.9887432435372442
default,Evaluation,h06,405,14458.6,44.3,-66.22302074924502,0.8746493064479555,-37.7,0.5,-20909.765678908614,0.8035736716999482,0.061946130786511525,0.8046813111230758
default,Evaluation,natlake,405,334.9,8.9,NA,0.995746022966673,0.9,0.1,-10.217428574283858,0.9921385058281622,NA,0.992170864499182
default,Evaluation,rulebasedloc200,405,334.9,8.9,NA,0.9957714866509446,0.9,0.1,-10.217428574283858,0.9921403671172274,NA,0.9921716891884778
default,Evaluation,sdp,405,334.9,8.9,NA,0.9957330940828701,0.9,0.1,-10.217428574283858,0.9921369369164142,NA,0.9921698553439905
default,Evaluation,starfit,405,25634.9,404.5,-150.7296355341276,-1.5017397581466612,-60.8,115.3,-65731.94757916286,-15.363661274331687,0.02445882150409976,9.637074119578111e-6
default,Fitting,gdrom,405,1175.3,9,-7.9765335673726945,0.993170184583848,-5,0.2,-137.14844657739513,0.9918393585676603,0.11232519659853839,0.9918560033361541
default,Fitting,h06,405,3185.3,30.5,-16.99867892223416,0.9326024476944464,-22.4,0.3,-1013.7699588050867,0.9072396580718606,0.003530342764482294,0.9072687711225208
default,Fitting,natlake,405,187.9,8.2,NA,0.9963559575929927,1.4,0.1,-2.5316990260888685,0.9932673746392218,NA,0.9932768069607137
default,Fitting,rulebasedloc200,405,187.9,8.2,NA,0.9963899067575649,1.4,0.1,-2.5316990260888685,0.9932685074841578,NA,0.9932775391501744
default,Fitting,sdp,405,187.9,8.2,NA,0.9963249021224267,1.4,0.1,-2.5316990260888685,0.9932778910302615,NA,0.9932875230940448
default,Fitting,starfit,405,8446.6,274.3,-50.58569686264687,-0.6431796972382502,-57.8,91.5,-7134.775085139614,-6.522708893698807,0.018401242211529924,0.005451935975526758
fitted,Evaluation,gdrom,405,581.5,9.8,-3.1938494239083806,0.994855554037219,-0.8,0,-32.82101377518995,0.9903552825767857,0.006866571591234476,0.9903658050689711
fitted,Evaluation,h06,405,3792.5,35.5,-33.135755870146156,0.9236051635017235,-4.2,0.2,-1437.692960545988,0.8741749169042319,0.005648125212327769,0.8747745465960681
fitted,Evaluation,natlake,405,334.7,8.9,-0.37557797150405503,0.9958545807645679,0.9,0,-10.206279231303652,0.9921326997113968,2.1065715115127655e-4,0.9921603453598864
fitted,Evaluation,rulebasedloc200,405,501.6,8.9,-0.24218636177404385,0.9958128994634787,-1.5,0.1,-24.172042351669923,0.9921205573973283,0.06289688311088062,0.9921291079893597
fitted,Evaluation,sdp,405,334.9,8.9,NA,0.9957226790952378,0.9,0.1,-10.217428574283858,0.9920947064903592,NA,0.9921271790614455
fitted,Evaluation,starfit,405,18843.9,36.9,-126.91993414119848,0.9176426178510759,-40.6,2.3,-35518.03331372326,0.8635163701030041,0.010178743931850684,0.8783723419386736
fitted,Fitting,gdrom,405,246.2,8.9,-0.542557527931079,0.9952929080282789,-0.5,0,-5.061548654307683,0.9921027393075266,0.025636164308613117,0.9921054343369365
fitted,Fitting,h06,405,829,21.3,-5.935752388963687,0.9731990121525155,-1.9,0.1,-67.73556761617306,0.9547648241579375,0.007924420141390226,0.9548450452328718
fitted,Fitting,natlake,405,187.8,8.2,-0.39540153684310386,0.9965589793825637,1.4,0,-2.5287089084565872,0.9932970504399335,0.0027749175615817763,0.9933044840333192
fitted,Fitting,rulebasedloc200,405,152.9,8.2,-0.20494303196362096,0.9956080895989966,-1,0,-1.3372906782778875,0.993316593903954,0.10483071392589323,0.9933172968283149
fitted,Fitting,sdp,405,187.9,8.2,NA,0.9963848301199053,1.4,0.1,-2.5316990260888685,0.9932791608689472,NA,0.9932883569950207
fitted,Fitting,starfit,405,5828.3,27.1,-39.816127018811805,0.9605310419082406,-35.5,1.5,-3396.5814059936115,0.926391257488169,0.010135859251680191,0.9288471607421784
default,Evaluation,gdrom,411,131.2,61.1,0.3590269567129585,0.735283463000111,-30,-1.2,-0.722739863359366,0.6271614046240159,0.26738476993216487,0.6290925075216272
default,Evaluation,h06,411,113.2,75,0.19517547177460992,0.4671562680189222,27.8,-0.7,-0.28083688413548114,0.43661225576398677,0.12141688617099544,0.4431680802809381
default,Evaluation,natlake,411,131.6,75.5,-0.0711727492677956,0.4774176764912107,44.7,-0.3,-0.7320391947852434,0.43024200770927234,0.12470451307806026,0.4330945974005322
default,Evaluation,rulebasedloc200,411,174,79.8,-0.3229415224823815,0.49052535276647713,69.6,-0.3,-2.029401642801245,0.36331067554128027,0.16062556750917792,0.36813224697231206
default,Evaluation,sdp,411,145.2,92.1,-0.31435983697012637,0.31963828142352224,43.2,-0.1,-1.1078983445815882,0.15243383219653206,0.013433871628059132,0.18816259328552823
default,Evaluation,starfit,411,60.3,42.2,0.7916287852426722,0.8867395921588423,-15.5,3,0.6367047265544505,0.8222791775981014,0.7753899287442383,0.8243942471655326
default,Fitting,gdrom,411,42.7,49.3,0.908395432991206,0.8611806274011851,1,1,0.8176747087258677,0.7564394470835127,0.826171900922955,0.7618080445436455
default,Fitting,h06,411,102.2,67.7,0.36729920982435127,0.6261846798095156,30.9,0.3,-0.04415176660086706,0.541246395774778,0.3273444493689105,0.5412572907436927
default,Fitting,natlake,411,128.4,69.7,0.028837452752606407,0.6259641361227494,47.4,-1.3,-0.6488125839057723,0.5141654318342873,0.2351941143216999,0.5157193673352611
default,Fitting,rulebasedloc200,411,161.6,70.5,-0.1049878312010537,0.6581504639149537,65.3,-1.9,-1.6126566905911992,0.503136386096086,0.07134838203590736,0.5125710739594194
default,Fitting,sdp,411,136.7,83,-0.05743860639005449,0.5414167788401857,45,-1.5,-0.8686659313638232,0.3117821843364137,0.0295337660345073,0.35111322890621416
default,Fitting,starfit,411,50.2,39.2,0.8448563332342223,0.9169053677390536,-7.9,3.3,0.7477896257364642,0.8462605463123473,0.8071976663357743,0.8536010385399352
fitted,Evaluation,gdrom,411,39,44.6,0.8982593336739905,0.9002922061764858,-5.8,0.6,0.8478487207101892,0.8011771085552437,0.8760785758291849,0.8108735200910198
fitted,Evaluation,h06,411,90.7,68.9,0.4429078130679336,0.49235367761534965,5.8,-0.2,0.17770283799356812,0.5248429719889856,0.2539289239499275,0.5610676090767474
fitted,Evaluation,natlake,411,92.3,74.7,0.13207971502801552,0.4418664297561561,-4.9,0.1,0.1485997552868874,0.4416869462862921,0.15934348722254552,0.4595765773275559
fitted,Evaluation,rulebasedloc200,411,43.9,45.4,0.8958963711033048,0.8890864338928677,-4.7,0.2,0.8071975451666281,0.7936417137605337,0.8237694634745611,0.7990846753250994
fitted,Evaluation,sdp,411,75.6,66.6,0.44947741496821625,0.5878519160914909,3.6,-0.3,0.4285720098782335,0.5558280062661829,0.4449541508564708,0.5617305740951283
fitted,Evaluation,starfit,411,56,41.3,0.8258126744725147,0.8611531513366002,-11.4,1.9,0.6861301129741284,0.8296581921308539,0.7710952668933146,0.8303214391875314
fitted,Fitting,gdrom,411,41.3,44.2,0.8900050331297386,0.9025997035345303,-7.4,0.2,0.8295717558344156,0.8042909910667939,0.8525824910076357,0.8153094110009982
fitted,Fitting,h06,411,75.4,59.4,0.563770205162037,0.6850598353916466,9.7,0.2,0.43138729619743377,0.6475086365802187,0.4685107738168993,0.6505479607781154
fitted,Fitting,natlake,411,85.7,67.8,0.2645284032574118,0.5963935846919611,-0.3,-0.3,0.264742677868243,0.5399334363917012,0.2708703777387045,0.5416403353724967
fitted,Fitting,rulebasedloc200,411,34,44.1,0.9391515962578555,0.901034511739005,0.7,0.1,0.8846270408421648,0.8056872995264657,0.8866408015272256,0.8131537967543977
fitted,Fitting,sdp,411,66.5,58.4,0.6261126393729568,0.7040982013323602,-1.1,-0.2,0.558205265749428,0.6593291554114835,0.5591988555357141,0.6611390461154619
fitted,Fitting,starfit,411,48.6,38.3,0.8586179085872738,0.9161355416960227,-5.2,2.2,0.7642430616377363,0.853336011605686,0.8088475401833882,0.8559319818919803
default,Evaluation,gdrom,413,126.8,11.6,0.03574080799572599,0.9919007746438714,36.2,0.1,-0.6081646997759844,0.9866028134660171,0.10154406719686127,0.9866100123863353
default,Evaluation,h06,413,152.1,25.5,-0.013917219903978761,0.9571662572310953,-23.9,0.2,-1.3139310474584525,0.9348511660137032,2.2138742474335117e-4,0.9348915819250192
default,Evaluation,natlake,413,159.4,11.3,-0.3623394362882042,0.9928414908628126,53.8,0,-1.5407407374846889,0.9871285245638513,0.055154482045565445,0.9871397913903346
default,Evaluation,rulebasedloc200,413,159.6,11.4,-0.41467494413989425,0.9928305814345093,53.9,0,-1.5468335069984014,0.9870786995009143,0.022549321215960233,0.9870903152525012
default,Evaluation,sdp,413,159.4,11.3,-0.36703597722630477,0.9928384235581416,53.8,0,-1.5413861265711817,0.9871150590875507,0.05150655339122556,0.9871264172349682
default,Evaluation,starfit,413,158.7,25.4,-0.10677403302192268,0.9403490450583215,24.7,3.4,-1.5205681499542347,0.9353715914032121,0.006211940875096855,0.936782869301236
default,Fitting,gdrom,413,113.6,11.9,0.2716294354290101,0.9898913993731534,16.8,-0.1,-0.29165105080830256,0.9859312034404071,0.09891673985565777,0.9859326781705081
default,Fitting,h06,413,133.7,23.7,0.15278598463663118,0.9597124374413402,-27.6,-0,-0.7870437387353224,0.9436696919121493,0.04266037362212537,0.9436697501707402
default,Fitting,natlake,413,154.2,10.3,-0.30064343842958663,0.9945783565093514,54.4,-0.1,-1.3774966985930548,0.9894816567333918,0.029671409953853665,0.9895184014322885
default,Fitting,rulebasedloc200,413,153.9,10.6,-0.16863145596987938,0.9942448119543733,52.7,-0.1,-1.369898077078473,0.9887941881712403,0.019898485451824613,0.9888210832919292
default,Fitting,sdp,413,153.7,10.3,-0.28723759926130854,0.9945847806962207,54.3,-0.1,-1.3633226390024755,0.9894887345783233,0.03615022663308716,0.9895251528853807
default,Fitting,starfit,413,151.4,22.1,0.010799790428456246,0.9510563926237742,22.1,2.9,-1.292432535632388,0.951299079548498,0.0014637405436769449,0.9525107009565303
fitted,Evaluation,gdrom,413,100.4,14.2,0.5121458695302916,0.9815090061355118,12,0.1,-0.007370929819887406,0.9799174262578464,0.2781702611553157,0.98056577645045
fitted,Evaluation,h06,413,128.8,24.9,0.18033696510925656,0.9522584555328671,3.4,0.2,-0.6598391297503128,0.9378545179814738,0.032803154184675214,0.9378770152203217
fitted,Evaluation,natlake,413,65.7,11,0.7878096091119988,0.9898201153191994,12.4,-0,0.5679849445635352,0.9878562080643443,0.6883041286551597,0.9878604992663389
fitted,Evaluation,rulebasedloc200,413,109.5,12,0.34272491550023365,0.9909053938707043,32.8,-0.1,-0.1983733646041974,0.9857096535909636,0.37461763792925046,0.9857129143212902
fitted,Evaluation,sdp,413,124.3,11.6,0.2918920063595921,0.991833516573367,39.1,-0.1,-0.5450011751922208,0.986505315526804,0.2821465941677055,0.9865107908157301
fitted,Evaluation,starfit,413,62.2,13.4,0.7853349971039231,0.9819693567004808,8.2,-0,0.6133061139887079,0.9820503282438449,0.6626348324466946,0.9820944643551732
fitted,Fitting,gdrom,413,73.2,13.1,0.6885623862197625,0.9913310134568324,-0.9,-0.1,0.46353247279922494,0.9828518694989784,0.49950206611975595,0.9829169973991138
fitted,Fitting,h06,413,115.2,22.7,0.3701616515097098,0.9591092291681973,-3.4,-0,-0.3281197150965429,0.9483766013361095,0.13937091741858446,0.9484048445455173
fitted,Fitting,natlake,413,84,10.2,0.671362790878214,0.9931007742347159,17.9,-0.1,0.2937156370229893,0.989492544813068,0.5251361404854451,0.9894936420207798
fitted,Fitting,rulebasedloc200,413,120.8,16.3,0.26838506812340135,0.9865899861018809,26.7,-0.1,-0.4593140884164635,0.9732704608066464,0.11615980585016694,0.9734377898215523
fitted,Fitting,sdp,413,122.4,10.3,0.27154308877132105,0.9944004898411447,39,-0.1,-0.49937357437788066,0.9894172986456191,0.24617257258310182,0.989434283613709
fitted,Fitting,starfit,413,73.5,11.9,0.7079811505811682,0.9874324910464736,13.1,-0.1,0.45952185250994104,0.9857291410615394,0.5672307698293916,0.9857395408674691
default,Evaluation,gdrom,416,112.3,61.1,0.461962785124836,0.7356508435052362,-10.4,-1.3,-0.26201514670874393,0.6270015136101714,0.3144369452275274,0.6290007875783075
default,Evaluation,h06,416,152,71.4,0.15253331718645813,0.682895313544952,69.4,-2.2,-1.3096935757746042,0.4894789422628665,0.5149177025381376,0.511521116601717
default,Evaluation,natlake,416,94.3,61.9,0.3038791625429891,0.6530060370837119,24.9,2.6,0.11134512369782468,0.6163376876849439,0.35594527796860215,0.620675693044671
default,Evaluation,rulebasedloc200,416,88.4,51.1,0.5948652418141303,0.8514279993451943,27.4,-3.5,0.21819062858921123,0.7391038294200147,0.6752901593328574,0.7474496401010359
default,Evaluation,sdp,416,163.4,80.2,0.039280548490737255,0.6038580644900641,74.5,1.6,-1.669755100497306,0.3560660358554817,0.4502555335352648,0.4022745794434042
default,Evaluation,starfit,416,125.5,58.3,0.39257261628414475,0.702918332450949,-42,9.7,-0.574783657303555,0.6605138988257575,0.4734335457839185,0.6698013882744047
default,Fitting,gdrom,416,27.1,62.8,0.9149923397364854,0.8022217690905575,7.8,0.5,0.9265633467683481,0.6061513804527355,0.9514389598126051,0.6437189424044456
default,Fitting,h06,416,101.1,77.1,0.40346015897678944,0.4942627270708577,42.2,-1.5,-0.02261039011502608,0.4057505923783027,0.6793705273559626,0.40614810325509026
default,Fitting,natlake,416,82.1,80.5,0.2602204551942967,0.37590143848362045,6.6,-2.4,0.32521685291460334,0.35191181267661364,0.45018456397059964,0.35848679851189885
default,Fitting,rulebasedloc200,416,43.8,60.8,0.8068516709933897,0.8011265191736906,5.1,0.3,0.808050686131077,0.6303887976067462,0.8750122050929426,0.6513574799497206
default,Fitting,sdp,416,123.5,93.8,0.2457314625564253,0.3833413295272966,53.3,-6,-0.5265088646524241,0.11951349104608278,0.5814906740222464,0.2021756475733073
default,Fitting,starfit,416,105.8,70.6,0.46474894626330876,0.6288620335817492,-45.5,18,-0.11904164630904668,0.5017938177891847,0.7843464872345328,0.5492069236854328
fitted,Evaluation,gdrom,416,59.6,52,0.805261559737295,0.8250729409224484,13.1,-0.2,0.6443712624915854,0.7295333291070306,0.7346117167990351,0.7316745544514601
fitted,Evaluation,h06,416,70.2,50.9,0.571786859528556,0.7350266374306953,20.3,1.5,0.5076230040284165,0.7404330305858657,0.6905865875195266,0.7493926212498069
fitted,Evaluation,natlake,416,82.4,70.6,0.48525985631731394,0.5755130867487703,21.4,0.4,0.32077571023835205,0.5016570835726762,0.4970102105964793,0.5019626189528654
fitted,Evaluation,rulebasedloc200,416,64.4,46.3,0.7359805486325156,0.8775634562979291,23.4,-2.7,0.5850876672293481,0.7857183079956143,0.7947782947874673,0.7906969706116898
fitted,Evaluation,sdp,416,87.2,81.3,0.6199217412506273,0.47017509815726344,-7.7,1.6,0.23875079132477883,0.3386612596447306,0.5381881757223937,0.3452970577730025
fitted,Evaluation,starfit,416,111.2,57.9,0.4602270204665384,0.755229932969002,-25.3,5.4,-0.2368249535550293,0.6645395277686439,0.4582628499213666,0.6679060805910609
fitted,Fitting,gdrom,416,55.3,55.8,0.7102019564398998,0.80945213784465,-20.5,2.4,0.6945806084144484,0.6882846569261434,0.9099077845411637,0.6949432511129721
fitted,Fitting,h06,416,53.2,64,0.532933199485291,0.5543882324880285,-0.5,-0.2,0.7170697614303618,0.5905799430326055,0.876060927736429,0.6240715590383549
fitted,Fitting,natlake,416,71.1,87,0.4229046449889553,0.23624355526592777,3.4,-1.7,0.49395071510308575,0.24237721364932607,0.5799314813133366,0.24823108967678903
fitted,Fitting,rulebasedloc200,416,28.3,59.9,0.8993725945308505,0.7957230912687321,-0.5,-0.2,0.9200118148321113,0.6411379391719778,0.9229227606182614,0.6549517940947386
fitted,Fitting,sdp,416,88.7,91.7,0.49394008683993396,0.371078762132367,36.9,-4.3,0.21283236351664003,0.15901581262736764,0.7513805765309284,0.21092654396105517
fitted,Fitting,starfit,416,99,68.4,0.46932488517195425,0.6976928540028573,-37.4,13.1,0.019590477967821096,0.5323307487003458,0.7671538867106225,0.5706855967563927
default,Evaluation,gdrom,421,54,65.9,0.7658950164871934,0.7748743309119346,-11.5,-2.1,0.7086185728775264,0.5660370381522564,0.8593264277429968,0.6045034616427127
default,Evaluation,h06,421,130.6,88.3,0.40411532220104285,0.6153207791998787,38.9,-2.1,-0.7059155982119789,0.21990193144334436,0.3200156061344877,0.5148564113054631
default,Evaluation,natlake,421,83.1,80.9,0.4691907239604135,0.6875963722814327,3,2.9,0.30967068916103,0.34462535257554516,0.3281446560669836,0.4875913555463468
default,Evaluation,rulebasedloc200,421,70.7,75.4,0.7217030587492885,0.6563647071849081,19.4,-3.7,0.5002320251336738,0.4313308825452582,0.8058986053773722,0.6569312212827018
default,Evaluation,sdp,421,118.4,88.1,0.41184773984117107,0.63399089337424,37.5,1.4,-0.40165625431139795,0.22333848902880038,0.46042312079492115,0.4787352221124684
default,Evaluation,starfit,421,68.8,68.6,0.6205495015634293,0.7565357819325831,-16.4,-1.4,0.5263812083857407,0.529260519273248,0.8582285925749394,0.6445653888634875
default,Fitting,gdrom,421,92.5,70.6,0.6263522920835953,0.7416273819462388,-33.5,3.7,0.14342616054575363,0.5018214971193671,0.862015743091852,0.5559731925953861
default,Fitting,h06,421,75.3,99.3,0.7361838309535846,0.5536772619610217,18.4,-2,0.43335107929830574,0.013427097030784041,0.6608104420233178,0.3971803632572717
default,Fitting,natlake,421,75.3,87.6,0.48273070210623603,0.6264062738358255,-9.4,-1.2,0.4331584612162759,0.23195088316500767,0.5015711158538588,0.39415890302747675
default,Fitting,rulebasedloc200,421,53.6,101.2,0.6520788300047183,0.4700972668470592,-3.2,1.4,0.7122502003920066,-0.023576022478978276,0.8805599242711106,0.5117073916727763
default,Fitting,sdp,421,78,98.4,0.629053473245433,0.5642510305694411,20.5,-3.6,0.391742781513866,0.03224549722250547,0.6456560748128031,0.37175931246504046
default,Fitting,starfit,421,98.6,90.9,0.5085929369388191,0.6152964141749871,-32.2,7.6,0.02857987884323343,0.17313816780296076,0.8453979059632206,0.41595487071424664
fitted,Evaluation,gdrom,421,50,75.5,0.8736403768898949,0.7193159739637198,1.1,0.5,0.749822898388038,0.43000149587577674,0.7761785769187791,0.518198571051318
fitted,Evaluation,h06,421,54.9,68.5,0.775719461134424,0.7722191070058577,9.9,0.1,0.6979843362684346,0.5306769085899745,0.7587959646281027,0.6058284718412199
fitted,Evaluation,natlake,421,83.6,82.6,0.6092281558883539,0.678940952525217,15.6,-0.1,0.3008915970694266,0.3182825681737177,0.46986179916058524,0.4883176575529724
fitted,Evaluation,rulebasedloc200,421,72,74.7,0.7460412858643211,0.6655167603038724,19.8,-1.7,0.4820883419346311,0.4413924335590008,0.72943832010216,0.6573910970904412
fitted,Evaluation,sdp,421,62.8,88,0.7454817497538317,0.6380846304380513,15,-2,0.6055391442380782,0.22525594026496432,0.8201295211095674,0.46567643696334177
fitted,Evaluation,starfit,421,77.1,76.5,0.5394258659065437,0.7161351110699834,-20.1,5.4,0.4048655067127319,0.41465900071244965,0.8764662470531907,0.5360822629254604
fitted,Fitting,gdrom,421,99.1,70.3,0.5330680389396132,0.7024065630458085,-34.8,3.8,0.017253224756738517,0.5061594845607975,0.8774567790692275,0.5320298820053126
fitted,Fitting,h06,421,47,84,0.8149785137546428,0.6591733892821395,-8.9,-0.5,0.7789481405661804,0.2943776183750413,0.8285585527623348,0.4376886218762027
fitted,Fitting,natlake,421,56.3,84.6,0.7119271076987197,0.6216153435749356,0.4,-1.4,0.6827261766279427,0.28478585618070096,0.6864167567222964,0.3908280830985412
fitted,Fitting,rulebasedloc200,421,53.9,91,0.7018838053646717,0.5733920715403364,-11.3,2.1,0.7095313858904813,0.17157056804810833,0.8920154388934332,0.5320350482465367
fitted,Fitting,sdp,421,51.6,100.7,0.8449163202098646,0.5438047326944533,10.6,-1.8,0.7339378004709628,-0.014258358666770388,0.8265546646219042,0.38655071025565857
fitted,Fitting,starfit,421,116,92.3,0.34869255385742004,0.5463708391340117,-37,22.5,-0.3453621112044942,0.14832888246913156,0.8445876844510013,0.3692231910618707
default,Evaluation,gdrom,423,122.4,55.8,0.40858812720708915,0.8373537766886094,-21.5,-1,-0.4991066199213414,0.6884380691176706,0.5156747179547043,0.7058332948604158
default,Evaluation,h06,423,90.1,54.5,0.6878788957746244,0.8435993186405524,16.4,-0.5,0.18748490441883525,0.7031288965004763,0.5533062408294581,0.7490125991236947
default,Evaluation,natlake,423,113.7,65.6,0.47811871614041934,0.6661369875989852,28.7,-0.1,-0.29377014902967313,0.569197363230745,0.4996295625295236,0.7597770896592668
default,Evaluation,rulebasedloc200,423,123.5,65.1,0.29612711855829843,0.7850531863961671,5.5,-1.7,-0.5256739963721158,0.5756810633055378,0.42184657829825206,0.6611240810414828
default,Evaluation,sdp,423,229.4,79.6,-0.5620741395681925,0.5605135591532334,66.5,0.1,-4.266130375114175,0.3658242682340369,1.0638968846484537e-6,0.694501737883313
default,Evaluation,starfit,423,203.2,58.6,0.25573003695702123,0.7180446488961946,-62.1,2.2,-3.1315671952685626,0.6563733753032012,0.603220004255407,0.7927316167869164
default,Fitting,gdrom,423,139.8,53.5,0.32711755607528625,0.8428527764233757,-25.9,1.1,-0.9553355744444265,0.7135371978684605,0.3605299777213776,0.7615331589340744
default,Fitting,h06,423,97.7,52.8,0.5985357420640648,0.821667093614217,12.6,0.9,0.04556665302726193,0.7209257154905042,0.4443310115983337,0.7839941272407025
default,Fitting,natlake,423,107.6,62.9,0.46924162728029084,0.6502583650644062,28.2,-0.4,-0.15755953104144238,0.6039922769707524,0.49513193375233006,0.7975360988342178
default,Fitting,rulebasedloc200,423,143.5,60.8,0.19460614563157885,0.7384336512683402,0.7,0.8,-1.0600780517507706,0.6305425451990407,0.22903405745609146,0.7577889055120812
default,Fitting,sdp,423,213.2,78.3,-0.3080140900660273,0.5406383266747847,65.8,-1.2,-3.5470343853080983,0.3862413733464164,0.023221611951612337,0.7259374061204749
default,Fitting,starfit,423,186.5,59.5,0.23135461234395382,0.6823580986574156,-59.9,3.8,-2.4802060196423144,0.645902945484732,0.4740621323247772,0.8075803176790983
fitted,Evaluation,gdrom,423,58.9,56.3,0.7870421424012842,0.8428759186868897,-4.7,-0,0.6529307543369409,0.6826845137022457,0.7590370452958214,0.7112730824879457
fitted,Evaluation,h06,423,88.6,53.9,0.6846311406670034,0.845843333117269,15,-0.4,0.2150749301477799,0.7091140533984377,0.5746044531058396,0.7539637262931593
fitted,Evaluation,natlake,423,68.5,58.3,0.7673216614508064,0.7580868168010705,4.4,0.3,0.5300148712522375,0.6596579141865491,0.5956626902697959,0.7693806133905713
fitted,Evaluation,rulebasedloc200,423,77.3,55,0.7468122135861818,0.8027435964795329,-12.1,0.1,0.4025500584835934,0.6976653214065347,0.6257836491021738,0.7741653539546579
fitted,Evaluation,sdp,423,227.3,80.7,-0.40588015394652466,0.5525379807678785,65.6,-1.2,-4.167215362886213,0.3486752363658906,0.0036991736570346112,0.6893942158153749
fitted,Evaluation,starfit,423,87.2,60.9,0.6724316554041043,0.8154531290462563,-11.4,0.4,0.23880049835135797,0.6286341476938617,0.4841506916971214,0.6652445358767979
fitted,Fitting,gdrom,423,56.9,45.8,0.8405268299193946,0.870770968704456,-5.9,0.3,0.6758951344245475,0.790034408794178,0.7404498636846113,0.8234217503574295
fitted,Fitting,h06,423,98.4,53.3,0.5710444135925432,0.8180569960025974,9.8,0.8,0.0311743617995075,0.7161933419286179,0.4551542257680488,0.7817566070595854
fitted,Fitting,natlake,423,68.1,57.8,0.7515891821530722,0.7234981826233629,3.4,0.2,0.535975783986126,0.6659786621404193,0.5787705946652176,0.7970793399275524
fitted,Fitting,rulebasedloc200,423,83.9,48.4,0.6897175481328073,0.7634981648346943,-12.2,0.5,0.296030456955532,0.7654958273030116,0.5119612940674312,0.8551677948844219
fitted,Fitting,sdp,423,213.2,78.3,-0.30695912513997836,0.5406827281265162,65.8,-1.2,-3.546039584005099,0.3864060567546804,0.023404028792693505,0.726013218396239
fitted,Fitting,starfit,423,89.1,54.7,0.6703425796281832,0.84703918452825,-14.5,0.4,0.20575802902570828,0.7002624684622216,0.5283988126352064,0.7414015638835858
default,Evaluation,gdrom,438,76.3,62.6,0.7676621435899316,0.8043448696916198,-16.4,-0.2,0.41718762686194055,0.6086088430068994,0.7100494267114978,0.6469850312900877
default,Evaluation,h06,438,75.6,67,0.6540027651288041,0.7380696420214318,6.1,-0.3,0.4276573984662795,0.5515138417675848,0.680572052799439,0.687924565041544
default,Evaluation,natlake,438,59.4,63.9,0.7530613568965931,0.8003013410202181,-2.9,-0.2,0.6473799805142025,0.5921663741105719,0.6562801800846322,0.6538672754154211
default,Evaluation,rulebasedloc200,438,86.5,63.1,0.573421723393742,0.7466018982198603,4.7,-0.4,0.2518998791523205,0.602009043509075,0.6107779886607959,0.7269621260499265
default,Evaluation,sdp,438,110.6,68.7,0.46274227122336287,0.7709792686037762,-22.1,0.2,-0.22342388492101994,0.528292781425026,0.6461681361575313,0.6024600113220947
default,Evaluation,starfit,438,116.6,68.5,0.5633762638083877,0.7706319638392513,-25.3,0.2,-0.35995402570948865,0.5309061199647969,0.4517422499907602,0.5967446379295561
default,Fitting,gdrom,438,66.8,65.6,0.7371024067842872,0.7889240096181274,2.3,1,0.5532080567418526,0.569322975056983,0.5755956382490984,0.6259978562736256
default,Fitting,h06,438,120.8,84.3,0.3720366338304478,0.6573273140779445,19.2,-1.8,-0.4589265509799183,0.289411346494411,0.43395455176599357,0.5163552445881828
default,Fitting,natlake,438,71.6,68.9,0.6492171602162315,0.7659325353100277,15.9,0.2,0.4872605511876056,0.5250419008989629,0.6246023764816202,0.5875715994728715
default,Fitting,rulebasedloc200,438,108.2,71,0.49961933243054935,0.7221413161317805,18.9,1.3,-0.17030995114865477,0.4952607526873879,0.4530625731392602,0.6494393546798098
default,Fitting,sdp,438,108.6,73.6,0.43075305432482325,0.7350744029031482,-4.1,2.1,-0.17924282440261807,0.45811502517599556,0.4550261261555352,0.5441702466519595
default,Fitting,starfit,438,92.8,69.5,0.6059871980006188,0.7651374970574357,-3.5,1.6,0.13854166005271495,0.5164489057166525,0.39890910686487274,0.5948746739335902
fitted,Evaluation,gdrom,438,94.1,62.2,0.6846964298665117,0.8020529337360534,-23.1,2.1,0.11469187653728508,0.6125388914387575,0.7032697803943202,0.6459406341212797
fitted,Evaluation,h06,438,111.9,58.9,0.5436962708012164,0.8223770568653168,-21.3,-0.4,-0.25339710676982685,0.6532244949109298,0.49312568801232926,0.6780641136332577
fitted,Evaluation,natlake,438,78.5,65.2,0.7213088087993229,0.7909633812923691,-15.5,1.2,0.3841442999881144,0.5748054495280497,0.620424916049365,0.6282860154951145
fitted,Evaluation,rulebasedloc200,438,70.9,59.3,0.7786834698941628,0.7643183631295036,-10.9,1.1,0.4977111190385436,0.6484363221261071,0.6656134544788926,0.7551807599556516
fitted,Evaluation,sdp,438,59.1,65.9,0.8157316052650945,0.787311015368463,-0.8,-0,0.6501569197420669,0.5659691605779263,0.6715418036331028,0.6225469134077775
fitted,Evaluation,starfit,438,127.8,66.5,0.5251572638272245,0.7820083346449486,-31.9,3.6,-0.6326712882292949,0.5581606720162764,0.5634645016035065,0.6311615339319187
fitted,Fitting,gdrom,438,87.2,67.1,0.6576796875162902,0.7803680124282903,-15.1,1.9,0.2388390966749614,0.5499898499741471,0.48469759707464527,0.6185675629573065
fitted,Fitting,h06,438,96.4,67.9,0.5804998955778985,0.7752351820595508,-3.2,-0.6,0.07120057665577195,0.5394464564878936,0.3819447499141726,0.6052484679149668
fitted,Fitting,natlake,438,61.3,68.6,0.7192944050737025,0.7560268470559421,1.1,0.8,0.6247346981019026,0.5287317768747225,0.6258968624120999,0.5743283257231292
fitted,Fitting,rulebasedloc200,438,71.9,69,0.7200495561278072,0.7408724912248432,5.8,0.8,0.48252301229250427,0.5237849895741491,0.5398452039657865,0.6578649810914838
fitted,Fitting,sdp,438,60.2,70.5,0.750124246188469,0.7408229883734002,8.2,0.5,0.6377875622242646,0.5028296156722187,0.6749714490051573,0.5522997835599798
fitted,Fitting,starfit,438,91.4,63.9,0.6221585864496897,0.7990663065660377,-13.9,2.1,0.16374789539835066,0.5919176909638877,0.5085411241407534,0.6437554694308518
default,Evaluation,gdrom,451,148.8,87.4,0.3140489523156408,0.5829507683306854,-3.8,-1.5,-1.2151203801959345,0.2356905809895783,0.19881860190478737,0.3481735195874756
default,Evaluation,h06,451,344.4,104.8,-0.6138249507090303,-0.004015979501589717,-14.7,-4.5,-10.866565426581843,-0.09852744462211716,0.4269627528926046,0.02008640664263222
default,Evaluation,natlake,451,1062.7,89.7,0.3458155562579991,0.36228991123343945,-56.3,4.9,-111.95898481757494,0.1959598668609832,0.6871474278556421,0.22685402621210066
default,Evaluation,rulebasedloc200,451,271.7,97.7,-0.5100220364228425,0.44712025935860145,-9,-7.2,-6.3867174250391,0.045218679284938834,0.23016462877182664,0.21817709324620715
default,Evaluation,sdp,451,346.8,114.6,-0.3767092310048443,0.3730311744459791,17.6,3.8,-11.028122741037077,-0.3129107734941834,0.004937345871292965,0.4376313277840065
default,Evaluation,starfit,451,114.2,82,0.8046396148692316,0.6413032297471637,-5.2,0.7,-0.3051977325973003,0.3277579242310199,0.7293797840055423,0.41697020377431976
default,Fitting,gdrom,451,68.5,78.2,0.7635051581104476,0.6975466584929331,-0.7,0,0.5303764541021556,0.38785051763612366,0.5841036757330943,0.4869371302865195
default,Fitting,h06,451,188.9,99,-0.21503251990601013,0.556264445619167,-10.3,2.7,-2.5705862293581077,0.02052063232956869,0.6712590418646469,0.3363550106682947
default,Fitting,natlake,451,610.5,111.4,0.3867506767966664,0.3710219812162966,-53.9,10.4,-36.27482345490247,-0.2402370351114962,0.5300107515265149,0.1443849525050839
default,Fitting,rulebasedloc200,451,91.1,116.5,0.4443589778010024,0.40159774792472003,0.6,3.4,0.16976858650426807,-0.357224535934471,0.6725611927630996,0.3576445386977907
default,Fitting,sdp,451,222.2,118.3,-0.13347449342124862,0.329104067824982,17.5,-5.6,-3.9370965039956207,-0.3995016535243847,0.006854917564450231,0.44219620124044395
default,Fitting,starfit,451,66.6,76.6,0.8356779079812086,0.7197585883174977,-3.9,0.6,0.5568836731518167,0.4133747350368365,0.7995361042338077,0.5388390015384489
fitted,Evaluation,gdrom,451,70.6,81,0.7149905427143104,0.5852310314945017,0.3,-0.6,0.5019661018560426,0.3442911739902488,0.6664617285289425,0.3871187502338726
fitted,Evaluation,h06,451,126.5,93.8,0.19843815518681407,0.5481589995115894,2.2,-5.4,-0.600372717324291,0.11939932875039705,0.5792493522390532,0.30472464526591764
fitted,Evaluation,natlake,451,70.1,92.3,0.6744218703489737,0.5064846098744386,-1.5,0.2,0.5079337737864756,0.14697272116284787,0.7683943062385148,0.27264350234847384
fitted,Evaluation,rulebasedloc200,451,107.2,86.8,0.6129829572690164,0.6366660725405109,3.9,-2.1,-0.1485690733085676,0.24591441696986283,0.6531980429574485,0.40940113757828056
fitted,Evaluation,sdp,451,331.4,116.8,0.32417877339437673,0.3862319985135334,16.7,-4.3,-9.988414092681827,-0.363630119504158,0.12831510402407326,0.38047793227738824
fitted,Evaluation,starfit,451,103,81.7,0.6845145131668349,0.5498539585022713,-4,1.1,-0.06034131009262245,0.3327778303702499,0.7027231588152953,0.3655799518082753
fitted,Fitting,gdrom,451,65.8,86.4,0.6807278458064705,0.6430053805590485,-0.2,1,0.566312061951374,0.25413613112550903,0.7473481865106469,0.41861523058453626
fitted,Fitting,h06,451,97.9,101.6,0.39160013700692164,0.5283635908891651,2.7,0.7,0.04049402043046213,-0.032674811335636544,0.697623568386598,0.4090469943373213
fitted,Fitting,natlake,451,52.5,93.7,0.8078215249985988,0.5955732735975151,0,-0.3,0.724058399649133,0.12097888642619892,0.7953721998112101,0.3761629456366621
fitted,Fitting,rulebasedloc200,451,93.2,100.9,0.42802496693616265,0.5389095013968004,1,3.3,0.13060907129131438,-0.01771117304931913,0.6689555374988069,0.3992110653702231
fitted,Fitting,sdp,451,221.7,118.2,-0.1243426670709471,0.3304367482437719,17.5,-5.6,-3.914229189324315,-0.3970692374293665,0.006871716022034162,0.44194690890690086
fitted,Fitting,starfit,451,63.9,70.6,0.7466621789444265,0.7442677995144654,-2.3,0.3,0.5913072597761214,0.5012993735373358,0.7770027499492639,0.5553927246367576
default,Evaluation,gdrom,477,84.3,58.4,0.3607264812151124,0.7707745024366326,2.5,0.3,0.28931680941256066,0.6585615681991559,0.30265197535488075,0.6614597288826544
default,Evaluation,h06,477,129.3,66.8,0.28310213115556226,0.7788392801339901,3.4,0.6,-0.6719336084598218,0.554076558774367,0.0916045545166296,0.6411872985773638
default,Evaluation,natlake,477,103.2,72.9,0.17613779409718,0.5522594903649186,-3.7,0.9,-0.06503247411082835,0.4678669575558735,0.07581041242189449,0.4680030218973194
default,Evaluation,rulebasedloc200,477,122.1,57,0.3909001427957758,0.7910158116308648,3.5,0.5,-0.4916101545504772,0.6755301159521867,0.24575033824161494,0.6795031921649246
default,Evaluation,sdp,477,91.9,54,0.5507061699592729,0.818501940809602,6.9,0.1,0.1557208017134043,0.7085455497139852,0.33411096969955667,0.7125099096521915
default,Evaluation,starfit,477,88.1,48.6,0.624504390076751,0.8728267664702225,-1.8,0.5,0.22415413587005284,0.7638471135651144,0.3917552281230201,0.7712115185161671
default,Fitting,gdrom,477,64,59.7,0.7828396454031463,0.8058014218340082,-2,-0.1,0.5909266917101531,0.6431924835588196,0.6234848405501646,0.6611686230568214
default,Fitting,h06,477,129.3,88.2,0.23008195644187857,0.634027399093136,2.6,1.1,-0.6710348594760254,0.22172840550252637,0.41678975173376925,0.47621310914833037
default,Fitting,natlake,477,70.6,66,0.5606739326592725,0.6408221352235575,0.4,-0.1,0.5013602291653838,0.5647054132442189,0.5031438056517027,0.5648271166452489
default,Fitting,rulebasedloc200,477,101.9,76.5,0.3322037513045365,0.6726292263319762,3.4,1.4,-0.03920946781154577,0.4142143695192637,0.6633025070866622,0.4679959075155511
default,Fitting,sdp,477,64.6,65.4,0.7421557360180446,0.7803559741335062,3.8,0.1,0.5828008917417375,0.572649111795481,0.7332343442814162,0.6108441895642398
default,Fitting,starfit,477,61.4,61.7,0.7468977496131648,0.8122637560741932,-5.2,0.8,0.6234771810621125,0.6194507302870772,0.7820158018089983,0.6614316045538833
fitted,Evaluation,gdrom,477,125.9,63.8,0.41591708608888267,0.7753272623607133,-10.5,3.3,-0.5867103929156727,0.592805302795214,0.28812395826971315,0.6181223073103531
fitted,Evaluation,h06,477,99.1,54.9,0.41989864742463334,0.8202905323885622,-2,0.8,0.017153338156716935,0.698760799011835,0.19363445764728662,0.705164304762791
fitted,Evaluation,natlake,477,102.3,71.1,0.14624454426048583,0.5800416652850339,-4.9,0.8,-0.04634733367044719,0.49370607643869335,0.07698357218052262,0.49380568256775653
fitted,Evaluation,rulebasedloc200,477,97.9,54.3,0.5741674645284331,0.83288041307333,-3.1,2.2,0.040499907801027746,0.7052558519542322,0.3850112849218254,0.7149512384926437
fitted,Evaluation,sdp,477,84.2,61.8,0.5260556479131865,0.7888336512852072,0.3,0.5,0.2913222188915576,0.6181706251515526,0.334061988432243,0.6374952305605707
fitted,Evaluation,starfit,477,83.8,49.1,0.633162179840774,0.8493463029214199,-4.5,1.1,0.2979428059744783,0.759278527263956,0.41592872888603805,0.761743540054138
fitted,Fitting,gdrom,477,102.8,68,0.36895446516777197,0.7158351893553716,-13.8,2,-0.05763810509198741,0.5374229279842999,0.7828885582084778,0.5552371953658827
fitted,Fitting,h06,477,52.5,62.7,0.8107326838230899,0.7873769247193491,-2.9,0.4,0.7239634451050699,0.6067372507393849,0.7389825477753216,0.630389468245554
fitted,Fitting,natlake,477,71.8,64.1,0.49378817336735803,0.673840706343008,-0.1,-0.1,0.4842124529535825,0.588669087026702,0.49807238443175395,0.588689790717169
fitted,Fitting,rulebasedloc200,477,79,68.9,0.6165609497196973,0.7438196879194718,-9,1,0.37553873130513005,0.5248287727841192,0.7468557085387119,0.5627079627198859
fitted,Fitting,sdp,477,53.9,62.3,0.8564401246792531,0.7994999881464881,4,-0.1,0.7093910651649424,0.6123806794054956,0.7480955201788017,0.6420304283166965
fitted,Fitting,starfit,477,58.4,55.4,0.8319957780106018,0.8435765545874259,-6.4,0.5,0.6585761823011532,0.692945293954214,0.7766997451253188,0.7129040370321269
default,Evaluation,gdrom,488,106.6,81.3,0.4985043229847218,0.6116307432739371,2.6,1.2,-0.1371413324804065,0.33917276256182205,0.40947058775043244,0.3993057644901685
default,Evaluation,h06,488,126.6,100.1,0.4166027991489185,0.13254736813540657,6.6,0.6,-0.6036471339681271,-0.0017576837149422264,0.19195395683951874,0.07113537185729922
default,Evaluation,natlake,488,272.9,86.7,0.3112345110818494,0.3150842022493866,-30.4,2.9,-6.450261205063068,0.24728070762200394,0.1530888852478335,0.24946185209137361
default,Evaluation,rulebasedloc200,488,94.7,71.3,0.556898460082386,0.7418550930137315,0.6,-0.7,0.10251583041082746,0.492186522060033,0.49648410776345603,0.5511453401443276
default,Evaluation,sdp,488,304.9,112.8,-0.4704921916898004,0.32052565420514223,34.7,-0.2,-8.297631883197568,-0.2727780986690158,0.0017634313953540624,0.10458284945087915
default,Evaluation,starfit,488,577.1,74.2,-1.3892671854534777,0.5732221028706675,-58.1,6.1,-32.31929211097954,0.44959476370496687,0.01766445458124048,0.4568620310579901
default,Fitting,gdrom,488,96.8,69.2,0.7054148744743808,0.7408220256834448,10.9,-0.7,0.06323643466014672,0.520380996251776,0.6269751319046117,0.5585503741002262
default,Fitting,h06,488,124.5,101.8,0.5529566171106284,0.08990004207054447,13.2,-0.6,-0.5511168805649356,-0.03743971795675005,0.35006895965102,0.050791040214302925
default,Fitting,natlake,488,173.1,91.1,0.3589868005936093,0.18963212666615759,-25.8,2.9,-1.9971328236208246,0.1693066609098085,0.34944572031390075,0.17126215076545578
default,Fitting,rulebasedloc200,488,94,67.2,0.4959869865015962,0.7744320701630769,2.4,1.1,0.11684981927929428,0.5480168628767657,0.5960150858949458,0.6002249175818257
default,Fitting,sdp,488,275,129.4,-0.10047843148627766,0.051445900196629535,42.9,-5,-6.5628161081523455,-0.6746049665420495,0.018361883547189255,0.0036220214100666343
default,Fitting,starfit,488,336.6,67,-0.584235464507143,0.6952056861490097,-42.6,10.5,-10.329144139180332,0.5512199905709319,0.13803518978973534,0.5748667459251577
fitted,Evaluation,gdrom,488,158.8,79,0.1488877339523127,0.6788415587546002,-9.5,4.3,-1.5212299733692727,0.3749618486338716,0.38844050344571357,0.46557454478450366
fitted,Evaluation,h06,488,123.2,101.3,0.395191290442368,0.10276057124908,4.2,0.7,-0.5175921334110338,-0.02544356884790977,0.18201072252621966,0.056915827511837214
fitted,Evaluation,natlake,488,112.1,88,0.38755049242145045,0.3150129436093969,-5.9,1.5,-0.2561940453558298,0.22583763985490968,0.16878638180042216,0.23131801660618767
fitted,Evaluation,rulebasedloc200,488,89,71.7,0.5870946563856331,0.7344962205486525,-2.4,2.3,0.20803955684303477,0.48538150129233104,0.5795740295151521,0.542732970679365
fitted,Evaluation,sdp,488,299.4,113.7,-0.1393994554390361,0.30398068888606433,33.5,-4.9,-7.9652608671506755,-0.29413814109452163,0.0010162838230789442,0.09556790561057542
fitted,Evaluation,starfit,488,245,70.9,-0.25097092604529614,0.616548412099388,-18.4,4.7,-5.004767339709654,0.49680418775271573,0.16207278121502228,0.5016586344085373
fitted,Fitting,gdrom,488,191,63,-0.07588835943560479,0.8007259263126196,-18.5,5.2,-2.6504463882582896,0.6032345390412804,0.40432138471947243,0.6618157080767835
fitted,Fitting,h06,488,119.2,101.7,0.5373329901357653,0.08217112513069269,10.9,-0.5,-0.422203204514928,-0.03404820614511839,0.33746700851886213,0.049610897682820995
fitted,Fitting,natlake,488,78.1,90.8,0.44304175071146856,0.20541903183007426,0.1,-0.1,0.3893767589786824,0.17532918205855075,0.390756078981543,0.17664821290533275
fitted,Fitting,rulebasedloc200,488,76.9,61.7,0.6498859384187687,0.8009237504627752,-3,1.9,0.4090830576625757,0.6198425710364313,0.6710498340706996,0.647129571404785
fitted,Fitting,sdp,488,274.7,129.2,-0.0912810672338269,0.05308979927579249,42.8,-5,-6.54516294657469,-0.6690127441754032,0.02041692100263155,0.0038468020747706045
fitted,Fitting,starfit,488,279.7,64.5,-0.4523741342774241,0.7286265080642442,-31.3,6.7,-6.8243840097011175,0.5841297578314911,0.16814538699269477,0.5988367911697032
default,Evaluation,gdrom,492,152.4,112.4,0.5750849066089432,-0.013079075016362962,-28.8,-0.7,-1.3229320274666092,-0.26452079422166075,0.5810988882133896,0.005286322590740792
default,Evaluation,h06,492,187.3,275.8,-0.16841363505045348,-0.8458346120318259,34.8,9.8,-2.5074631039675674,-6.605893844733625,0.01736284621013073,0.0035058816190852355
default,Evaluation,natlake,492,195.6,138,0.36364888862093026,-0.08609855522568943,-39.9,10.1,-2.8275243278989066,-0.9039152118396729,0.46410522774172436,0.005417392606057316
default,Evaluation,rulebasedloc200,492,65.5,126.3,0.7283114487387277,0.29284337534035354,4.3,2.6,0.5708689178996116,-0.5955981968769648,0.6122313638876966,0.09400665497682331
default,Evaluation,sdp,492,126.5,157,0.38028063829217584,0.07266938474493523,22.5,8.5,-0.6003784588543053,-1.4641445239710764,0.4772919344725335,0.02336357795332987
default,Evaluation,starfit,492,111.5,244.2,0.1399651779992247,-0.5986926616586179,14.5,10.5,-0.24337574265964457,-4.963964882633766,0.19323245805329242,0.0054454693594832675
default,Fitting,gdrom,492,125.1,107.1,0.5980464844234383,0.1809899056861468,-37.8,7.3,-0.5662044612502728,-0.14818156651521508,0.8376143722461187,0.06007607174066299
default,Fitting,h06,492,155.3,268.5,0.01904465113010856,-0.7746539650244928,40.5,-3,-1.4125224442649364,-6.210079230755244,0.37465212454548563,0.01176510527752263
default,Fitting,natlake,492,153,129.4,0.14268639128345484,-0.050588950020187706,-40.7,3.4,-1.3421679661999764,-0.6747667474071086,0.3167617086742038,8.484319256091205e-4
default,Fitting,rulebasedloc200,492,47.8,99.8,0.8283807283902338,0.2671848951126643,-8.3,-0.2,0.7710035445406421,0.004338597662544075,0.8409389735056484,0.11693866657908043
default,Fitting,sdp,492,100.1,162,0.3991114746664435,-0.0916122629326046,21.5,-6.2,-0.0028657733309411793,-1.6264382251672092,0.4786648263288789,0.00498334129361699
default,Fitting,starfit,492,94.1,220.1,0.35491946409204,-0.39099217389785124,15.5,-6.6,0.11461696821024836,-3.8470121070092542,0.35488803737717944,0.00661330364811195
fitted,Evaluation,gdrom,492,67.8,100.5,0.7432402023026482,0.010660573728153877,-3.7,1.6,0.5406029156972432,-0.010613620515336875,0.5871669694370634,0.03928878112637322
fitted,Evaluation,h06,492,107.9,171.2,0.47607305754668516,-0.02108636056727109,17,5.6,-0.16366917565532013,-1.9319882142684275,0.4347016827198386,0.013784093844545426
fitted,Evaluation,natlake,492,54.5,112.5,0.7106861091110485,0.11683397690996511,2.3,3.1,0.7033190677181891,-0.26537005513233525,0.723480105571425,0.027987789130157547
fitted,Evaluation,rulebasedloc200,492,61.8,120.4,0.7563183224792385,0.32476645504379664,2.5,2.3,0.618056618075773,-0.4503360748097607,0.6358492217877175,0.1085684600404391
fitted,Evaluation,sdp,492,62.3,119.5,0.7631553328913095,0.1960014175845004,4.6,1.1,0.6123404396524451,-0.42836533360352425,0.6593314915991825,0.04152139464820628
fitted,Evaluation,starfit,492,166.1,246.1,0.3273217219459319,-0.6055143094416373,30.4,-1.2,-1.759606871049297,-5.056891696394678,0.21692622421264077,9.984667915433965e-4
fitted,Fitting,gdrom,492,138.6,102.8,0.4929040008224965,-0.2961512376599176,-41.6,6.7,-0.9207899422152133,-0.057838310698138606,0.8102511438307038,4.1760914042411504e-4
fitted,Fitting,h06,492,77.6,145.3,0.5160583500928663,-0.01124572738141616,14.3,-0.8,0.39743314483653525,-1.1116900508044676,0.6472428529246297,1.0516079427212728e-4
fitted,Fitting,natlake,492,61.9,105.5,0.5409734789838824,-0.13009229806679645,-1.4,-2,0.6170042903327873,-0.11294277627997484,0.68111838607291,0.002485942180454581
fitted,Fitting,rulebasedloc200,492,48.1,99.2,0.8203544004997203,0.26718905851639996,-9.2,-0,0.7685819342132673,0.015941113876661972,0.8556561195637564,0.11993132846280682
fitted,Fitting,sdp,492,50.8,108,0.6835633554059652,-0.10741979352783027,7.3,-3.2,0.7421644642015606,-0.16693340519903344,0.8398717887784736,0.0016166136277059782
fitted,Fitting,starfit,492,138.2,244,0.3072627490195996,-0.5797927600532438,35.1,-9.2,-0.9115631077406474,-4.955677862560293,0.30054773392065626,3.736001635930697e-4
default,Evaluation,gdrom,493,29.6,75.5,0.9360884861481751,0.6724905274787301,2.3,-1.3,0.9121863413341934,0.42956457070583753,0.9911022318333902,0.47410745333741866
default,Evaluation,h06,493,871.1,122.3,0.27185413083956245,-0.16232098021165942,-71.3,68.5,-74.90859512239179,-0.49607360669929146,0.8301621170746467,0.013155053404803415
default,Evaluation,natlake,493,990.4,104,0.1407998131421433,0.06311883689120279,-81.1,69.1,-97.10777875153985,-0.08280100999382833,0.7766480683397704,0.18604808754274985
default,Evaluation,rulebasedloc200,493,65.6,306.6,0.8419625140361794,-1.1566691237805489,4.9,0.5,0.5701735395809995,-8.400168171882894,0.9485733677818289,6.527673227826088e-4
default,Evaluation,sdp,493,805.7,129,0.27768939891543587,-0.6110869995099515,-65.7,109.5,-63.92551684197592,-0.6643036463298224,0.5099747509234036,8.537030391518348e-4
default,Evaluation,starfit,493,1170.6,204.5,-0.2568769926746266,-1.7495504839851326,-95.6,257.2,-136.07696537718368,-3.1845357560440988,0.07871790675797989,0.0017905156392518562
default,Fitting,gdrom,493,6,83.8,0.9782056771760562,0.6295773770222732,0.9,-7,0.9964473975782437,0.2973231907610484,0.997866805425186,0.4069899815132943
default,Fitting,h06,493,185.9,206.6,0.3300006618278931,-0.9631104163420547,-50.1,174.2,-2.456847818715491,-3.2691503983937977,0.4578530473704181,0.07050764328157988
default,Fitting,natlake,493,266.3,319.4,-0.2631789669998257,-2.0076328536026478,-72,239.4,-6.09349411231509,-9.205023634619321,0.016533459879882847,0.036863207735987696
default,Fitting,rulebasedloc200,493,16,285.8,0.9220747966185181,-0.970473261925227,2.8,-16.6,0.974504010400429,-7.16942413451916,0.989800018197497,0.0012448196818401027
default,Fitting,sdp,493,134.8,156.8,0.49237914403002025,-0.8669252492128281,-35.5,151.1,-0.8161202211452858,-1.4577666470028543,0.6637440011224743,0.0031121713259636523
default,Fitting,starfit,493,252.8,271.2,-0.10473055852573232,-2.1505378538427764,-66.6,300,-5.389933879112575,-6.353775138357757,0.030567604926111134,0.002372546243832693
fitted,Evaluation,gdrom,493,255.3,143.6,0.44746823617656795,-0.4970734775269472,-18.9,118.1,-5.5207249198196,-1.0625114738743413,0.26646313560589785,0.009261081071598523
fitted,Evaluation,h06,493,104.9,105,0.8255278683686559,-0.0781862452937796,-8.1,15.5,-0.10023445361088967,-0.10380902507551526,0.8711593495069052,0.010258127571220925
fitted,Evaluation,natlake,493,380.1,144.1,0.15644061319661184,-0.7040802502851067,-29.1,139.6,-13.448544745699616,-1.0779994715568852,0.05339107983004811,0.0069977791516533175
fitted,Evaluation,rulebasedloc200,493,72.9,120.7,0.8328575462099694,0.054698906949681936,3.7,-37,0.46780821647186255,-0.4577368979666996,0.7177216832960355,0.02313462724523129
fitted,Evaluation,sdp,493,25,67.8,0.9317610340071943,0.5376443407693636,-1.5,4.7,0.937654501098885,0.5400491520405539,0.9734640115308798,0.5581362076134899
fitted,Evaluation,starfit,493,878.3,371.5,-1.8394751043413047,-4.07945736079081,-64.9,490.3,-76.16455547119557,-12.805914270583447,0.03053441857466485,0.010276426171169927
fitted,Fitting,gdrom,493,116.6,171.6,0.5631995938469054,-0.6038053627345625,-30.7,131,-0.35931743594959764,-1.9438096546309196,0.7595357191638205,0.005927622602391005
fitted,Fitting,h06,493,12,106.2,0.952867315033823,0.07366257876545801,-1.3,10,0.9855615997871544,-0.12797450068814853,0.9899384173406227,0.033204471155492896
fitted,Fitting,natlake,493,98,135,0.5195958582498705,-0.1435219392760838,-21.9,101.3,0.03876097285296798,-0.8232265051828309,0.6216919123142137,0.28776998857019453
fitted,Fitting,rulebasedloc200,493,29.3,133.3,0.8363556459977783,0.03060319077659457,5.6,-29.4,0.9138821452592484,-0.7783111885845528,0.977254856933035,0.00617952506899626
fitted,Fitting,sdp,493,5.9,80.6,0.9821830583635949,0.6482451428885978,1.2,0.5,0.996518851226698,0.35002288456962327,0.9982848184858605,0.4283309830630264
fitted,Fitting,starfit,493,323,509.2,-0.5723714666528288,-4.933715249401823,-87.2,561.1,-9.4372026194759009,-24.929839159593463,0.05770427238658818,0.0060380771888706615
default,Evaluation,gdrom,497,122.6,54.6,0.48378821222756074,0.8054519681933141,-15.5,-2,-0.504497948525281,0.7016009536611566,0.687038115571572,0.704629058787605
default,Evaluation,h06,497,76.7,68.8,0.5485018973245832,0.7058251345351246,0,-0.6,0.4115821566621366,0.5268303492510938,0.7368524381041999,0.54377685806776
default,Evaluation,natlake,497,162.3,70.3,0.6301786571213972,0.5902863635838447,-25,2.3,-1.6360028191878633,0.5060943141375913,0.5542874173614729,0.5064655757700475
default,Evaluation,rulebasedloc200,497,102.2,58,0.5340949336174978,0.7786607873393875,-10.1,-2,-0.04546740964717477,0.6630399114755536,0.6562914328939029,0.6670190104502703
default,Evaluation,sdp,497,185.7,76.5,-0.36673720228899165,0.6842831243808909,27.2,2,-2.4492809727616116,0.41533526589875824,0.01185993215774175,0.6139903289632944
default,Evaluation,starfit,497,333.3,77.9,-0.4334370841139994,0.43155478060705943,-47,-0.9,-10.111990753362013,0.3929128080580465,0.25989284189065476,0.39671209362067505
default,Fitting,gdrom,497,80.5,81.3,0.744849333530724,0.686925107036581,-12.8,2.4,0.35176850011976324,0.339531610497283,0.6940754523676249,0.4918080112237351
default,Fitting,h06,497,73.5,82.4,0.7405226313238038,0.6344335417457789,1.1,-0.1,0.45908179885183265,0.3202101452103906,0.5671995188382918,0.40923706959898015
default,Fitting,natlake,497,110.1,85.2,0.5332916831463036,0.5724760282431136,-21.9,0.9,-0.2122505232166929,0.27419190868453114,0.5016894222864224,0.3513246554132547
default,Fitting,rulebasedloc200,497,93.9,83.2,0.6722198227819349,0.6612168808210845,-13.6,2,0.1185503031342211,0.30694581203051785,0.5656175671907934,0.43926121235022675
default,Fitting,sdp,497,188.7,144.5,-0.2367143817913484,0.1577620085900836,40.9,-4.5,-2.5605700788346817,-1.0876828653882082,0.003376104144880061,0.27918179976970287
default,Fitting,starfit,497,252.6,83,0.11624379904053872,0.500636777740797,-56.8,17.2,-5.383366987218226,0.3106004229402821,0.34224980642137043,0.36873257734376813
fitted,Evaluation,gdrom,497,61.1,63.6,0.8067443134016749,0.8019416577096764,4.5,-0.7,0.6268821444315003,0.5957050671436104,0.6999695664705813,0.6476883434125018
fitted,Evaluation,h06,497,62.4,61.3,0.8038650723423331,0.6556104848072253,-0.7,-0.6,0.6102983168679409,0.6243435427722175,0.681532352045221,0.6290485258880076
fitted,Evaluation,natlake,497,66.6,64.7,0.7997089305510096,0.6754777542323441,-5.4,0.5,0.5564982869777252,0.5813547114025427,0.7254218743736883,0.5816319929593181
fitted,Evaluation,rulebasedloc200,497,73.7,56.6,0.7500917784147471,0.7995567897206738,-7.6,0.2,0.4571776159624005,0.6792688108542155,0.7554234984677255,0.6843301072313623
fitted,Evaluation,sdp,497,172.3,71.8,0.23014691325167358,0.7060993876001818,25.1,-2.4,-1.9687566128769838,0.48425195386783393,0.15435302998945905,0.6552570539097321
fitted,Evaluation,starfit,497,161.2,76.9,0.20969521063721996,0.505618318899586,-19.4,0.9,-1.600766667185051,0.4086885621308479,0.5796390525706927,0.4092300425596741
fitted,Fitting,gdrom,497,73.5,93.4,0.6230414948810763,0.6006838899779492,12.1,-1.6,0.4591837654988654,0.126967001091991,0.7031048481263117,0.396361719693036
fitted,Fitting,h06,497,71,79.7,0.7126446346544566,0.6227025455611815,-2.2,-0.8,0.4962959635803157,0.36534335018863195,0.5332467005783145,0.41652389954682456
fitted,Fitting,natlake,497,60.8,77.1,0.706633048439196,0.685274939338334,-3,-0.3,0.6299270293887782,0.4050151310782285,0.6437795212934098,0.4745613582122109
fitted,Fitting,rulebasedloc200,497,94.7,80.6,0.6876667670649586,0.6772250966760127,-15.2,2.1,0.10382326042454237,0.35062710153138676,0.5900744549226924,0.4596815124102383
fitted,Fitting,sdp,497,188.7,144.5,-0.23578339706735085,0.15778903272791434,40.9,-4.5,-2.560322858739433,-1.0880777216013455,0.0033237569043994635,0.27890681450950167
fitted,Fitting,starfit,497,218.5,78.9,0.2230766046580991,0.5147692061674638,-48.6,12.9,-3.7764624900719044,0.37712469270323323,0.45013636054828493,0.40419460778833816
default,Evaluation,gdrom,502,47.8,65.8,0.8844427284936844,0.7888508025750713,-2.6,-0.9,0.771009317401637,0.5673819338205641,0.7991331115993456,0.6357103579597325
default,Evaluation,h06,502,123.2,77.3,0.3432455322191196,0.7127114022294216,9.4,-2.6,-0.5171083871398077,0.4024104042085208,0.39865364636327094,0.5466001741473013
default,Evaluation,natlake,502,63.9,67.3,0.7092876990539803,0.759726502990501,10.2,-0.4,0.5915501554578053,0.5465115469693166,0.7124335258430554,0.6606124290887911
default,Evaluation,rulebasedloc200,502,149.9,79.8,0.155526073388921,0.6721213958467969,1.2,-3.6,-1.2484482244180062,0.3625377372568661,0.17778259968625862,0.5760427619154106
default,Evaluation,sdp,502,208.4,91.6,-0.360709056913598,0.5585552977805325,54.8,-0.3,-3.3454779295526507,0.16142540453158893,0.06441762781644035,0.5428548625664337
default,Evaluation,starfit,502,241.2,71.9,0.22198716469837565,0.7167363454800675,-66.9,13.1,-4.818035658730746,0.4824965016751074,0.47350292796380744,0.5613873565668881
default,Fitting,gdrom,502,44.8,68.6,0.8993419728237397,0.7662601348904088,-0.7,0.5,0.7992794164573457,0.5295693834745294,0.8093172575617991,0.6292585221927671
default,Fitting,h06,502,101.9,82.1,0.4839328419314822,0.6801543070217495,1.8,3.2,-0.03793231091624372,0.32542615146045983,0.48413551207415306,0.48202056487435346
default,Fitting,natlake,502,63.1,75,0.6292498031306637,0.7262386221299004,9.9,-0.3,0.6015610310506339,0.43683269592411333,0.712306626355687,0.5730234912133375
default,Fitting,rulebasedloc200,502,103.3,82.4,0.5180872935867601,0.6636007695908408,6.7,1.3,-0.06693477022144978,0.3208132801347652,0.42616113262566613,0.5443088402303375
default,Fitting,sdp,502,192.3,101.7,-0.16864226151525785,0.5184719083323313,56.3,-2.1,-2.6996909167319147,-0.034447523206603936,0.029997845183074603,0.42882203216833287
default,Fitting,starfit,502,214.3,81.2,0.2204101708843832,0.6213278678254679,-65.9,24.3,-3.591971125737958,0.3405445083606825,0.37556975084976063,0.5035758361422051
fitted,Evaluation,gdrom,502,57,65.9,0.8417570835804157,0.7829756885037673,-3.6,0.2,0.6751578870977195,0.5651889776989096,0.7265117081118058,0.6130731740454926
fitted,Evaluation,h06,502,106.7,68.6,0.5207375780392245,0.7647836909741168,8.6,-2.6,-0.1394509698222921,0.5299131101753833,0.31321442113758313,0.5871718073396459
fitted,Evaluation,natlake,502,55.5,64.7,0.8394397170914676,0.7929827744394795,2,-0.5,0.6918525197429537,0.58067591959679,0.7120511911493899,0.6535406685732243
fitted,Evaluation,rulebasedloc200,502,83.6,70.2,0.6638169947563186,0.7330032005470304,-3.1,-0.5,0.30093218647998365,0.5063886023069724,0.44450319721593173,0.6488067843233281
fitted,Evaluation,sdp,502,159.1,83.8,0.29018824625052864,0.6263162053873819,38.8,-2.4,-1.530991132647047,0.2978761775216566,0.2187420957763416,0.5749152843451242
fitted,Evaluation,starfit,502,173.1,72.8,0.18225082376196822,0.7074224181086688,-36.1,7.3,-1.998550253496032,0.4699526399258961,0.43543897260378606,0.5231249842623572
fitted,Fitting,gdrom,502,55,62.7,0.8115901597839544,0.8067103686801469,-5.9,0.5,0.6975589114008469,0.60636385860756,0.7287145597462109,0.6538257030187505
fitted,Fitting,h06,502,73.9,73.7,0.7287786749016905,0.704428348742429,3.8,1.2,0.45448667667628295,0.45722948422859533,0.5350997697548129,0.5069485734924004
fitted,Fitting,natlake,502,49.5,70.5,0.7953440086961593,0.759200485833895,0.4,0.2,0.7547119573581997,0.5022273718371244,0.7555522184834379,0.5865667282901144
fitted,Fitting,rulebasedloc200,502,78.6,74.7,0.7143518503810082,0.7170611246006706,-8.4,0.9,0.3823937379639517,0.44116098359803835,0.5301545895659795,0.5978666122609214
fitted,Fitting,sdp,502,139.7,90.4,0.38750325285627796,0.609255324017598,40.2,-1.5,-0.9529898661304161,0.18177352863028484,0.4209935514599144,0.4832586052746559
fitted,Fitting,starfit,502,178.4,79,0.16386206836390138,0.6515866044912191,-43.8,18.2,-2.1825862756136325,0.37555351123640124,0.39702052796840115,0.494508448095683
default,Evaluation,gdrom,509,98.3,67.1,0.6576193997482352,0.7731920941931661,-6.2,-1.2,0.03352337656473159,0.5500670746371681,0.6986977698653871,0.64570309553142
default,Evaluation,h06,509,399.6,100.5,-1.4869341654725527,-0.03469287405996724,-25.9,-11,-14.970998551074372,-0.011279293327507212,0.5372169171292906,0.03286209295816138
default,Evaluation,natlake,509,517.5,88.5,-0.025358821578467916,0.32494580403384465,-45.7,0.3,-25.792410126426628,0.21595531976500204,0.5767203041181661,0.22594388235488488
default,Evaluation,rulebasedloc200,509,375.2,75,-1.6022122076537273,0.6535080548766626,-16.5,-10.6,-13.082269393362168,0.4378537360893826,0.1327123926622327,0.47897757445974387
default,Evaluation,sdp,509,308,75.2,0.4356734473143359,0.6107139245344784,27.4,1.9,-8.491017779525544,0.4342270570185962,0.5770253220176783,0.7006483685709881
default,Evaluation,starfit,509,258,62.4,-0.23416859551129865,0.7012575742330891,-17.4,-5.5,-5.657607670120832,0.6103615681672767,0.37990433398932927,0.6122575361962463
default,Fitting,gdrom,509,61.3,66.1,0.8352788152610384,0.761494635712423,-2.8,1.3,0.6237029621015325,0.5631750846182687,0.7174458093334269,0.6763423417042282
default,Fitting,h06,509,305.3,90.8,-0.7174432891562499,0.3135968728882631,-28.1,4.1,-8.322060219979948,0.1756254169387329,0.5687286886471059,0.19910197941916805
default,Fitting,natlake,509,373.7,85.2,0.28163515251135307,0.4243790193420196,-44.6,7.5,-12.964805403929928,0.2743211006735954,0.6208660415424355,0.2919512931619309
default,Fitting,rulebasedloc200,509,162.8,62.1,-0.18727949079079265,0.7903117257298795,3.9,6.2,-1.6503580299222547,0.6147795973623187,0.5133578892220867,0.6936841302212413
default,Fitting,sdp,509,257.8,88.1,0.3833121225467412,0.4848166822330743,30.5,-5.5,-5.645757919327589,0.22379777106798282,0.48534783670323267,0.6643663677537621
default,Fitting,starfit,509,180.1,65,0.014589086708209575,0.7715773911152182,-13.7,4.9,-2.2427581815626136,0.576884194292947,0.4906831815012336,0.6096667987162504
fitted,Evaluation,gdrom,509,71.5,60.5,0.6605544607180003,0.8204078420836394,-2.8,0.2,0.48852661101101347,0.6343684670648801,0.7746780225859369,0.6812494499468791
fitted,Evaluation,h06,509,210.7,85.7,-0.721249531925767,0.5289908405321255,-0.9,-7.7,-3.438629259600991,0.2659285175686291,0.5081008942158426,0.3282304355815122
fitted,Evaluation,natlake,509,111,81.7,0.22526481193135994,0.5630824849171168,0.9,-0.4,-0.23152405032333778,0.33179657935670637,0.6597111019829979,0.3705597271589071
fitted,Evaluation,rulebasedloc200,509,172.5,69.3,-0.11851130175822866,0.7605070132441185,-7,-0.1,-1.9748795905689533,0.5191080169152225,0.49547015571261616,0.5784259054704033
fitted,Evaluation,sdp,509,286.7,71.5,0.6208983379149828,0.6362234913301238,25.2,-4.2,-7.2230519952833045,0.4889930272882814,0.5164307901441199,0.7198484051813376
fitted,Evaluation,starfit,509,190.4,59.8,0.2694450685948969,0.7149521437684838,-13.9,1.6,-2.627484672381762,0.6425700643605881,0.5578005341025344,0.6427238371892032
fitted,Fitting,gdrom,509,30.3,57.4,0.9548845581588276,0.8271021551245052,1.1,0.5,0.9079355959207196,0.6705709485603355,0.9168662454697514,0.7270804739623355
fitted,Fitting,h06,509,130.2,74.3,-0.039628180837020466,0.6970577648971445,2.5,2.9,-0.6945604197930919,0.4485825923706275,0.7288070585083688,0.49916958433484765
fitted,Fitting,natlake,509,72.1,71.4,0.5800908375616445,0.6899395757316366,2.2,1,0.4797002461483305,0.49001241565736975,0.7805359640040428,0.5143980009986587
fitted,Fitting,rulebasedloc200,509,124.7,58.9,0.15582372001589329,0.7936136750046984,-4.6,5.8,-0.5551155297316284,0.6529953058361434,0.6300337883001711,0.7331283616730142
fitted,Fitting,sdp,509,251.9,85.9,0.44631358645665975,0.5039888809447133,29.9,-5.4,-5.3455045555767144,0.26160068366672584,0.5550524794134722,0.6717577802555453
fitted,Fitting,starfit,509,156.6,59.1,0.3486548016193216,0.748604103542883,-14.8,4.2,-1.4536258869334673,0.6504598415946242,0.6358688135719335,0.6525950938363746
default,Evaluation,gdrom,511,356.4,41.7,-0.8913026444447198,0.8533364774925781,-27,-0.5,-11.7041180064132,0.8264316739220404,0.02070299929919836,0.8270491541360541
default,Evaluation,h06,511,658.4,63.2,-3.9362114688478966,0.6845966241545256,35.4,-3.5,-42.357020418314626,0.6002511023124447,0.006711823908601626,0.6007621279206821
default,Evaluation,natlake,511,519.4,50.9,-1.3710942780502156,0.7767100384942552,47.7,-1,-25.98972842639092,0.7408924029317422,0.007990856231182595,0.7422559616362745
default,Evaluation,rulebasedloc200,511,789.6,47.4,-3.4254715163919442,0.8293335369831075,68.7,-3.9,-61.36155225208663,0.774895766233246,0.015184631537328172,0.7754605132105021
default,Evaluation,sdp,511,818.8,41,-1.5639515205108103,0.886564875175019,87.2,-1.8,-66.05995905989359,0.831885886572801,0.0014174603786017675,0.8323257168994792
default,Evaluation,starfit,511,405.5,61.5,-2.195716663375665,0.69921556283181,1,0.7,-15.44493792793483,0.6212167713202775,0.021981388585666787,0.62123816701155965
default,Fitting,gdrom,511,382.7,36.4,-1.228780586557955,0.881290665240399,-35,2,-13.6499088076927,0.867376339490386,0.06227648031123795,0.8681982792169051
default,Fitting,h06,511,487.9,52.7,-2.5639173016486168,0.8122001405753073,26,1.9,-22.810550340323726,0.7223480066451374,7.111826769941213e-4,0.7237953779694994
default,Fitting,natlake,511,395.5,44.7,-0.5666286761056418,0.8567799465826017,46.5,-2.2,-14.646724799103804,0.800055584144759,2.153424464083251e-5,0.8002956720290281
default,Fitting,rulebasedloc200,511,494.1,40.6,-2.3803588513075757,0.8965702775577649,40.9,-1.1,-23.422307604245173,0.835142212384004,0.11035317071956095,0.8359942649925035
default,Fitting,sdp,511,731.1,40.9,-0.8387297196359336,0.8948291705623889,100.7,-4.5,-52.464045926009945,0.8327357184720254,0.019810705684600572,0.8353630383802804
default,Fitting,starfit,511,568.3,75,-3.8218165201832504,0.5160312325732757,8.9,-0.7,-31.301613449685547,0.4366979122609662,0.03523816100049164,0.4367479389736076
fitted,Evaluation,gdrom,511,92.6,39.7,0.44931697058436926,0.9112688347123248,-0.5,0,0.14250808795536274,0.8427240416666355,0.23862524004669725,0.8447063086492457
fitted,Evaluation,h06,511,176.4,47.8,-0.04503357320343038,0.7933200453115642,-2.4,0.5,-2.111905948139502,0.7719269275219189,0.014598950619686182,0.7742450212923669
fitted,Evaluation,natlake,511,223.9,49.1,-0.36324699304109664,0.7901745925417695,-7.4,0.7,-4.015408096950805,0.7590546749877547,0.030930512424040584,0.7605374016765518
fitted,Evaluation,rulebasedloc200,511,472.7,60.8,-1.251730823725087,0.8153769208225924,42.3,-2.4,-21.353761094324703,0.6304499861254211,0.036937225984545144,0.6677878184830351
fitted,Evaluation,sdp,511,549.9,63,-2.5650930835564365,0.687201652419374,37.7,-2,-29.245560712298666,0.6023782735359295,0.00806787593641111,0.602566167441308
fitted,Evaluation,starfit,511,292.5,54.4,-1.1809993670646826,0.7744522503133642,0.4,-0,-7.558170375286332,0.7044084345621245,0.09022224252735399,0.7044144398856053
fitted,Fitting,gdrom,511,126.4,33.6,0.49420914273272976,0.9389842388622434,-9.9,0.2,-0.5983286935894734,0.8871533298805572,0.31443394211354897,0.888510128750945
fitted,Fitting,h06,511,184.5,46.5,-0.06990268767872099,0.8065912262715043,-6.1,0.2,-2.404858202269409,0.7841148879752564,0.0334926675591205,0.785980977037658
fitted,Fitting,natlake,511,173.1,41.5,0.02672505335169395,0.8607058598361018,-6.5,-0,-1.996271043160331,0.8276980855947834,0.04977598681244164,0.8279596439578829
fitted,Fitting,rulebasedloc200,511,311.1,44.7,-0.7062300807534001,0.8969612871848219,29.1,-1.2,-8.679005829939353,0.7998848572932098,0.12819245766889395,0.8075407131120691
fitted,Fitting,sdp,511,353.8,50.4,-1.1768975068631695,0.8174941234900708,25.7,-1.5,-11.521302151007934,0.7456008376780197,9.68682072151182e-4,0.7459095662763041
fitted,Fitting,starfit,511,252,49.4,-0.838820832020033,0.8419402118208597,-1.9,-0.3,-5.352861098749605,0.7562644720414119,0.1538655268239543,0.7577792165584807
default,Evaluation,gdrom,517,464.2,82,0.09128647153239255,0.5991236043242205,-67.5,3.4,-20.549921303523494,0.3278888011272726,0.28349294094091687,0.38892460292646014
default,Evaluation,h06,517,215,93.6,0.15361716226618494,0.5095752814885943,26.3,-3.6,-3.6241497467541954,0.12289364954790749,0.5056964041290515,0.2711427998056206
default,Evaluation,natlake,517,101.7,82.2,0.6635733050201719,0.572514470314186,-11.4,0.3,-0.033983263982509504,0.32494380516337473,0.7195326185784527,0.37167032624282237
default,Evaluation,rulebasedloc200,517,205.1,81.1,-0.3293055351176086,0.6729360544278353,7.6,-6.4,-3.209782471290546,0.3415889967027491,0.18136492474008964,0.461818042508574
default,Evaluation,sdp,517,360.8,126.5,0.3297884647931174,0.30937215794640527,53.4,-0.4,-12.018453745584697,-0.600564905012944,0.5823769388889382,0.33677774789547693
default,Evaluation,starfit,517,394.2,81.1,-0.5975113253258535,0.37539189669874484,-49.1,0.1,-14.541967137919137,0.3427616924254143,0.1397947541373461,0.3461389062411148
default,Fitting,gdrom,517,255.1,82.1,0.2828301853706343,0.6299157642387669,-44.5,2.3,-5.508356783419752,0.32506780770177535,0.322570766708581,0.40765908833607223
default,Fitting,h06,517,163.7,100.1,0.3787448949788409,0.5061229376014724,23.8,-0.4,-1.6809654927778928,-0.0011869539687097141,0.4438940083238548,0.2563707708331679
default,Fitting,natlake,517,87.8,96.5,0.7343359071553062,0.47415806391060633,-10,1,0.22872908306137185,0.06872319204597921,0.5820895595235489,0.23542030109734105
default,Fitting,rulebasedloc200,517,188.9,100.2,-0.15644270896043322,0.5505490391363914,10.4,3,-2.5707020167617065,-0.0046726248416126825,0.1835140207988921,0.3537454674346213
default,Fitting,sdp,517,273.4,127.1,0.2723847977668187,0.29302081095689725,49.5,-3.2,-6.478581393112381,-0.6163040428536304,0.21765301737774453,0.35333884781452346
default,Fitting,starfit,517,277.3,103.7,-0.8923004192203612,0.3810731268675741,-19.5,9.3,-6.6920661533291375,-0.07652232231811995,0.12599660401294263,0.16115910587837493
fitted,Evaluation,gdrom,517,60.3,93,0.7852480211822542,0.5858826805179422,2.8,0.1,0.6366585247954876,0.13431447875377434,0.7596374756752776,0.3467970877574189
fitted,Evaluation,h06,517,111.2,96.9,0.412738842960645,0.5712677481020236,-4.5,-1,-0.23625913327683912,0.061689449425525456,0.17210871233806305,0.3481311115724683
fitted,Evaluation,natlake,517,66.1,80.1,0.7003152137718238,0.601909115701496,-0.6,0.7,0.5629368535914021,0.358648231620433,0.7304485282812437,0.4023015909431206
fitted,Evaluation,rulebasedloc200,517,109.4,85.8,0.4463100962527896,0.6557360823930227,1.3,-0.2,-0.19819555324661686,0.2629962483352475,0.41744987760398805,0.45736989689079205
fitted,Evaluation,sdp,517,105.8,92.5,0.46686681673475927,0.35413633080567,3.8,0.2,-0.11982430747674999,0.14361060701267658,0.48991191992261307,0.1963726554476608
fitted,Evaluation,starfit,517,207.1,83.7,-0.4079448437273703,0.454693769280766,-5.8,3.7,-3.2903204068966474,0.2984291288861324,0.22035444511688518,0.31485669859587956
fitted,Fitting,gdrom,517,187.5,93.9,-0.13618950616821812,0.5897231614137912,-14.3,5.1,-2.5179212627074232,0.1173461810934856,0.2693435951136198,0.36624199908271493
fitted,Fitting,h06,517,109.5,105.9,0.43228510874756776,0.5082671281138085,-3.9,0.4,-0.19970676169467838,-0.12099424252740398,0.1884842850176784,0.3117247636053652
fitted,Fitting,natlake,517,70.9,94.6,0.7571034952601641,0.5022503391816913,0.6,0.4,0.4966343288826519,0.10445542492605109,0.5883542995700459,0.26117274502498516
fitted,Fitting,rulebasedloc200,517,106.3,101.4,0.5051602715093517,0.5418934917884692,-2.4,2,-0.13030229824170902,-0.028895132394974432,0.36170739810099467,0.35279203303628126
fitted,Fitting,sdp,517,103.6,102.2,0.5695754692515675,0.3773187401928999,8,-0.6,-0.07281757280413093,-0.04422305803069926,0.45088181546061795,0.15742082538539404
fitted,Fitting,starfit,517,265.4,103.2,-0.8231190072490995,0.28319470117383416,-18.9,9.8,-6.044094055054296,-0.06595064099988335,0.17612778140513732,0.1145181848055468
default,Evaluation,gdrom,519,95.5,118.6,0.5956974210381462,0.2229925200072056,-7.8,-3.8,0.0884823283135947,-0.4064682748080646,0.37079086618755297,0.05273135461822015
default,Evaluation,natlake,519,92.2,116.3,0.6173382482966254,0.25010570154012157,-12.7,-0.7,0.15008019366159964,-0.3539470826333051,0.41856755135832474,0.06569217232191793
default,Evaluation,rulebasedloc200,519,113.6,104.7,0.5317731947655251,0.4875300464929714,16.5,-3.9,-0.2903864073750897,-0.09647800971002285,0.3419266524376773,0.24496466815100015
default,Evaluation,sdp,519,173.7,98.5,0.4264094778769575,0.12604145992370897,-43.6,-5.8,-2.0187783467290386,0.029697981971096854,0.5259486204887638,0.08085517520867762
default,Evaluation,starfit,519,152.5,92.7,0.22322811374615636,0.35789922583744427,-19,-5.1,-1.3257370909510091,0.14083606787066105,0.23918379197374695,0.19864850667270967
default,Fitting,gdrom,519,99.3,115.1,0.6355088758086611,0.1690357238701724,-15.7,1.4,0.013015104401613353,-0.32596318475159936,0.4511066867915127,0.03774790358335122
default,Fitting,natlake,519,117.2,113.1,0.49835229981453544,0.1469547589202158,-22.5,1.4,-0.37329234588467375,-0.2795058585461432,0.36672436752248494,0.03451006782792215
default,Fitting,rulebasedloc200,519,89.9,108.9,0.6456001873851178,0.3479028731821079,10.9,0.6,0.1913887877715712,-0.18570622299906403,0.44335435900547165,0.12528359113705023
default,Fitting,sdp,519,222.5,106.4,0.37133784697832006,0.023724697558531904,-55.6,5.2,-3.951581218747682,-0.13175275049100343,0.5102569868677971,0.02093818142417813
default,Fitting,starfit,519,113.1,100,0.5758900252267687,0.19445055696622038,-20.7,6.5,-0.27979977557019153,2.2023663783665715e-4,0.5908258696994435,0.09223257450266403
fitted,Evaluation,gdrom,519,93.7,102.2,0.5803519289104283,0.23805871326922157,1.4,-2.5,0.12128362721335018,-0.04512690654622831,0.47464003454130543,0.0949981028548313
fitted,Evaluation,natlake,519,77.3,111.7,0.7346275005569747,0.34911474010434995,10.3,-1.8,0.40286979043399485,-0.2481138674921466,0.5742166895261692,0.1229367424877294
fitted,Evaluation,rulebasedloc200,519,71.5,100.6,0.7320373482536184,0.5140386243820436,3,-1.3,0.4886911557002317,-0.011559590282266496,0.5448321908980795,0.2664045409079971
fitted,Evaluation,sdp,519,88.9,103.6,0.6817213372010013,0.4518965902097952,19.2,-2.2,0.21034293996060105,-0.07303401893052275,0.6492663174699409,0.2049646581984206
fitted,Evaluation,starfit,519,215.2,165,0.005385631012380987,0.016000020400242176,55.4,-4.1,-3.633475001332722,-1.7223250125105771,0.09206549109394607,0.17138842138839072
fitted,Fitting,gdrom,519,119.5,100.9,0.5069122744406098,0.07703629132030698,-21.9,4.7,-0.42766971347446403,-0.019249089140914943,0.6066334198411796,0.05273693851973257
fitted,Fitting,natlake,519,68.8,109.1,0.7042271458169552,0.15073429677592098,-1.1,0.5,0.5259823389046603,-0.19068965913473646,0.5437283514868708,0.043451341363506216
fitted,Fitting,rulebasedloc200,519,67.7,103.5,0.694872385721216,0.38641903921961285,-4.8,1.3,0.5410319320189949,-0.0724251523487549,0.577132697791622,0.15884512699731385
fitted,Fitting,sdp,519,86.5,111,0.5675485642607727,0.28406653199831755,14.1,-1,0.2514325645976958,-0.23176359777442235,0.5332117090879518,0.08841287211391491
fitted,Fitting,starfit,519,190.7,164.3,-0.008419776037081661,0.048987531900108294,44.1,-3.9,-2.638911546155582,-1.6989899996547764,0.09865671647190703,0.10826381585183267
default,Evaluation,gdrom,522,375.6,86.1,-0.8423521466130823,0.6096075637780323,-30.9,-3.2,-13.107791219852698,0.2577191438789632,0.04788085893385563,0.37634980277600383
default,Evaluation,h06,522,151.9,82.5,0.07438734530167168,0.39789522930861254,-5.7,0.3,-1.3065229027111203,0.31906948782937994,0.40812318446983575,0.31942415410154157
default,Evaluation,natlake,522,160.7,73.1,0.4329897163942944,0.4896082212386408,-13,0.2,-1.5828824801138683,0.4659912243537184,0.2624170866171493,0.47479368004347994
default,Evaluation,rulebasedloc200,522,387.2,71.1,-1.6319005362976484,0.645721277579304,-17.2,-3,-13.993861194338596,0.49499060041833376,1.7989548617691175e-6,0.5042956701606418
default,Evaluation,sdp,522,219.2,62.4,NA,0.7729046727456439,22.3,0.1,-3.804057545809716,0.6107072677596392,NA,0.625331617420573
default,Evaluation,starfit,522,572,79.7,-1.773879985983589,0.4883368594523465,-51.5,7.9,-31.721654186025617,0.3640862418762463,0.0407620783846207,0.3779843658906322
default,Fitting,gdrom,522,190.2,62.3,0.0024563418309868634,0.7949427276313212,-16.3,3.2,-2.616910564189625,0.6113121170729221,0.1871068148048769,0.6402478717330505
default,Fitting,h06,522,147.7,62.8,0.18014107288430548,0.683883234098396,0.2,0.4,-1.18325104422704,0.606127613649939,0.15944667491854017,0.6061640168323387
default,Fitting,natlake,522,98.5,54.3,0.5249029139328183,0.7422446966546484,-4.6,0.8,0.029699688250817258,0.7049590796082503,0.28041010111451226,0.7068934972767693
default,Fitting,rulebasedloc200,522,241.7,68,-0.6069933502685765,0.67783184714271,-0.2,2.5,-4.845165598992886,0.5373358439455856,0.027725783095537675,0.5439239859998548
default,Fitting,sdp,522,234.2,62.9,-0.4163051490051153,0.7900326341314517,35.9,-1.2,-4.486686046768591,0.6048181779528614,0.0022788909528510598,0.6315236052559473
default,Fitting,starfit,522,351.9,72.7,-1.2517089951178826,0.5765085343738762,-32.1,13.1,-11.387572000524305,0.47126623254029043,0.09333878033844162,0.4891544279169506
fitted,Evaluation,gdrom,522,90.2,65.1,0.37380271248092944,0.6603922493101158,-2,0.2,0.1856355928490886,0.5757898090268567,0.23820615927245245,0.5757988934774464
fitted,Evaluation,h06,522,187.3,64.2,-0.11950764771890476,0.6702997980453335,-16.8,0.1,-2.5105512345803134,0.5879694091292227,4.6441480684569064e-4,0.5879703260950422
fitted,Evaluation,natlake,522,122.3,68.1,0.5263968582416323,0.5689331976160394,-8.5,1.1,-0.49572880032134625,0.5360612777336895,0.28569330107591434,0.5422253126316174
fitted,Evaluation,rulebasedloc200,522,91.9,58.8,0.16832806750058982,0.7446220747833359,2.5,0.2,0.15549171269953999,0.6537112367722637,0.2139075703517373,0.6541942830584542
fitted,Evaluation,sdp,522,216.7,62.9,-0.23425510212042955,0.7764400681182348,21.9,-1.2,-3.6954210832682604,0.6043637769275297,0.001962935712196186,0.623200669259125
fitted,Evaluation,starfit,522,399.2,80.3,-1.4186934818558603,0.4897310196528831,-28.1,5.2,-14.93669984956704,0.3555933229044249,0.0850041167744896,0.3658934671869258
fitted,Fitting,gdrom,522,107.7,57.8,0.268288372593828,0.7708015025107887,7.2,0.8,-0.16109147904940735,0.6653280518210594,0.12253311864324501,0.6674440499800613
fitted,Fitting,h06,522,104.7,66.1,0.09108972198876986,0.6710998847323486,-2.6,0.5,-0.09600459037674547,0.5634531925263955,0.0440654754005187,0.5645910767757052
fitted,Fitting,natlake,522,87.3,51.4,0.5034360097771087,0.7762871214519107,0.5,0.5,0.2369319080350647,0.7353007153431514,0.2995874218413597,0.7362808840767152
fitted,Fitting,rulebasedloc200,522,132,55,0.051345890976284725,0.8096956745786896,12.2,1.4,-0.7428842479287765,0.6972981647413268,0.01831354982059692,0.7016196390313388
fitted,Fitting,sdp,522,234.2,62.9,-0.4166637733601175,0.7900338069790765,35.9,-1.2,-4.487160033570974,0.604774066655926,0.0022417393048977394,0.6315044675187508
fitted,Fitting,starfit,522,324.8,70.1,-1.152181638451859,0.6046464745958822,-24.6,9.7,-9.550527724179327,0.508483275118137,0.07053907321718915,0.5179296621220975
default,Evaluation,gdrom,529,84,61.1,0.23056709830033728,0.7794062793680796,1.5,8.9,0.29359400944312275,0.6261297293291508,0.36684827831688455,0.6488004906365278
default,Evaluation,h06,529,88.2,94.9,0.6171747636435082,0.09421283022694626,-2.6,3.1,0.22118548053875475,0.09846045570100381,0.38221024440342405,0.1045217842997229
default,Evaluation,natlake,529,129.1,88.5,0.20594285215106012,0.21098862165775234,-28.8,10.2,-0.6667439847791246,0.21590898577444384,0.19290905246333706,0.22231256997492296
default,Evaluation,rulebasedloc200,529,97.4,72.8,0.5226532919037099,0.6216294366860969,-0.2,0.2,0.05096487349861334,0.470222802734066,0.49973255840542014,0.47821035149663627
default,Evaluation,sdp,529,73,92.9,0.7150436473940973,0.13649051065023154,-0.2,3.1,0.4666335392450125,0.13742944753322928,0.5183523944748809,0.1389816030987453
default,Evaluation,starfit,529,241.2,71.8,0.09757614776732404,0.6645803415565508,-71.2,21.6,-4.821748387972559,0.4840382097149033,0.3885768909858905,0.5542856344459612
default,Fitting,gdrom,529,96.7,60.8,0.17247096348811752,0.7528040000101974,31.3,-8.9,0.0645658116133565,0.6301732405914078,0.660787642819385,0.6403185352010038
default,Fitting,h06,529,98,83.2,0.3088621275826502,0.39914810457212324,15.6,-6.7,0.040016037945245775,0.30819533480337347,0.17310991325006064,0.3115314430190709
default,Fitting,natlake,529,99.7,86.1,0.07041194032367926,0.3119727890489975,-16.5,-5.2,0.005095242441791159,0.25880703771753055,0.09396167888013517,0.2599305042488468
default,Fitting,rulebasedloc200,529,96.2,69.6,0.4016130604556396,0.7144088643645197,37.1,-5,0.07349163749555121,0.5154310536860662,0.4782696029075039,0.5431258752011271
default,Fitting,sdp,529,92,82.4,0.3680380764808764,0.4043456677899191,21.1,-6.1,0.15283033662260537,0.32128351905897656,0.28997586986717344,0.32332444574424524
default,Fitting,starfit,529,120.1,74.9,0.3079572540154376,0.5786913092569608,8.5,-0.8,-0.44153075322130153,0.4391332765617256,0.09864819782741016,0.444810359549967
fitted,Evaluation,gdrom,529,218.4,78,0.17153684838122274,0.5947699450017485,-61.6,9.3,-3.7707799798470294,0.3913521593753936,0.2348177768489864,0.42278970467082844
fitted,Evaluation,h06,529,121,67.8,0.46697570401117283,0.4411570223587544,-31.4,7.7,-0.46426813092855856,0.5399305167078288,0.5554663201878165,0.6448290984740846
fitted,Evaluation,natlake,529,82.4,85.9,0.6426785478247624,0.3004922388721045,-17.6,1.6,0.3206459525595776,0.2617228746429796,0.6427148384373053,0.261982335231007
fitted,Evaluation,rulebasedloc200,529,103.6,68.5,0.5709831424404241,0.66787793748295,-19.1,0.7,-0.07332095423828755,0.5299918660707779,0.5900730711450793,0.535307430590815
fitted,Evaluation,sdp,529,83.4,86.4,0.5490633440549815,0.3221907586174332,-4.1,-1.6,0.30478957704940035,0.2537860709948414,0.6721458511909856,0.2549387843605
fitted,Evaluation,starfit,529,244.3,85.3,0.15290935327132382,0.31147771265986846,-71.6,30.8,-4.969629617388608,0.27292447001408593,0.3495323224461265,0.3101274813954758
fitted,Fitting,gdrom,529,79.6,72.6,0.5109037116399744,0.6753641172237447,-13.9,-1.7,0.3661222780714155,0.47245267711889904,0.42419280752428834,0.49778586950452847
fitted,Fitting,h06,529,91.4,71,0.3421562550755004,0.4294524768422824,-0.2,-5,0.1639857656461411,0.4960877349658521,0.2011787866521336,0.5674092201827359
fitted,Fitting,natlake,529,94.8,83.5,0.06827063916976694,0.3819893846507204,0.8,-7.3,0.10056160049294216,0.3020491711129559,0.10257160447819383,0.30488888227699157
fitted,Fitting,rulebasedloc200,529,75.8,63,0.48700618940519846,0.7457475930062952,13.7,-3.8,0.42497936524583535,0.6030380763572465,0.4882756030806986,0.61201642415504
fitted,Fitting,sdp,529,90.1,77.6,0.38667021020562675,0.49362584216721206,27.4,-5.8,0.18748786910663295,0.39792051819966634,0.41095512690125163,0.39981943254608365
fitted,Fitting,starfit,529,135.7,81.2,0.19749964827230715,0.39014587987778415,-9.2,5.8,-0.8419503363467984,0.34027958998771013,0.04674640253837866,0.34235445971053036
default,Evaluation,gdrom,530,134.7,92,0.6590955568215937,0.5665878055325224,-19,3,-0.8141026182708846,0.15260885127941703,0.5209543780220637,0.3227968535240157
default,Evaluation,h06,530,193.8,104.7,-0.027377519640821246,0.03706687071792003,23.4,0.3,-2.756516697086668,-0.0963219410062337,0.6130136206230017,0.027631892332816738
default,Evaluation,natlake,530,110.7,76.6,0.7146684422122203,0.44158393875053326,14.4,2.5,-0.22610305208740478,0.4124208925310727,0.5686905022737135,0.4203500678273909
default,Evaluation,rulebasedloc200,530,298,66,-0.7470146084659852,0.71007126526682,32.2,-1.9,-7.880966183791612,0.5639899112561129,0.29253211314227184,0.5723622022263283
default,Evaluation,sdp,530,564.6,111.3,-0.46106431069329235,0.44801490867209326,93.1,4.1,-30.8848416306881,-0.23921419553986456,0.14719125606586497,0.3703774885145136
default,Evaluation,starfit,530,347.3,98.5,0.25867736008179043,0.5626110580586201,-55.4,4.5,-11.061601198652541,0.02910265596839312,0.2858526013169389,0.3614800779822534
default,Fitting,gdrom,530,135.5,83.6,0.3182853270873772,0.6388968002621045,-9.6,0.7,-0.8359967963360861,0.3002383365322133,0.17805219736976444,0.4097752669122191
default,Fitting,h06,530,211.1,101.7,-0.24874670534607013,0.2605983535892279,31.9,-0.2,-3.4579933615589944,-0.03408954585668145,0.4606081290758947,0.10553332474400322
default,Fitting,natlake,530,146.8,70.5,0.5994425062430923,0.5959793862468108,31.3,-2.3,-1.1557313395078044,0.5027745966459867,0.6038398267664784,0.5036980731171845
default,Fitting,rulebasedloc200,530,305.8,81.1,-0.7987735920316543,0.588037355509668,42.3,-0.3,-8.352024053085536,0.341652444250394,0.06600383784258705,0.38720359594432446
default,Fitting,sdp,530,531.3,103.1,-0.6027473502157077,0.4825921957707727,126.4,-4.9,-27.235117970582213,-0.06252307378053579,0.006413393356488244,0.4643135305662377
default,Fitting,starfit,530,249.3,98.2,0.018105405219049575,0.5193390340532538,-48,4.1,-5.217408914755703,0.03646359970957491,0.13222226570104278,0.27155535370012496
fitted,Evaluation,gdrom,530,130.2,77.7,0.7245153062717713,0.49199940424304445,-19.1,2.5,-0.6967777030511062,0.3960078232471499,0.6422885966845854,0.3977899719723889
fitted,Evaluation,h06,530,145.9,84.9,0.4737470195372847,0.515880698096489,-18.2,4.6,-1.1304204490427572,0.27853308975972924,0.25795614772990383,0.32641799554475304
fitted,Evaluation,natlake,530,102.1,68,0.6782514495533383,0.6492777377358379,-13.6,2.1,-0.04204228434500634,0.5370426813035545,0.6207665295028154,0.5393627838671956
fitted,Evaluation,rulebasedloc200,530,162.8,73.6,0.10226308714097188,0.7112204728666933,14.9,-0.9,-1.6521811413141867,0.4585476766612676,0.45804743398147985,0.512703569686903
fitted,Evaluation,sdp,530,514.6,106.3,-0.12343897949366278,0.4771269029137686,83.6,-3.5,-25.48718929820584,-0.13084187320239216,0.4395101577078456,0.4154211301119164
fitted,Evaluation,starfit,530,549.5,99.1,-0.20079584944245465,0.332199563371548,-90,37.5,-29.206199555470924,0.01775559576698582,0.047789121965109656,0.3257926817348362
fitted,Fitting,gdrom,530,189.3,82.6,0.09169657456952152,0.4433144735001624,-27.2,2.7,-2.5830909605307943,0.31736656534339325,0.16201420770959793,0.3245926239515099
fitted,Fitting,h06,530,129.7,86,0.3522693659098445,0.5102024313629046,-7.9,-0,-0.6814411818930575,0.26076911107469447,0.1982542790809273,0.3125773813067253
fitted,Fitting,natlake,530,67.1,64.4,0.696512121031369,0.7528260882380462,-0.1,-0.9,0.549088342987945,0.5847485019573677,0.5567613506956989,0.6002388893389071
fitted,Fitting,rulebasedloc200,530,179.4,74.3,0.14092724046937333,0.7221320225329368,25.4,-0.8,-2.217472391604624,0.4474438597217376,0.20934927927069621,0.5217280802202499
fitted,Fitting,sdp,530,518.8,97.5,-0.49350278143853976,0.5306859548135846,123.6,-4.8,-25.924490869497102,0.04945359662928728,0.04498519094291079,0.48609018079304317
fitted,Fitting,starfit,530,328.7,97.3,0.010320645823002295,0.23909540810390606,-74.3,37.4,-9.803447640073943,0.053236749208038114,0.3414442590722275,0.2653336753276858
default,Evaluation,gdrom,536,613.6,90.4,-0.2796491802840504,0.6163630316127815,-82.9,1.3,-36.661103689931224,0.18209732945598134,0.02819399994140123,0.3914219028504066
default,Evaluation,h06,536,154.4,89.9,0.035159544365260254,0.5279653231611624,7.3,-2.3,-1.3845940876746128,0.19167125344042557,0.4306585811973741,0.2984517924968958
default,Evaluation,natlake,536,117,64,0.6086860366939416,0.7183438270659371,-12.3,0.4,-0.36858236936321265,0.5903368482187886,0.65691046336397,0.5945696590179592
default,Evaluation,rulebasedloc200,536,326.5,71.1,-1.0295364568781493,0.7319769469874622,-23.3,-2.4,-9.665005941955584,0.49376851152512335,0.05015625448837096,0.542715710237421
default,Evaluation,sdp,536,292.1,107,-0.012580102472550259,0.44396403862589795,39,0.2,-7.536898470863459,-0.14423550832615128,0.2840046260047533,0.4575685478590127
default,Evaluation,starfit,536,490.9,58.1,-1.2367160091725693,0.741817130353911,-54.9,3.5,-23.10902577747898,0.6618498999564641,0.04679044608726718,0.6637688965674101
default,Fitting,gdrom,536,121.7,66.2,0.4362766549722641,0.7683493487176242,-9,3.4,-0.4817223289765864,0.5615088542786588,0.3433255439849821,0.6660618580752732
default,Fitting,h06,536,104.3,85.4,0.5089585595375801,0.6484205350592246,11.1,1,-0.08717624215101138,0.269906751122608,0.6320307802090639,0.4242229087045646
default,Fitting,natlake,536,76.2,62,0.7828943228928391,0.8116866748519727,-8.2,0.7,0.41978719612237836,0.6161074951979646,0.6397424226554562,0.6685124961490622
default,Fitting,rulebasedloc200,536,176,86.7,-0.13408084268678055,0.6059450357014051,1,2.5,-2.097226934084842,0.2479871987333636,0.23398729617355854,0.5561560010712723
default,Fitting,sdp,536,240,117.3,0.0065146700244411715,0.34940580856916714,43.5,-2.4,-4.760181682799946,-0.3761838843091929,0.09630687917640679,0.42809889971930837
default,Fitting,starfit,536,251.5,67.8,-0.5767634353854054,0.7478904266555977,-25.5,8.8,-5.325666171948743,0.5396886098109928,0.2445267037272321,0.6613415425760527
fitted,Evaluation,gdrom,536,139.7,65.9,0.28201399918577796,0.7450030518779697,-8.5,1.2,-0.9515963351999572,0.5652182020047807,0.3829570549645846,0.5845648596790602
fitted,Evaluation,h06,536,136.5,66.2,0.18670368265602422,0.6031784754198477,-0.2,-2.3,-0.863097480349369,0.5612258317343211,0.3627679003526741,0.5657922714532482
fitted,Evaluation,natlake,536,76.4,63.9,0.7479228705672938,0.768442255312606,-5.3,0.9,0.41657956403101526,0.5917071819803448,0.6793279768126494,0.6115275139665658
fitted,Evaluation,rulebasedloc200,536,140.8,64.7,0.14806483864891995,0.7919107675378196,-3.5,-0.3,-0.9842162856290715,0.5813082269180274,0.38291314873701576,0.6573538329513611
fitted,Evaluation,sdp,536,145.7,89.4,0.3456813016218183,0.5355765415119407,11.8,-1.6,-1.1225584065621836,0.20025140130983254,0.39301585879112116,0.30541584133282246
fitted,Evaluation,starfit,536,300.4,60.2,-0.7080633574909758,0.7015638488494682,-26.9,4.9,-8.026007434414236,0.6373960671718308,0.21093090726431357,0.6414488898782719
fitted,Fitting,gdrom,536,112.9,57.1,0.4570597912208261,0.8273888454045859,-8.1,1.8,-0.27502391946071714,0.6737273958933726,0.4591058583434,0.7302241887363227
fitted,Fitting,h06,536,94.9,62.1,0.5676426823129962,0.7868245706769026,4.2,0.1,0.09967613545358134,0.6140283698265383,0.5140429157354668,0.6339692378267034
fitted,Fitting,natlake,536,61.3,66.9,0.7792616667542027,0.7707813135476311,-1.2,0.3,0.6239365407010986,0.5517717977271007,0.6396224687015543,0.6522558017050805
fitted,Fitting,rulebasedloc200,536,111.4,72.4,0.4589976796039905,0.6893988720549902,-2.1,1.8,-0.2405276179404079,0.4751399789588515,0.35256024525343493,0.663903793328868
fitted,Fitting,sdp,536,123.5,93.5,0.5788589016683384,0.5986983111183828,16.3,-0.4,-0.5251814010634297,0.12544263742005246,0.4190584538196053,0.38425471269217243
fitted,Fitting,starfit,536,232.4,65.9,-0.47708830171525873,0.776200016914796,-22.5,8.1,-4.401663095249323,0.5656765780106832,0.2940207629238741,0.6485091105440578
default,Evaluation,gdrom,541,235.9,100,-0.06732253526795384,0.2969836493784266,-37.3,-0.5,-4.564095519669229,5.298455228947008e-4,0.11172553173024623,0.12788971037083852
default,Evaluation,h06,541,77.9,101.4,0.7081321094519603,0.4187463822901061,11.3,-2.5,0.3922382345131671,-0.027485936028569302,0.7708169576530072,0.18481425710409488
default,Evaluation,natlake,541,92.4,88.5,0.6711107591600389,0.5137976754957208,-14.5,0.3,0.14584496974076933,0.2164501786848898,0.5621767516141971,0.29699053015080223
default,Evaluation,rulebasedloc200,541,162.4,96.1,0.1723682557491617,0.391166348089777,-20,-3.5,-1.6389463166605416,0.07533523043930146,0.34384357749159034,0.19038720872870374
default,Evaluation,sdp,541,205.8,126.8,0.061047837563908636,0.3398285599396227,42.5,0.1,-3.2370161355166225,-0.6084926852358059,0.3672508460131417,0.2610833295363688
default,Evaluation,starfit,541,280.6,85.1,-0.1076073511807083,0.2930954313170795,-53.1,4.9,-6.876452343670469,0.2751791119472362,0.2913478486254852,0.28267696709726164
default,Fitting,gdrom,541,140.9,93.8,0.3366260502127856,0.4849734864797355,-15.2,2.2,-0.9853184330428986,0.12040375688716953,0.31811818470205,0.25314184290471203
default,Fitting,h06,541,83,107.6,0.6939458293415475,0.47904219507351176,7.9,-0.2,0.31131103263022486,-0.15695554550157276,0.6126818930593598,0.24552598957680233
default,Fitting,natlake,541,96.8,82.5,0.6874791670082424,0.665273215527908,-16.6,0.9,0.06336701215011631,0.31900000089950364,0.6281368482295957,0.4434362195621627
default,Fitting,rulebasedloc200,541,136.3,110.5,0.1760366720782527,0.4733333334275207,-5.4,2.9,-0.8593942073185836,-0.22103618025687344,0.40907108222335764,0.2967439882199615
default,Fitting,sdp,541,184.6,137.4,0.15825689521205333,0.24582730830766408,35.3,-2.5,-2.4097171274167226,-0.8880568166450198,0.16319559646143203,0.24619455823132244
default,Fitting,starfit,541,218.8,94.3,-0.11411270409896845,0.540707767193608,-33,10.6,-3.7894054093567693,0.11079446881619337,0.36315540906507504,0.3068663970797476
fitted,Evaluation,gdrom,541,55,94.2,0.820866269371459,0.462625122205806,7.2,-0.6,0.6974889598166645,0.1114781848712596,0.7972645745294932,0.23693540485156597
fitted,Evaluation,h06,541,68.2,87.4,0.7628299483813563,0.38073312504042056,4.5,-3,0.5341606414082055,0.2363398103981048,0.680465668587858,0.2539215390115111
fitted,Evaluation,natlake,541,58.4,94.4,0.7998927375079554,0.4308592314606614,1.2,-0,0.6590503973557784,0.10802366422072418,0.6708839754151258,0.21839473157445793
fitted,Evaluation,rulebasedloc200,541,60.7,96.2,0.8150109345909831,0.5059602456754981,-6.9,-0.2,0.6309952590412362,0.07428149393038042,0.7812895585821369,0.25969125217109895
fitted,Evaluation,sdp,541,73.5,101.9,0.7392836630666242,0.33501721881787827,6.5,-1.3,0.4592823316036244,-0.03803984480338407,0.5723171920023077,0.13684469526630189
fitted,Evaluation,starfit,541,144,88.4,0.2376212863486281,0.320794253236092,-19.9,4.8,-1.0751442356841165,0.21895911689570158,0.5716902260226472,0.23023674187085286
fitted,Fitting,gdrom,541,51.1,96,0.8686077927284118,0.5810456658683912,1.1,0.3,0.7383233473162768,0.07727882472640801,0.7688457385189391,0.3719423349771306
fitted,Fitting,h06,541,81.9,86,0.6711335681402418,0.6049520749207336,0.7,-0.4,0.32894247418962763,0.26054068154269716,0.5415218925128604,0.3712073094248785
fitted,Fitting,natlake,541,55.5,92.7,0.8087648004075294,0.5930000125611851,-1.8,0.2,0.691382768528391,0.1406200157901899,0.7018020906259341,0.3576779548662507
fitted,Fitting,rulebasedloc200,541,105.7,96.7,0.6053437996970714,0.5767536770026408,-12.6,2,-0.11844895072407091,0.064826197954607645,0.4789428350384831,0.3912880489527854
fitted,Fitting,sdp,541,70.1,98.9,0.7762273578655622,0.5419216099388451,5.1,-0.6,0.5086193367992864,0.021841981709953218,0.6117546249176384,0.30071803359814947
fitted,Fitting,starfit,541,206.7,95.3,-0.2580102571235745,0.5292779977987668,-23.5,8.6,-3.2737693523120885,0.0918498953271597,0.34416466663775774,0.28981647243571945
default,Evaluation,gdrom,554,742.9,103.4,-0.37489611748874996,-0.4901609511917293,-98,140.2,-54.20179015413774,-0.07039365629710903,0.062307581790477226,0.24633834697590054
default,Evaluation,h06,554,483.8,99.7,-0.18511885989706345,-0.20378807783320396,-61.1,8.3,-22.40964089588269,0.005089510515596252,0.39493013735729976,0.012237287729102498
default,Evaluation,natlake,554,528.4,95.5,0.2210733891927592,0.0080713440177127,-69.5,10.1,-26.930911414418613,0.08706256566250348,0.5608032395304492,0.08774535100411436
default,Evaluation,rulebasedloc200,554,36.9,84.2,0.9410731763397827,0.6036618475989056,-3.4,-1.4,0.8637431906526676,0.29131450689445515,0.9331743588830942,0.3777325583549223
default,Evaluation,sdp,554,263.4,93.9,0.23405196337923617,0.06230584239282877,-31.6,-7,-5.940562585095197,0.11749572381359552,0.5378572520885677,0.1178322644215816
default,Evaluation,starfit,554,727.4,170.3,-0.22710683803851994,-3.809174961547181,-95.9,471.5,-51.91908340302355,-1.90263313816441,0.09155616719543652,0.0031931581731497955
default,Fitting,gdrom,554,308.8,253.4,-0.5835941826912074,-5.601934546591382,-97.3,643.3,-8.53718701768891,-5.424652650550263,4.699223425088564e-4,0.07661764468855167
default,Fitting,h06,554,181,114.5,0.34142623908140557,-0.8515117804526529,-53.7,144.3,-2.27564050808502,-0.3118793295640676,0.39499119087514395,8.134912700515038e-4
default,Fitting,natlake,554,217.8,105.7,0.1282718154084299,-0.6407259297805699,-67.7,140.4,-3.7447386930226036,-0.11771270356826546,0.36919802688667225,0.06497307142164281
default,Fitting,rulebasedloc200,554,17.2,69.8,0.9302601849918958,0.7216215298703066,-5,4.5,0.9704593772336614,0.5122519739168139,0.9952964838638878,0.5445907441217196
default,Fitting,sdp,554,147.8,101.7,0.48248491426051754,-0.47230328645623576,-45.2,67.4,-1.184226192459799,-0.0340646253986403,0.6551257300622201,7.547387351198686e-5
default,Fitting,starfit,554,292.7,334.7,-0.36291138435469716,-13.168486636999102,-91.3,1410.8,-7.571411640771748,-10.203474025632001,0.019309658149625222,0.012729442617543416
fitted,Evaluation,gdrom,554,34.4,77.8,0.8658359355228658,0.604145023410924,-1,3.1,0.8818441522622504,0.3942416404623361,0.9167289659721986,0.4224393847833313
fitted,Evaluation,h06,554,35.8,76,0.95099702158266,0.7142015500673259,3.4,-2.8,0.8720428961985408,0.4229024633235714,0.9378908429732976,0.5126196280492672
fitted,Evaluation,natlake,554,149.8,84.8,0.5413474957104062,0.4467290213023004,-17.3,14.2,-1.244591744061832,0.2811691490151552,0.7419536719132105,0.30583117111359076
fitted,Evaluation,rulebasedloc200,554,26.2,78.5,0.960471272125131,0.6862395994816041,1,-1,0.9311875727142931,0.3836924523742986,0.9396721366958025,0.471734968316119
fitted,Evaluation,sdp,554,39,82.2,0.8420376026089083,0.6413724135145782,-1.7,3.8,0.8476001054938862,0.3247388450511236,0.9033032045757464,0.4181402432135842
fitted,Evaluation,starfit,554,312.6,90,-0.21308909018886868,0.2913261762531286,-35,37.7,-8.773940296448005,0.19008199581079321,0.35431193852910803,0.23763831505591893
fitted,Fitting,gdrom,554,30.1,96.2,0.909816734174613,0.30184791196775407,-8.8,8.3,0.9092644700764456,0.0734790405546234,0.9783836771374672,0.15223735588030218
fitted,Fitting,h06,554,16.8,80.1,0.8999262209560487,0.6841135725759984,3.8,5.3,0.9719231740719892,0.3577267639147814,0.9925088645768962,0.47692547523630163
fitted,Fitting,natlake,554,68.4,90.9,0.7475786743484226,0.11470327087442311,-18.3,28.1,0.5317835162172306,0.17267334365891684,0.837552091408394,0.17606012190616635
fitted,Fitting,rulebasedloc200,554,11.2,65.5,0.9721799549141232,0.7494522285290187,-2.4,0.8,0.9874480848126388,0.5712762709564229,0.9929446153562985,0.5900912837810125
fitted,Fitting,sdp,554,7.6,77.7,0.9682724239155366,0.6589911824330823,0.1,1.6,0.9942875389610316,0.39688415034395297,0.9951427798967342,0.45198440417141444
fitted,Fitting,starfit,554,197.6,104.5,0.28115942576564057,-1.0068485593516177,-60.9,159.5,-2.9041616878571435,-0.09312498903160815,0.44460691197654095,0.007063074198680718
default,Evaluation,gdrom,567,53.4,57.1,0.8443396246552608,0.7851911149075823,-10.5,1.5,0.7143408615225065,0.6743240438094036,0.9756367569457055,0.7639518683872871
default,Evaluation,h06,567,283.1,106,0.13242320086162485,-0.13338963717408947,-55.1,13,-7.014243752966934,-0.12488707332001536,0.5955180059744936,0.0022213101378112383
default,Evaluation,natlake,567,306.1,80.9,0.3527790480230767,0.43240702331473946,-63.7,8.5,-8.37161667062167,0.34508086482536693,0.8403990294693392,0.34691758498113956
default,Evaluation,rulebasedloc200,567,46,61.9,0.8220505532733021,0.8108095975647527,-8.4,0.5,0.7879565525848333,0.6164222060200173,0.977575854368442,0.6588697640307608
default,Evaluation,sdp,567,75.6,78.8,0.5766349867442471,0.6041394330404437,-12,1.8,0.42888735844475157,0.37873512658633324,0.9444017822873757,0.4135765505535556
default,Evaluation,starfit,567,246.5,54.4,0.4821602330602722,0.7330419069960623,-51.7,6.9,-5.078440806175262,0.7042853430529361,0.9892038979754412,0.8173137644482558
default,Fitting,gdrom,567,43.5,49.9,0.8843193262538838,0.8555349658321167,-7.6,0.5,0.8104411560240778,0.7509845705617347,0.9330370604900515,0.7924235433269312
default,Fitting,h06,567,242.4,91.3,-0.006275410801720005,0.35863087504321567,-46.6,1.1,-4.877991897303201,0.16661531850759503,0.7149819502947339,0.20816302591674374
default,Fitting,natlake,567,256.5,81.9,0.40204107270866396,0.4068462272608273,-54.7,10.1,-5.581235870210899,0.3285615318639643,0.7540187670996991,0.3306007556664247
default,Fitting,rulebasedloc200,567,32.9,46,0.8353209308328486,0.8837146211625962,-4.2,2.7,0.8915018892656237,0.7883289121998625,0.9602681045599792,0.8120873166847292
default,Fitting,sdp,567,59.9,63.1,0.6781384051686798,0.7795104989403239,-8.7,4.5,0.6408574624410043,0.6016399360834143,0.9202544021954118,0.6258348949794125
default,Fitting,starfit,567,210.1,82.7,0.540611559466291,0.6055235616936689,-45.5,8.9,-3.4140327677128113,0.31517615172481084,0.8922514402040449,0.603707572949641
fitted,Evaluation,gdrom,567,74.7,96.7,0.7687776032663323,0.5417393103574504,-13.8,8.4,0.44221882447620153,0.06384059298182909,0.9214036314906274,0.47075251484830455
fitted,Evaluation,h06,567,18.2,55.3,0.8714602239296424,0.8127355831995878,-1.7,1.2,0.9669719147217151,0.6935716551536489,0.9906291778974218,0.7633131589567189
fitted,Evaluation,natlake,567,24.2,57.9,0.9454236819866174,0.8345316995641454,-4,0.2,0.941436635414885,0.6650524725560014,0.9797440743861349,0.7065043641320273
fitted,Evaluation,rulebasedloc200,567,21.6,52.6,0.8621231966344032,0.8182052112543952,-1.7,4.3,0.9534758723966291,0.7231168011093394,0.9814635905587894,0.7852603811419928
fitted,Evaluation,sdp,567,15.9,54.6,0.9476730372316424,0.8183541454271288,1.5,-3.8,0.9745709968056803,0.7020158484510164,0.981083128306828,0.765332293596906
fitted,Evaluation,starfit,567,428.3,112.6,-0.10405165482875955,-0.2169652640521369,-86.1,109.4,-17.351016385084193,-0.2680249087010116,0.10188272286610912,0.45603839526834133
fitted,Fitting,gdrom,567,57.5,58.8,0.8802176897722453,0.8171413758291702,-10.9,2.2,0.6689195164399953,0.6537004671518271,0.9150562563717454,0.7164392017101383
fitted,Fitting,h06,567,18.2,44,0.8859617111919746,0.880012450293394,0.7,0.4,0.9668857472197535,0.8063245723421943,0.9827375823270731,0.8350735344132441
fitted,Fitting,natlake,567,20.4,49.3,0.9627585103392413,0.8790438156859982,-0.6,-0.5,0.9582706700021023,0.7565465434715871,0.9590686810010973,0.7761037529276071
fitted,Fitting,rulebasedloc200,567,25,43.3,0.8577299375856472,0.8781337131003306,0.9,1.7,0.9374459452043029,0.8128068081389882,0.9644720921833354,0.8419247444213647
fitted,Fitting,sdp,567,18.8,44.3,0.9151819877732895,0.8850698570686056,1.4,0.2,0.9646281975921797,0.8033067786410061,0.9773485650891762,0.829429407591019
fitted,Fitting,starfit,567,370.9,73.2,0.11510753615756875,0.511248050904866,-78.7,40.8,-12.759888538358988,0.46374117896732947,0.36054487417534886,0.5389123665526783
default,Evaluation,gdrom,575,165.9,87.8,0.20608907850872593,0.6410220135293793,-28.8,2.1,-1.752115936453805,0.2282076783616681,0.15423715498063484,0.44112270795003133
default,Evaluation,h06,575,115.5,98.8,0.474430621437402,0.40172842800145125,16.7,0.1,-0.33343697079088264,0.024338534146583046,0.25477981061664406,0.1828820344365474
default,Evaluation,natlake,575,84,78.3,0.6057869612543045,0.6887577652794488,13.3,0.8,0.29351610988308363,0.38706941391740846,0.4822251838309498,0.47498727776155897
default,Evaluation,rulebasedloc200,575,116.8,85.6,0.4921256053645634,0.6367134850435414,16.8,0.5,-0.36446550014802837,0.2670115571564272,0.36849804106669504,0.5299651086018448
default,Evaluation,sdp,575,210.9,106.2,-0.5271686754474094,0.4938864719341889,58.1,0.6,-3.449387373608565,-0.12845393385448056,5.007335678194375e-6,0.38117425433003327
default,Evaluation,starfit,575,169.1,74.5,0.11657469027099976,0.7191889545705945,-27.6,8.1,-1.8615760283743827,0.44477965312856516,0.27621527218494757,0.5860548696910096
default,Fitting,gdrom,575,77.6,66.8,0.7173732849532803,0.7822183027964061,-5.2,0.6,0.39820631444859067,0.5532827537820036,0.5377832783913766,0.6177640937761912
default,Fitting,h06,575,122.5,81.6,0.43775196830292074,0.5984753552361813,19.7,1.2,-0.5008511976728718,0.334108846924868,0.34322256730093287,0.3895419143059013
default,Fitting,natlake,575,86,65.2,0.6396747930552805,0.7801198190301659,20.3,-0.3,0.26040328463862883,0.575437023114016,0.5794126336135885,0.6114716157661116
default,Fitting,rulebasedloc200,575,118.6,70.4,0.49237774040088755,0.7400333270291648,24.9,0.2,-0.40646301777842164,0.5040874390038965,0.4599386717448888,0.6378875484826423
default,Fitting,sdp,575,219.7,88.1,-0.2469922782660292,0.621957903496333,70,-1.5,-3.82902666921355,0.22456800983866743,0.019307730158982832,0.5084325844717641
default,Fitting,starfit,575,113.6,56.2,0.36773316314894644,0.8253175835799039,-14.5,6.4,-0.2901438884407126,0.684451283058076,0.5432496445519872,0.7053601257711273
fitted,Evaluation,gdrom,575,101.5,74.4,0.6099121515096919,0.6994325442812561,-17,1.7,-0.03129546303737074,0.4462657964004856,0.4270660193278819,0.49941619712359614
fitted,Evaluation,h06,575,99.5,78.1,0.3914313801705611,0.637604121798601,-9.2,1,0.010617090632701887,0.3900702445544538,0.1987019328765448,0.4359699408423284
fitted,Evaluation,natlake,575,75.9,73.2,0.6162141205542577,0.7086541590125559,-7.3,1.3,0.4244377943804455,0.46465307795717525,0.48475395778856206,0.5129204635116823
fitted,Evaluation,rulebasedloc200,575,93.4,75.5,0.6258350395663532,0.712014957794757,-9.4,1.1,0.12826625122930913,0.42910462019080575,0.44655753708207413,0.5913450445803716
fitted,Evaluation,sdp,575,207.7,107.5,-0.30811286531268234,0.484290586832098,56.9,-1.4,-3.313502716098265,-0.1561472842976721,0.011674572177893602,0.372968804967513
fitted,Evaluation,starfit,575,175.7,78.4,0.06343993087435829,0.6690951737013422,-26.9,10.6,-2.087017021071341,0.38465114370284026,0.2235178992465705,0.5933693359632219
fitted,Fitting,gdrom,575,49.3,50,0.875615973093684,0.8214625283848747,-6.1,0.1,0.7567926680587576,0.7495140563331172,0.7958334873873678,0.7497798717904458
fitted,Fitting,h06,575,85.5,70.7,0.5296173172532507,0.6721672819963105,-1.4,0.5,0.2692992963645735,0.5005532574411125,0.32639831352478516,0.51431011828841
fitted,Fitting,natlake,575,63,57.3,0.7026092490010394,0.8147238105712477,-0.8,0.2,0.6024866858129831,0.6717876750523994,0.6036300211891366,0.6834191180909581
fitted,Fitting,rulebasedloc200,575,50.8,53.5,0.8709693391270379,0.8476895345529731,0.6,0,0.7415134162952609,0.713560183262562,0.7669052235328147,0.7574812019109832
fitted,Fitting,sdp,575,219.7,88,-0.2475126632271194,0.6219321285138213,70.1,-1.5,-3.8291510902790424,0.22459525893099952,0.019336818373721414,0.50851201341915
fitted,Fitting,starfit,575,115.5,56.8,0.35604992431548044,0.8203431937951833,-16.2,6.7,-0.3339386201081167,0.6776333940815726,0.5493406376092289,0.6991294426569358
default,Evaluation,gdrom,597,104.2,103.4,0.38321789936889206,0.15381190101099051,5.1,-5,-0.08701860926621219,-0.06901214501024411,0.6273397021476201,0.06806061288291237
default,Evaluation,h06,597,283.7,146.1,0.5025746367532665,0.1982414080182704,46.1,-2.6,-7.048765592629348,-1.1359992745243792,0.8901071100455415,0.12104515157184759
default,Evaluation,natlake,597,180.9,123.2,0.4238286321299096,0.3766334669643375,-27,2.1,-2.2730492140758245,-0.5179539260134021,0.435075385626875,0.21417778478529584
default,Evaluation,rulebasedloc200,597,92.3,91.1,0.5295702144583647,0.23015462413304222,-1.5,-3.4,0.14835207689109908,0.1697338063973448,0.5735791148731926,0.18533176963719453
default,Evaluation,sdp,597,392.1,205.6,0.04647239834713357,-0.33154695172314663,62.7,0.7,-14.38026825159095,-3.230279324146715,0.18946201968713436,0.10171461254614028
default,Evaluation,starfit,597,493.9,95.7,0.17198728196684687,0.16267473901893692,-80.6,7.4,-23.40497011848907,0.0843019656392674,0.6729606172422187,0.14817715650195581
default,Fitting,gdrom,597,25.6,126.7,0.8308504220073674,0.3483470883436688,-1.7,1.1,0.934384505534527,-0.6061386683667644,0.9735805037274127,0.2220756814968105
default,Fitting,h06,597,44.2,164.4,0.9079662423363306,0.03770822659522022,5.1,-4,0.8041960660275712,-1.70163261666647,0.8709199090002332,0.14703529945097135
default,Fitting,natlake,597,226.3,144.7,0.22175470958801136,0.20294598904609762,-45.8,1.2,-4.122051581786658,-1.0927618180309704,0.45477827368084517,0.1780391090406348
default,Fitting,rulebasedloc200,597,27.4,164.1,0.8647206558055154,0.04983787325804756,-2.6,1,0.9248744615002926,-1.6933096996914867,0.9619125187399011,0.11275939849798908
default,Fitting,sdp,597,117.2,187.4,0.25719665595657737,-0.1870002885303217,18.2,-8.4,-0.3729312560452056,-2.5107038313911048,0.4212187222939212,0.1677652067764224
default,Fitting,starfit,597,117.3,133.4,0.6120134742740022,0.257747694965764,-22.6,6,-0.37564973403991053,-0.7807213276423997,0.8682377757397443,0.08258724840510835
fitted,Evaluation,gdrom,597,71,103.1,0.7067502719467582,0.3329630949252834,2.7,-1.6,0.49577776050772626,-0.06421576194781964,0.6892774880104585,0.13183612186214183
fitted,Evaluation,h06,597,184.6,115.1,0.5887047656859843,0.00716783370372398,29.2,-2.2,-2.409553983872013,-0.32609206848209826,0.8792593075375319,0.0053664211881609405
fitted,Evaluation,natlake,597,158.2,99.8,0.7033458443806754,0.3108907341534979,25.2,-4.9,-1.5024254352451054,0.00419714341528532,0.8913218832830057,0.14203139781023877
fitted,Evaluation,rulebasedloc200,597,104.1,91.1,0.53141400108433,0.23015462413304222,8.4,-3.4,-0.08460197377867451,0.1697338063973448,0.577270112711681,0.18533176963719453
fitted,Evaluation,sdp,597,85.4,101.4,0.8014062782715405,-0.40477850976949337,-10.4,2.3,0.27000822329684837,-0.028644638504674358,0.7188242440443298,0.005463868395304447
fitted,Evaluation,starfit,597,131.3,101.4,0.7322484476064068,0.03559963234332819,-19,4.8,-0.7244568996846599,-0.029431506830501553,0.6650019686032583,0.046586640280873975
fitted,Fitting,gdrom,597,49,108.8,0.7466028357892969,0.44624444465573687,-7.7,2.4,0.7602360958413481,-0.1847881707477086,0.9583640557389694,0.20361588213013201
fitted,Fitting,h06,597,50.2,121.1,0.8091463121562825,0.3830035403666905,-5.2,-3.6,0.7481096942512756,-0.4668203715475585,0.8639110392259646,0.18174019370449274
fitted,Fitting,natlake,597,41.3,89.3,0.8405230761456778,0.5550290647473888,-3,-2.6,0.8291296438411124,0.20270094362214752,0.8520040701272683,0.32122874416054553
fitted,Fitting,rulebasedloc200,597,27.6,141,0.8591791923101482,0.23648134968318968,-2.6,1,0.9237415458475593,-0.9898095575764436,0.96258397349713,0.16161953859129546
fitted,Fitting,sdp,597,56.7,135,0.7211080359433362,0.21840574117137845,-5.5,0.5,0.6789153239417275,-0.8230742867024476,0.8584548054473327,0.05694872187607974
fitted,Fitting,starfit,597,73.7,124.8,0.6365264464398926,0.22212080181905713,-9.2,2.5,0.45737441475352736,-0.5582550270275535,0.8250492059814348,0.04952129444248834
default,Evaluation,gdrom,601,117.8,90,0.7503418176142784,0.5170249632042005,-17.1,4.3,-0.38692917779697966,0.19029806838890573,0.8596211510214125,0.2921842535227065
default,Evaluation,h06,601,161.7,99.6,0.32433595637854895,-0.04512921838737438,-20.3,4.7,-1.6155707191886521,0.0071745410460331005,0.6811834655321742,0.03456448928375092
default,Evaluation,natlake,601,338.3,91.1,0.31266374951372,0.2864695648792783,-51.9,6.1,-10.450972175384766,0.1697488126540233,0.47894803600353597,0.18991756047591737
default,Evaluation,rulebasedloc200,601,53.2,84.9,0.893821096862731,0.5076557485438055,4.8,-0.5,0.7168717516184338,0.27887835425947693,0.8213977661882201,0.319948929320734
default,Evaluation,sdp,601,81.7,94.7,0.5168928939982655,0.4901699043397538,6.8,1.3,0.3319050344402462,0.1023407715883553,0.5325324466112098,0.25243072690894097
default,Evaluation,starfit,601,304.7,90,0.39588369527202405,0.3232438881078413,-46.5,4.4,-8.285930544473345,0.18887802210992333,0.7181580566187132,0.20971146610792107
default,Fitting,gdrom,601,48.1,76.8,0.8510589936923951,0.6659254486700656,-1.4,2.5,0.768263909886626,0.4095182220471406,0.8176763832209728,0.46210539479571755
default,Fitting,h06,601,104.2,98.4,0.5386341969139707,0.2496255983448109,-15.1,1,-0.0868875979481083,0.03132197035683748,0.8340743099499804,0.11781144436459101
default,Fitting,natlake,601,275.3,93.1,0.36303265972256293,0.2796155441143715,-49.7,6.7,-6.578825059195453,0.13225920124567003,0.535722308416072,0.16844720569681138
default,Fitting,rulebasedloc200,601,32.3,66.4,0.9477243501621884,0.7691443174665789,3.2,1,0.8959006756213693,0.5584783194241592,0.9253767360331525,0.5959562583586735
default,Fitting,sdp,601,55.6,92.8,0.707983424323201,0.44582272672761036,3.9,-3.8,0.6902932486936824,0.13854485361544844,0.7482030800913676,0.2361199445057756
default,Fitting,starfit,601,215.4,142.5,0.5582729507412105,0.21346843361512635,-39.3,10.8,-3.638416943140453,-1.0302408772268832,0.8720001391437674,0.19218824573603985
fitted,Evaluation,gdrom,601,164.1,100.9,0.051877302356904464,0.4657576798555795,-17.9,18.1,-1.6939618328678523,-0.01737353098695138,0.7328095453896711,0.24763930874088821
fitted,Evaluation,h06,601,53.6,87.7,0.8781521034991306,0.5263725960821317,6.1,2,0.7121167906094803,0.23010671562356177,0.8836524624964732,0.3090710734528338
fitted,Evaluation,natlake,601,48.9,86.6,0.8793709606781228,0.3130438242546003,1.1,1.1,0.7604251043626403,0.2492266721444394,0.7899226057512807,0.2501375143016343
fitted,Evaluation,rulebasedloc200,601,41,81.9,0.9149487432374371,0.5851209154556245,2.1,2.6,0.8322085732191697,0.32953855913805263,0.8518147206473186,0.3807893525094979
fitted,Evaluation,sdp,601,66.8,84.4,0.8662260921061881,0.46705657397971656,8.4,0.1,0.5538447553956936,0.2876542374005464,0.8633447658183094,0.30960735315802074
fitted,Evaluation,starfit,601,377.1,109.5,-0.5883342098265378,0.16415674801111735,-51.4,49.6,-13.223301733780124,-0.19937250930132722,0.5389295495344076,0.13766039137607194
fitted,Fitting,gdrom,601,54.9,76.2,0.8890692695151345,0.7099778216229777,-9.1,1.9,0.6982855701019646,0.41960737649775615,0.9365108866521129,0.5050102254599512
fitted,Fitting,h06,601,39.1,73.5,0.9357418936608264,0.7032276632945811,5.7,-0.8,0.847165164621005,0.46012949541196146,0.9402654402872642,0.5070469267997162
fitted,Fitting,natlake,601,37.1,84.1,0.914915782048407,0.5205424038894371,2.7,-0.9,0.8622638444657003,0.2919473844236605,0.8831647607474487,0.3319567784087827
fitted,Fitting,rulebasedloc200,601,26.2,63.5,0.957921092754411,0.7833973887494046,0.3,1.5,0.9312535089108926,0.5966163940692266,0.9316175725006035,0.6231557945246291
fitted,Fitting,sdp,601,48.9,72.7,0.9128968524224442,0.7086525179060492,6.8,-0.4,0.760513309549603,0.4710936935960738,0.8956688352917032,0.5152058991355407
fitted,Fitting,starfit,601,209.5,91.5,0.0739697444415548,0.3320624566484226,-33,21.7,-3.3884686168715783,0.1621459344368268,0.7330091126807716,0.22718730593515069
default,Evaluation,gdrom,604,142.7,85.3,0.10668304270785323,0.656203941878145,-67.7,0.7,-1.03799610705734,0.2725921028348459,0.6722515886153638,0.4421011301778233
default,Evaluation,h06,604,152.4,109.7,0.20517757869847664,0.25222644628168156,68.8,-3.4,-1.3245684346967508,-0.20291543451952654,0.37883856801664395,0.07748529509144358
default,Evaluation,natlake,604,117.8,96,0.22580211742398004,0.42623090251059526,45.8,-1.4,-0.3888447511703108,0.07838888138224864,0.33229849401777123,0.20835540750701417
default,Evaluation,rulebasedloc200,604,137,84,0.31419219723682423,0.5790444703579819,61.8,-1.3,-0.8771987134167569,0.29375494507650646,0.49865667182435175,0.36235267629286533
default,Evaluation,sdp,604,255.9,94.1,-0.682834986699413,0.585226953114527,128,-2,-5.549572923003036,0.11498811145537635,0.15777618021826398,0.45344053110293325
default,Evaluation,starfit,604,90.1,86.1,0.5881440161808378,0.32518087130338225,-22.2,10.3,0.18824531702764313,0.2583179954118595,0.596950692504298,0.2679026170657235
default,Fitting,gdrom,604,127.9,73.3,0.39555273734166807,0.7350356479375089,-29.6,1.1,-0.6367817816012213,0.46206635771431526,0.27392802590011933,0.541463778615393
default,Fitting,h06,604,142.1,65.7,0.3551089413600549,0.7844254642906159,54.1,-0.7,-1.0205747464265689,0.5679639098973266,0.4382706062448598,0.6155393824618348
default,Fitting,natlake,604,103.2,62.5,0.4500072411069096,0.7905557456161529,31.9,-1.9,-0.06469235533336026,0.6088570825117188,0.4240972809484045,0.6342116324622958
default,Fitting,rulebasedloc200,604,101.2,60.6,0.5678149506355654,0.8193624413056017,27.8,-0.4,-0.024975677935518137,0.6321060692115971,0.5617537391200301,0.6762284409283175
default,Fitting,sdp,604,245.7,81.6,-0.49579551725657023,0.6432833315244492,102.1,-4.4,-5.03728675636652,0.3340691579243913,0.01063542125142181,0.5852851961346787
default,Fitting,starfit,604,98.9,68.5,0.4775833597781117,0.6898588518420368,-14.4,9,0.022192154554537158,0.5303131134345838,0.5829768788699368,0.5493299805187422
fitted,Evaluation,gdrom,604,62.5,81.4,0.6055729156858929,0.5084664818941201,1.1,-0.9,0.6090416885111346,0.3372221510278456,0.6249389476496506,0.3535596845942283
fitted,Evaluation,h06,604,68.2,78.5,0.47389689341532504,0.5688330900781543,-1.5,0.1,0.5345531883285843,0.38397349722656393,0.5955442026621983,0.40264985394946656
fitted,Evaluation,natlake,604,81.7,99.3,0.4950336586366776,0.2277405696266065,12.6,-2.1,0.3319173474942615,0.014280322932531786,0.3902230919609097,0.10541834190139864
fitted,Evaluation,rulebasedloc200,604,75.5,92,0.6077285625343255,0.5655352063639669,24.1,-1.5,0.4302732342080079,0.1530956759412695,0.6296767349781899,0.32089773155907997
fitted,Evaluation,sdp,604,223.3,106.7,-0.30325148659706014,0.4473094797439975,109.3,-6.5,-3.987902121773809,-0.13802576024279722,0.1596618628509865,0.20452847524943657
fitted,Evaluation,starfit,604,88.3,81,0.5956023449127268,0.5676361325561112,-31.7,3.9,0.2197552747600967,0.3432538896845192,0.5853125755239041,0.3798799277837738
fitted,Fitting,gdrom,604,65.7,58.2,0.7227431934946196,0.7088545040852656,-0.9,-0.3,0.5681768177227472,0.6609462218852329,0.5784962388956064,0.6623748949604144
fitted,Fitting,h06,604,83.4,71.1,0.5755882590804726,0.6476602190044563,2.7,-1.6,0.30399895327310444,0.4938309300646261,0.3660596054450816,0.5026813548910954
fitted,Fitting,natlake,604,75.7,68.5,0.6601039419894486,0.6831263340617048,5.4,-0.8,0.4266739962948465,0.5300936161251744,0.47475623111797355,0.5389281603036862
fitted,Fitting,rulebasedloc200,604,59,57.4,0.7418799674812973,0.8365364840900129,3.5,-0.6,0.6515330288960361,0.6703068250598556,0.657509829662582,0.7119181728882101
fitted,Fitting,sdp,604,206.3,71.1,-0.13668272823379857,0.7443190455563459,83.8,-3.3,-3.2570555565210464,0.49384798070098057,0.13490408812839325,0.6168852584293528
fitted,Fitting,starfit,604,103.8,67.5,0.54019230518313055,0.7452573026337226,-20.5,3.2,-0.07700566083618177,0.544669840762434,0.45743426855312297,0.5743034106938015
default,Evaluation,gdrom,610,549.1,84.8,0.06715725121673333,0.3711395523748816,68,-8,-29.159275715401375,0.2812680598091992,0.13078893676157438,0.3364688024769068
default,Evaluation,h06,610,669.9,91.6,-0.09326569292064657,0.21814280137895725,83.6,-7.9,-43.89468350833213,0.16085368683905765,0.08870542263138707,0.21357526099884844
default,Evaluation,natlake,610,147.3,108.3,0.038620477499687333,-0.16198102043163454,-14.1,-3.5,-1.170938118923739,-0.1737001092791306,0.0844181198225302,2.8862131214940523e-6
default,Evaluation,rulebasedloc200,610,87.6,73.3,0.7082432290009752,0.5844726792171442,9.9,3,0.23277330306116817,0.4627456962095279,0.936928143161685,0.471814748953299
default,Evaluation,sdp,610,887.2,121.7,-0.385873874309147,-0.16117761841155898,111.4,-8.3,-77.72877155929679,-0.48095407617082264,0.04453822980985928,0.006116745505261528
default,Evaluation,starfit,610,451,74.3,0.4277281863507568,0.5225713704795891,57.1,-1.8,-19.34953147696757,0.4482133515621164,0.9765593438254145,0.45128662870539704
default,Fitting,gdrom,610,98.1,90.4,0.5675704721878148,0.4113593305074107,8.5,-5,0.036570147598002034,0.18311671206790103,0.4217277514820538,0.24455540117761834
default,Fitting,h06,610,154.1,88,0.7121255774283819,0.31345161586234827,19.5,-5.7,-1.3759774925241492,0.225189821572494,0.6218243446362224,0.2501591794785111
default,Fitting,natlake,610,329.7,136.3,0.14467871023748946,0.08297709819357069,-44.5,5.3,-9.873018035343266,-0.8581105963982347,0.27979896291673384,0.007141340295301107
default,Fitting,rulebasedloc200,610,120.7,83.7,0.3970381417348242,0.432521524592099,-3.2,-2.2,-0.45725828824059955,0.2989100040021564,0.18722073534497846,0.3102880320629419
default,Fitting,sdp,610,239.3,110.5,0.416282733641965,0.20621564763603006,31.8,-9.4,-4.725870591540723,-0.22105752977487958,0.4689893663956841,0.06700518844495285
default,Fitting,starfit,610,160.2,86.1,0.19064460008824702,0.3711653323225459,9.3,-5.9,-1.5683037117284129,0.25894578733718987,0.10206574437836295,0.28642076522146404
fitted,Evaluation,gdrom,610,227.3,92.4,0.0016297362221462386,0.580325311704666,-24.5,8.3,-4.165736809077968,0.14600447911086256,0.7681670727382545,0.34775565947359144
fitted,Evaluation,h06,610,415,91.4,0.13625211982537555,0.21519211147829875,50.6,-6.6,-16.223789632483733,0.16406391095447992,0.09367953809137668,0.20024929373568215
fitted,Evaluation,natlake,610,413.6,107.8,-0.3202103244095089,-0.15605206375847547,48.5,-10.8,-16.110157018459155,-0.16231715172993932,0.051977354481261395,0.004218936356929673
fitted,Evaluation,rulebasedloc200,610,109.4,73.3,0.8022737755319564,0.5844726792171442,-13.5,3,-0.19661331808430504,0.4627456962095279,0.971553653493625,0.471814748953299
fitted,Evaluation,sdp,610,353.6,118.6,-0.08461647064749522,-0.06336213651211686,42.5,-9.5,-11.505561867500083,-0.4075479458747022,0.007695321793576774,4.1814092237239965e-4
fitted,Evaluation,starfit,610,57.6,77.2,0.7859733959202367,0.5711459984170087,3.3,-2,0.6679587719220024,0.4042762035632784,0.736636227405979,0.41947995159147
fitted,Fitting,gdrom,610,124.7,88.6,0.790874200754086,0.54784997398831,-16.1,3.9,-0.5562904709538481,0.21571860618867789,0.8018142284857154,0.32163797483135126
fitted,Fitting,h06,610,55.4,88.9,0.8512980588990823,0.28309453466685897,1.1,-3,0.693554431256058,0.20997285496759288,0.7272494794599152,0.21916429249765593
fitted,Fitting,natlake,610,52.4,96.2,0.668891568998931,0.0682496857125886,0.2,-2.9,0.7248951530746668,0.07462939789818801,0.7548938622295437,0.08873634257509187
fitted,Fitting,rulebasedloc200,610,100.3,81.2,0.6651968023833974,0.44571227666770874,-8.4,-0.1,-0.0071259889283101785,0.3402319431074745,0.4567297354197012,0.34246456839535466
fitted,Fitting,sdp,610,73.5,99.7,0.7405462164313874,-0.026347863045458775,-3.5,-2,0.45917568442930323,0.005706552461953174,0.5602473146920118,0.03774045713107515
fitted,Fitting,starfit,610,159.9,87.8,0.20633112795168063,0.4181416359034861,9.8,-5.9,-1.5560596098060548,0.22950121481536945,0.11129251931682733,0.27568883322450233
default,Evaluation,gdrom,613,574.3,30.5,-1.9964009486926226,0.9459341128844618,-38.1,0.7,-31.989179630317977,0.9067524452967972,0.014138529944207421,0.9073181774145418
default,Evaluation,h06,613,826.3,37.3,-3.6760329821013586,0.8691261216451641,55.5,-0.2,-67.29079929525354,0.8608204579463282,0.04717973147769234,0.8622906375597305
default,Evaluation,natlake,613,1655.5,27.3,-0.9374560347503009,0.9600426658839306,146.7,-0.7,-273.13646436461244,0.9253355952909085,0.0075553105980387895,0.9260887644191901
default,Evaluation,rulebasedloc200,613,1590.8,40.3,-6.946734346700459,0.9188565808641114,118.4,-0.2,-252.122092955973,0.8372139283663824,0.0034903896011882303,0.8451248881318324
default,Evaluation,sdp,613,1763.1,29.6,-0.9568471206176901,0.9553404705008551,157.1,-0.4,-309.9293064294497,0.912608038534627,0.004348249849491093,0.9155317499135595
default,Evaluation,starfit,613,535.2,46.9,-3.301095477418551,0.8445351395125471,-8,0.5,-27.64855116085677,0.7798104724513445,7.046089277123663e-7,0.7800523953251339
default,Fitting,gdrom,613,148.6,23.7,0.1277038653445659,0.9579410356991532,-2.4,0.3,-1.2096151032316973,0.9439316114670732,0.2707394591606291,0.9439488044055331
default,Fitting,h06,613,520.1,34.6,-0.6573266028055256,0.9101696094256948,77.3,-0.1,-26.058827194828172,0.8801193962818932,0.07264403808269433,0.8801311129703684
default,Fitting,natlake,613,846.9,29,-0.6032062538782421,0.954794837247568,137.6,-0.7,-70.74012814939935,0.9157942385246224,0.03146294697338323,0.9192744522254568
default,Fitting,rulebasedloc200,613,844.5,29.7,-1.6295686191247398,0.9530567807714865,128.7,-0.7,-70.33921708198386,0.911777175641765,0.01589654408292139,0.9154384796297842
default,Fitting,sdp,613,883.8,28.8,-0.7699881725158226,0.9533008000203954,143.9,-0.8,-77.11824915371596,0.9172686266652894,0.0012722515204853912,0.9212563463790648
default,Fitting,starfit,613,537.9,57.5,-3.747034659541936,0.70224824730419,16.5,0.1,-27.939736546347067,0.6689703216988176,0.2539226136916819,0.6722199194763216
fitted,Evaluation,gdrom,613,445,32.1,-1.818138430633014,0.947453772020655,-22.9,0.4,-18.806825151105347,0.8967199867220145,0.0340910822902828,0.8987901270043693
fitted,Evaluation,h06,613,364.4,39.1,-0.6372885170388958,0.8914600418826801,-24.1,0.4,-12.279770355716957,0.8474511503372002,0.014723629256019442,0.8475038470394124
fitted,Evaluation,natlake,613,287.6,33.6,-1.0828259080748883,0.9171234400698517,-2.3,0.1,-7.273603743102774,0.8870478950401892,0.06003990932787441,0.8870491485978185
fitted,Evaluation,rulebasedloc200,613,644.9,54.4,-4.03765183509643,0.845265574688421,24.7,0.1,-40.598648189072186,0.7038331425975999,0.05101697027573833,0.7481835948036234
fitted,Evaluation,sdp,613,1737.1,29.4,-1.1476195767745807,0.9510768948173923,153.7,-1.6,-300.84298501591087,0.9134698396227793,5.217053583174553e-4,0.9175546954913962
fitted,Evaluation,starfit,613,401.7,38.2,-1.8894432028504098,0.9022539246739069,-10.7,0.5,-15.138665750152448,0.8537574639303195,1.0333784898291578e-4,0.8540016359202618
fitted,Fitting,gdrom,613,187.5,24.9,-0.21523545913840825,0.9634309774634576,-0.3,0.4,-2.5155490867877988,0.9378909967866821,0.18495688820459263,0.9380827843917412
fitted,Fitting,h06,613,115.5,36.7,0.38750424838018316,0.9043143926387666,2.8,0,-0.33485979117448705,0.8653086428093832,0.15381005780755008,0.8653270382890427
fitted,Fitting,natlake,613,157.3,29.6,-0.013991158431339246,0.9461260783407369,3.6,0.1,-1.475452402934271,0.9124103117398537,0.3530594424761717,0.9126243905684639
fitted,Fitting,rulebasedloc200,613,401.1,57.9,-1.31847034728978,0.8168672687745826,42.8,0.1,-15.092414665426006,0.6650427089572408,0.07044828141880287,0.7310184787026573
fitted,Fitting,sdp,613,883.1,28.7,-0.7576942310991501,0.9535871955594937,143.8,-0.8,-76.99633060997897,0.9177016783699831,0.0014492325620884651,0.9216343682619115
fitted,Fitting,starfit,613,193,35.8,-0.31957763314694576,0.8894371879631995,-1.8,0.1,-2.725027698948198,0.8719541397548485,0.24971415561601853,0.8724758826065334
default,Evaluation,gdrom,616,334.3,78.3,-0.014967483942326387,0.701688689708889,-14.6,0.1,-10.176811873365368,0.3872967534105085,0.1846269332535588,0.4946206493245002
default,Evaluation,h06,616,192.5,51.2,0.02304162192491155,0.7360080977003295,-6.2,-0.1,-2.7049881289484015,0.7372782129454893,0.0010969978561925855,0.745217584845113
default,Evaluation,natlake,616,225.1,81.2,0.10890553616856513,0.6876938702656217,10.1,-0.1,-4.068535946323554,0.341218124694995,0.061540011597460025,0.4879652056963489
default,Evaluation,rulebasedloc200,616,1174.9,58.1,-2.233696433629164,0.8032013191957343,-55.5,2,-137.07301256029731,0.6619793636103011,0.047614684017078204,0.6757211799130073
default,Evaluation,sdp,616,246.1,90.3,-0.437601492377212,0.6199532272238244,11.3,-0.2,-5.057674841679247,0.18509055205130143,0.0018417843180386251,0.459455361050715
default,Evaluation,starfit,616,221.4,64.6,-0.3007286608787165,0.7812571115638289,3.9,-0.4,-3.9011573131352355,0.582399082120622,0.0418485743014443,0.6149959434472841
default,Fitting,gdrom,616,245.2,73.6,-0.5926668219390792,0.734292090447598,-4.7,0.2,-5.0144091635556896,0.4582148985556408,0.12907552332537023,0.5405461977003959
default,Fitting,h06,616,223.2,50.7,-0.31707282653865776,0.7650371157735592,-4.2,0,-3.981452285252101,0.7431496755112272,0.02571020649518486,0.7462107178258441
default,Fitting,natlake,616,221.2,78.9,8.704701217272515e-4,0.7041758727725602,10.1,-0.2,-3.895615935827875,0.37743335335519923,0.001685736205897497,0.5199111908566029
default,Fitting,rulebasedloc200,616,840.1,87.1,-5.446455529545121,0.647292707171871,-23,0.1,-69.58961110840876,0.24207855675104073,0.028974028290341843,0.45254015419498755
default,Fitting,sdp,616,234.8,85.6,-0.3969364033048213,0.6506903074393613,11.7,-0.2,-4.511934964601117,0.26642751402155407,1.9863341105637696e-4,0.49997307225837745
default,Fitting,starfit,616,473.7,67.5,-2.8241661442835024,0.7561166952615213,-5.5,0.1,-21.44584140595479,0.5444749844326158,0.04743251443332394,0.5797880650154198
fitted,Evaluation,gdrom,616,131.3,73.6,0.32720294713457543,0.7346463846922833,-1.3,0,-0.7236198075933762,0.4587025647405232,0.24881544189645136,0.5882874687579179
fitted,Evaluation,h06,616,101,50.6,-0.05582312934723732,0.8344243702992356,1.1,-0.1,-0.020321348274126017,0.7442644531788398,0.03884013049401494,0.7460486339749632
fitted,Evaluation,natlake,616,115.3,58,0.4649302036926708,0.7525970596634921,-1.7,0.1,-0.3293069026044837,0.6632765958857234,0.3568378526148907,0.6637474535370964
fitted,Evaluation,rulebasedloc200,616,81.5,55.4,0.4547646342146746,0.8178215892316041,-0,-0,0.3350255208071914,0.6933674435037374,0.3394590710504451,0.7001544097769684
fitted,Evaluation,sdp,616,246,90.3,-0.3944851304635002,0.6177838021723521,11.3,-0.4,-5.051068822933389,0.1848778156529034,6.127233078526621e-4,0.4664842596300669
fitted,Evaluation,starfit,616,1030.5,56.9,-0.7271993533499708,0.8181655381017902,-50.4,1.3,-105.22485952192207,0.6764631232540879,0.09697142628836891,0.7437869659607225
fitted,Fitting,gdrom,616,417.4,73.8,-2.3373156850459265,0.7337544931624217,-4.3,0.1,-16.427915504976927,0.4552206209488263,0.07261600839787791,0.5404130004765654
fitted,Fitting,h06,616,107.6,49.1,0.017058487296411795,0.8371476245833788,-0.5,-0.1,-0.15717050350611328,0.7589240359851801,0.017423231073123942,0.7597210290078826
fitted,Fitting,natlake,616,142.4,56,0.22671889889699393,0.7807497200997167,-0.3,0.1,-1.0287364492032665,0.6860313953169579,0.1402433102892547,0.6871823531360108
fitted,Fitting,rulebasedloc200,616,97.8,53.2,0.3234885406810192,0.8298048971686555,1,0,0.04241136310155369,0.7170415419795572,0.15903849310190935,0.722001733250589
fitted,Fitting,sdp,616,234.8,85.6,-0.39693009979361094,0.6506964301483273,11.7,-0.2,-4.511930309926472,0.26644125249154216,1.9898879646503573e-4,0.4999776254566731
fitted,Fitting,starfit,616,933.2,60,-5.765784868789143,0.8206403466421055,-29.9,1.8,-86.1058163906942,0.6402943478095955,0.039697669080809815,0.6749647799710871
default,Evaluation,gdrom,625,36.9,61.5,0.8775869097854107,0.7857008503544126,9.7,-0.7,0.8641261196382601,0.622238543995421,0.9077315929118221,0.6383987603970173
default,Evaluation,h06,625,64,104.6,0.7556897959097979,0.10947658407865579,22.9,4.4,0.5903064526690461,-0.09530862455239308,0.8425030183427739,0.04514211964258664
default,Evaluation,natlake,625,77.2,107.6,0.49275373852175497,-0.03783425806425367,-21.7,2.6,0.4031629194537909,-0.15906238253861238,0.6829205276251402,0.008281359173756194
default,Evaluation,rulebasedloc200,625,117.5,120.8,0.4950262184034123,0.3868038588233673,47.2,6.5,-0.3806797538886344,-0.4603834092090804,0.6748396132615361,0.20307135509146396
default,Evaluation,sdp,625,63.4,103.5,0.7718193340484646,-0.1220274251273854,15.2,3.9,0.597913625140113,-0.07197863617518818,0.7622119345252295,0.006380889600950573
default,Evaluation,starfit,625,123.6,88.2,0.4291870037176596,0.17138421944493654,-48.5,50.5,-0.5272107554690169,0.22180330402474413,0.7248385828228223,0.28905822149876903
default,Fitting,gdrom,625,43,90.5,0.8966616096430398,0.5917434963928441,6.8,-0.9,0.815232731747362,0.181225172093316,0.8523404549404101,0.35027886969675087
default,Fitting,h06,625,79.3,129.4,0.7273476367905662,0.06330679140433415,19.8,-2.8,0.3713112404633442,-0.6751193978471279,0.6632614347118776,0.004861263145474792
default,Fitting,natlake,625,95,104.2,0.438417294644456,0.05104924636678021,-27.3,0.2,0.0971003986359893,-0.08635321369654658,0.6167772220167709,0.03215538783241239
default,Fitting,rulebasedloc200,625,111.2,126.7,0.5779526904254173,0.33606891496796565,34.3,-4.4,-0.23772804878385867,-0.6055928767622407,0.5690880906392316,0.15359788550523154
default,Fitting,sdp,625,54.9,117.7,0.8435088989822391,0.02910280039710611,-2.2,0.4,0.6989134695724375,-0.3845224105410179,0.7460263602145913,0.005818804898808591
default,Fitting,starfit,625,128.2,91,0.4208386815471421,0.2516114861946559,-38,27.2,-0.6447446651189186,0.17252670757041044,0.6180230159190881,0.2097318372472396
fitted,Evaluation,gdrom,625,38.9,74.3,0.8605887790884178,0.6814982857587668,5.4,-1.3,0.8483217112778865,0.4478492605669132,0.8631028257293265,0.48782346354198897
fitted,Evaluation,h06,625,42.8,95.4,0.897403141357159,0.04920665522083789,-1.8,4.4,0.8164514983859316,0.08900534406989857,0.837405214889791,0.09209850529835989
fitted,Evaluation,natlake,625,44.8,99.8,0.7900102707345981,-0.10700958014699369,-0.4,0.3,0.7994294568740039,0.003074451651709942,0.8060908428389338,0.022631929865258298
fitted,Evaluation,rulebasedloc200,625,68.1,73.9,0.7001581665612135,0.6357520933461904,21.1,-1.6,0.535525829872051,0.45439940837935944,0.7405858085837315,0.4711289182214793
fitted,Evaluation,sdp,625,55.7,98,0.7989566704259923,0.041407032186977166,11.7,-0.3,0.6893770925995015,0.038914130231346156,0.7540605592009811,0.062429040527473716
fitted,Evaluation,starfit,625,61.4,77.4,0.6074964465401486,0.44776379761535223,-9.2,26.2,0.6226945609299913,0.4000109408085958,0.8610131874412946,0.41841405431976797
fitted,Fitting,gdrom,625,85.6,128.2,0.6550817483488146,0.32295482975886647,-2,-0.8,0.26635649379389714,-0.6427967075328982,0.487544129697961,0.14055859168964246
fitted,Fitting,h06,625,59.3,113.9,0.8240545581344897,0.0052588495178151895,2.7,-1.2,0.6484071523260333,-0.29643565300590513,0.7047240547703671,0.006033354664860472
fitted,Fitting,natlake,625,53.5,102.3,0.804413390769514,-0.009550554881875728,-4.6,-0.9,0.7137408506203362,-0.04767324446628418,0.7279561976822956,0.026588838479355354
fitted,Fitting,rulebasedloc200,625,70.8,100.2,0.6865007107503792,0.4913243841612125,14.2,-2.5,0.4981074763896034,-0.005034909052050063,0.6258405148787688,0.2421023038618332
fitted,Fitting,sdp,625,51.6,103.5,0.8263455225362628,0.0877789964255512,1.9,-2.4,0.7341343046124937,-0.07146353387894488,0.7379910324386869,0.04346048050208645
fitted,Fitting,starfit,625,63.6,94.7,0.6532233251563246,0.4151432249399969,3.4,9.6,0.5953974584135802,0.10381804525677019,0.7934281704425324,0.21407827733600984
default,Evaluation,gdrom,629,779.1,52,-0.43519933930338306,0.8337077567175892,-21.4,0.4,-59.72190514393072,0.7297078082750779,0.04272546309433798,0.733423050151604
default,Evaluation,h06,629,172,48.3,0.279563893453324,0.8223948005493715,-3,0,-1.9607921361963236,0.7668339881159553,0.1808699553148932,0.7668425428137086
default,Evaluation,natlake,629,652.4,54.2,-0.19926327863779214,0.8544138396391383,18.4,-0.2,-41.57877035423169,0.7057227989541102,0.014224185764170299,0.7315052780220791
default,Evaluation,rulebasedloc200,629,655.6,54.3,-0.3530410031096194,0.8544728944158878,18.5,-0.2,-41.988516102121,0.7055781538328061,0.0014760359975845392,0.7323160796726877
default,Evaluation,sdp,629,656.6,54.4,-0.41167670108424304,0.8536152245706858,18.5,-0.2,-42.11904805704726,0.7037104114734611,4.1813880085874334e-4,0.7314105704199848
default,Evaluation,starfit,629,462.8,54.6,0.03178880839767739,0.8451954091845415,12.4,-0.2,-20.423918690268437,0.7013208351778462,0.0072616954368134885,0.7177477734904044
default,Fitting,gdrom,629,492.2,46.6,-2.969307744396175,0.8509226793098537,-1.4,0.2,-23.233303286218433,0.7829118174756388,0.0022221239556094764,0.7833294818613654
default,Fitting,h06,629,191.4,44.9,-0.13298181207796067,0.8377920911974648,1.5,-0,-2.6637338721639425,0.7981587917951971,0.04817030588900094,0.7984123039726633
default,Fitting,natlake,629,500.3,48.6,-0.09416687571977489,0.8823075046611119,18.7,-0.2,-24.038398362325804,0.7633176247495452,0.008702641749783377,0.7788974240470969
default,Fitting,rulebasedloc200,629,497.6,48.7,-0.004944908093448497,0.8812500813279284,18,-0.2,-23.761595791449686,0.7624629067003434,0.003639982642876041,0.7766425503109561
default,Fitting,sdp,629,505.5,49.1,-0.24894137199126187,0.8801454733612869,18.9,-0.3,-24.55706353856709,0.7583864401176468,0.0022612593540631484,0.7765787442895309
default,Fitting,starfit,629,366.9,48.7,-0.018304536834024887,0.8739057943201296,12.4,-0.2,-12.465570054657796,0.7628748998593,0.014814134647097089,0.7709758384865518
fitted,Evaluation,gdrom,629,182.9,62.3,-0.0903659809442916,0.8078997375810844,-1.5,0.1,-2.3478613762811995,0.6119445936485636,0.18282550314770254,0.6532610007294359
fitted,Evaluation,h06,629,117,48.4,0.3870707842943941,0.8436411486889532,1,-0,-0.369772292070089,0.7659675497081571,0.1502595373889136,0.7668359775139066
fitted,Evaluation,natlake,629,313.3,51.5,-1.1268677447803035,0.8274410430690167,-3.6,0.2,-8.8214216137976,0.7343709911609972,0.0927591881367779,0.7363149928535423
fitted,Evaluation,rulebasedloc200,629,354.9,49.4,-0.07632164145869336,0.8568620641274343,8.7,-0.1,-11.600598718819297,0.755405392245085,0.05526862024459737,0.7596667775022917
fitted,Evaluation,sdp,629,655.9,54.6,-0.3195358842118736,0.8526616070948712,18.5,-0.3,-42.02985471438316,0.7020776420143544,0.0015012738873896635,0.7329863571711064
fitted,Evaluation,starfit,629,2902.2,57,-4.965069967377905,0.8075346951292619,-80.5,5.5,-841.4989771692068,0.6747792781827107,0.008662049138848072,0.7678578509547409
fitted,Fitting,gdrom,629,218.9,51.7,-0.3968929933326095,0.862591540647344,-0.7,0.1,-3.7941466565272233,0.7325434794155452,0.034836775962226875,0.7463035392751369
fitted,Fitting,h06,629,139.8,45.3,0.16794462412838795,0.8563031266235687,-0.9,-0,-0.955031672594213,0.7944432057022089,0.03282029065072998,0.7946515101865292
fitted,Fitting,natlake,629,224.9,46.2,-0.6313119459574428,0.8562229844735058,-0.7,0.1,-4.0586860567790985,0.7864985644716043,0.23474258102602533,0.7870694998803941
fitted,Fitting,rulebasedloc200,629,313.5,44.5,0.26037572028372835,0.8801212922868227,10.8,-0.1,-8.827237412839594,0.8017443212621644,0.22922362428686285,0.803614986382687
fitted,Fitting,sdp,629,505.4,49.1,-0.24212814650217163,0.8802123098478515,18.9,-0.3,-24.55071332989112,0.7585230686716983,0.0024119341027270557,0.7766425913140834
fitted,Fitting,starfit,629,1177.9,48.3,-7.963638931195273,0.8831892255313227,-23.3,1.9,-137.76913731642614,0.7664219228899578,0.01930791944648219,0.78282842560972965
default,Evaluation,gdrom,657,40.5,64.7,0.872141949710322,0.7942161288224163,-9.3,2.2,0.8361467060329071,0.5812529094225807,0.9019882359440086,0.6468269589216323
default,Evaluation,h06,657,1006.4,85.4,-3.2385515558932942,0.3189948065421394,411.9,-15.1,-100.32185453047285,0.27063842453287223,0.7010905160458535,0.28719282661946216
default,Evaluation,natlake,657,229.7,89.8,0.06269475681977899,0.1742021900959928,91.9,-4.3,-4.276626058280569,0.19387677694043148,0.6942954179232235,0.19832374991463916
default,Evaluation,rulebasedloc200,657,162.2,77.5,0.3176224024805172,0.6529648686815157,62.8,-2.2,-1.6329332905729106,0.3987129583675342,0.8054345360452813,0.4492007602111187
default,Evaluation,sdp,657,1046.2,86.2,-3.3236971783807423,0.31559884741587485,430.4,-14.8,-108.49115518292153,0.2570116153645642,0.6932321889679975,0.27286370657181175
default,Evaluation,starfit,657,627,66.7,-1.874920078555939,0.5998041968203196,247.8,-1.8,-38.32029247292221,0.5556398144953753,0.5806187840017946,0.5592369955942136
default,Fitting,gdrom,657,51.6,82.1,0.8014053035420572,0.6813733620759198,-18.9,1.9,0.7338381468843247,0.3253227842399583,0.9315322820465732,0.4971947040414209
default,Fitting,h06,657,136.1,85.4,0.23180222193754318,0.5740092776530425,49.7,-16.6,-0.85341356445207,0.27020449471110586,0.6293725550372552,0.38373580015202663
default,Fitting,natlake,657,121.4,100.8,0.16977370699269012,0.1697809462626937,-39.4,-0.1,-0.47486322725738805,-0.016941352365540396,0.623498741256415,0.07807422434322625
default,Fitting,rulebasedloc200,657,69.8,67.2,0.6848356561500581,0.7738792936757561,23.7,-5.1,0.5125010944157634,0.5481470866781277,0.833418380611407,0.6097350790858354
default,Fitting,sdp,657,141.7,90.5,0.09783223257344631,0.44276399286843526,49.2,-19.5,-1.008295375115944,0.18155120025420135,0.4758479603078395,0.28243075020742703
default,Fitting,starfit,657,113.8,64.3,0.4314469656678067,0.7394953275705836,41.7,-11.8,-0.2941526824325096,0.5865633548307448,0.7035864321173204,0.6177745461268371
fitted,Evaluation,gdrom,657,81,78.4,0.633391031695262,0.6305172454888591,-24.7,5.9,0.3430651523610303,0.3844874230242973,0.8231238389100318,0.43309959947167803
fitted,Evaluation,h06,657,338.7,79.2,-0.539328828680468,0.35257064702885876,134,-6.5,-10.473523199546088,0.37199778147887874,0.8101096392664469,0.40198260334689123
fitted,Evaluation,natlake,657,419.8,98.1,-0.8245140473104997,-0.07072692954346782,166.1,-19.8,-16.63130282485436,0.03704751930411987,0.5331719450300695,0.06541384722719859
fitted,Evaluation,rulebasedloc200,657,79.4,74.4,0.4462615713739634,0.6810683219820504,-0.7,3.5,0.3700334194785715,0.4470429798142209,0.7947254146683463,0.488556807299787
fitted,Evaluation,sdp,657,431.1,83.4,-1.0540092185323071,0.2910748322731572,160.8,-14.8,-17.589744969805427,0.304473067415858,0.3057702537080321,0.33855700765082186
fitted,Evaluation,starfit,657,487.4,74.7,-1.334590341195958,0.38744247881615423,179.9,-19.5,-22.758822178799516,0.44239873030365395,0.14615811523086317,0.5259160202206683
fitted,Fitting,gdrom,657,67.6,66.7,0.7312036075708233,0.7398657175626471,-26.3,4.2,0.5433070667118449,0.5554520072311648,0.9272135793663779,0.5788683080436404
fitted,Fitting,h06,657,52.3,82,0.6025519360470531,0.394994557780454,-11.8,-5.7,0.7268432745451582,0.3280390094752037,0.9156775982739709,0.33185959490726286
fitted,Fitting,natlake,657,51.3,96.8,0.5436163433762775,0.0055166802265996795,0.9,-6.7,0.7365100289189401,0.06229375181142671,0.8974523215141001,0.07151047578538204
fitted,Fitting,rulebasedloc200,657,39.9,59.9,0.7668922175661046,0.8199971876523893,8.7,-1.9,0.84054394195064,0.6412400060171953,0.9093337368930414,0.6741406705668153
fitted,Fitting,sdp,657,61.5,87.1,0.4998726988019827,0.4432944440677262,-11.6,-1.6,0.6216237325379252,0.24047706264769508,0.8653890777593244,0.2753124426711619
fitted,Fitting,starfit,657,136.7,75.9,0.24471858664600477,0.6565209239586087,49.5,-16.1,-0.8695634732399662,0.42395801916899456,0.5478327071311533,0.4998136014925823
default,Evaluation,gdrom,753,38.7,41.3,0.8766494742231182,0.8947646849867651,1.4,-1.1,0.8500879994958388,0.8292021822504663,0.8814761615354925,0.830483553037392
default,Evaluation,h06,753,74.2,46.6,0.7674230992798232,0.8296324758884757,8.5,-0.4,0.4495748406037918,0.7828022860790669,0.6144437999773036,0.7829306439423308
default,Evaluation,natlake,753,127,54.3,0.40848645084524393,0.6925817526627607,-24.8,4.3,-0.6139703900458591,0.7049241756157384,0.46856291151465734,0.7202039126422736
default,Evaluation,rulebasedloc200,753,140.5,67.8,0.20901630844786556,0.6297343622413545,-6,-1.4,-0.9749717800519486,0.5404770038543157,0.2958776841371325,0.5407813765810134
default,Evaluation,sdp,753,149.5,69.5,0.2809517707741125,0.764344630926086,30.9,2.5,-1.2364259050425148,0.5169158877085094,0.5036811637972441,0.6076097281849783
default,Evaluation,starfit,753,67.6,55.6,0.7345917726212208,0.7024989615119904,-1.6,1.3,0.5434366292577317,0.6908467583788767,0.5691878618986089,0.6979641475570019
default,Fitting,gdrom,753,45.1,74.3,0.9111727667449852,0.636699996042205,-4.3,0.4,0.7963129075129419,0.44846584238084763,0.8658152804927819,0.4674843726364999
default,Fitting,h06,753,79.3,89.3,0.6503439931726267,0.5853339167327793,3.5,-0.5,0.3705874255550169,0.20328860086946143,0.6436875648650014,0.34460958928137947
default,Fitting,natlake,753,183.3,68.3,0.34962063603041826,0.6957603899559599,-30.1,1.3,-2.3595356353845753,0.5334834359983662,0.498078975340368,0.5457302892839784
default,Fitting,rulebasedloc200,753,103.1,97.9,0.5291273580934033,0.5316497047723715,6.2,-0.8,-0.06270657196289586,0.04228840194595962,0.48812106508908915,0.28331737702362164
default,Fitting,sdp,753,145,138.8,0.46772300410093826,0.2561618138003602,22.5,-4.2,-1.1033574110589517,-0.926974408628257,0.4768442397875512,0.15808715668639028
default,Fitting,starfit,753,75.9,77.3,0.773821668704303,0.5715457748562103,-6.5,-0.1,0.4239657145728545,0.4027174929676133,0.6242760511958936,0.4159934781160955
fitted,Evaluation,gdrom,753,55,48.6,0.7670002512330765,0.858139716428383,0.6,-1.1,0.6978063457582538,0.7632774856734903,0.7971022048239103,0.7666867011086367
fitted,Evaluation,h06,753,75.2,56,0.7217311350370292,0.6359069169427662,1.6,0.4,0.4340563499126865,0.6860333891868375,0.5218906555941228,0.717554066422597
fitted,Evaluation,natlake,753,64.8,49.5,0.6427256358230726,0.7874811343426703,5.7,0.5,0.5803104742822361,0.7546308655834308,0.6466106089975121,0.7560452909040252
fitted,Evaluation,rulebasedloc200,753,145.6,62.4,0.2930867051206161,0.64742384547733,-17.1,-0.4,-1.1213666206025135,0.6106417643641244,0.31863772067830315,0.614575131189407
fitted,Evaluation,sdp,753,85.1,65.9,0.5862670561846435,0.7195664323694622,8.2,0.8,0.2759655011785539,0.565340752923928,0.4170985975301969,0.5752772609146517
fitted,Evaluation,starfit,753,277.9,97.4,-0.5018717397677714,-0.13309720624512877,-42.2,4.5,-6.726820580155692,0.05189674712919379,0.11958365770013345,0.07421485894337147
fitted,Fitting,gdrom,753,41.7,76.4,0.8793216362224553,0.6609473830640356,-0.8,0.2,0.8258569019568914,0.41633265547479825,0.8562704426616379,0.4611263631735803
fitted,Fitting,h06,753,78.4,77.9,0.6783412523243519,0.4930994338192105,-1.8,-0.2,0.38468612246946754,0.39295500322509413,0.6007065521937968,0.3937938945369756
fitted,Fitting,natlake,753,58.8,68.7,0.6948068689699489,0.6128182061739167,0.1,-1.4,0.6537696750879511,0.5278026532885886,0.6561812576521876,0.5289928662716336
fitted,Fitting,rulebasedloc200,753,67.8,85.8,0.7751935310639382,0.623063734053002,-2,0.4,0.5406269778991435,0.263850790669227,0.6457764599141183,0.38906965479217626
fitted,Fitting,sdp,753,109.5,101.2,0.6290729337095728,0.5288389335201001,15.4,-3.6,-0.19997705549417022,-0.024266223271311116,0.5367971494440419,0.2915761299716156
fitted,Fitting,starfit,753,321.2,97.9,-0.41617638910831456,-0.013424644321433865,-44.3,8.6,-9.315709124509524,0.040996004763436567,0.12440957515073996,0.08403063465287411
default,Evaluation,gdrom,767,510.5,195.2,0.06946694928268582,-0.1999145782895162,-84.9,29.5,-25.07238656380746,-2.810493622478587,0.40111209824907723,0.012738758064852158
default,Evaluation,h06,767,331.4,123.9,-0.3047917578592634,0.02617935224688428,-46.5,3.2,-9.983205664731337,-0.5362823916521131,0.24670489255565242,0.002600406290292568
default,Evaluation,natlake,767,97.6,85.1,0.6365277027044169,0.3830104869998957,8,-0.7,0.04763750132058353,0.2755653770847357,0.5211695160675945,0.28065062345187564
default,Evaluation,rulebasedloc200,767,439.2,110.1,-1.681788912786625,0.06094573705522888,42.7,10,-18.295967631117723,-0.2122892723716614,1.3596111005567826e-4,0.022105386256541255
default,Evaluation,sdp,767,439.1,95.7,-0.22588317110903655,-0.03568951370865503,68.3,-1.5,-18.283468027074903,0.08341061260791949,0.16918991996590912,0.0864136072666208
default,Evaluation,starfit,767,577.7,211,-0.2155293349666152,-0.5073700806913857,-96.4,125,-32.378015164600676,-3.4537571579837856,0.3787838619988396,0.033791209182915796
default,Fitting,gdrom,767,279.8,173.4,0.002744771800240242,-0.04538868214801073,-46.9,12.1,-6.831170647245744,-2.0077947243996634,0.2736972371708748,0.00817156359027688
default,Fitting,h06,767,176.9,103.1,0.03077540983554461,0.13452442129377717,-15.5,1.2,-2.130731418685816,-0.0636375293677598,0.23214034381691026,0.057369352795398454
default,Fitting,natlake,767,131.7,99.7,0.5671245625273165,0.19030304332838532,18.8,-0.4,-0.7353410471715023,0.0062622815709220125,0.3813373183456402,0.09059724018661973
default,Fitting,rulebasedloc200,767,602.7,139.7,-2.3394924202840213,0.1287545342248898,92.1,-5.5,-35.33201022436846,-0.9518516029985846,0.19656684172251054,0.019343929694156995
default,Fitting,sdp,767,608.5,161.8,-1.7693950351899201,0.028597795719475183,102.5,-3.9,-36.033941638798005,-1.6195213088079279,0.2036425663869579,0.011909748466055192
default,Fitting,starfit,767,472.9,163.4,-0.1399040131905458,-0.22541510567285283,-91.4,88.5,-21.367830608768642,-1.669361026619446,0.1384048520873005,0.03927553542408888
fitted,Evaluation,gdrom,767,535.5,159.2,-0.11907708976639464,0.04545264308664443,-87.8,46.9,-27.685098352536613,-1.5355527477029973,0.1030809590673633,0.07031126300000247
fitted,Evaluation,h06,767,321.1,122.1,-0.29447570751927854,0.016543837056998356,-44.5,2.6,-9.313959780906144,-0.4906213423352239,0.25035009819855664,0.002408814665436316
fitted,Evaluation,natlake,767,96.2,85.2,0.6816398743072511,0.4648774623670464,-9.2,0.5,0.07463482275709443,0.27424596675131074,0.5483540524385774,0.3010923237964282
fitted,Evaluation,rulebasedloc200,767,444.9,106.4,-1.3264172423259541,-0.020493642275729362,-52.4,25.8,-18.800109922025925,-0.13252169035871475,4.3595858611037195e-4,0.03505113225835773
fitted,Evaluation,sdp,767,311.3,98.9,-0.11620013301584908,-0.1712443635647618,44.4,-11.2,-8.692510288305044,0.02255378022799437,0.22798402455077788,0.06350157374932955
fitted,Evaluation,starfit,767,568.9,327.7,-0.2978774578859904,-1.5680875772742282,-92.6,232,-31.376110375146567,-9.740260517753114,0.012748187137789576,0.009890279890359854
fitted,Fitting,gdrom,767,425.1,161,-0.20474816354814007,0.014103781310564556,-78.6,42,-17.077881034313165,-1.5912600632089604,0.014990709129053785,0.025161988090936213
fitted,Fitting,h06,767,172.2,102.4,0.01632194673922016,0.12783051948115498,-12.3,1.2,-1.9650041164101992,-0.04935393780887787,0.23171990975222473,0.058383373058446965
fitted,Fitting,natlake,767,83.3,103.7,0.620193283733351,0.18492545520377268,-0.1,0.4,0.30584308688586515,-0.07458793868329838,0.39405110856611086,0.07053711158913016
fitted,Fitting,rulebasedloc200,767,526.2,127.8,-2.811366668804043,0.1353517231758492,58.4,-0.2,-26.69792067095045,-0.6345000914490144,0.21292242993522703,0.018791629729953574
fitted,Fitting,sdp,767,323,94.4,-0.6742640677946339,0.19900432440509752,47.1,-1.9,-9.434266757435994,0.10895308193814657,0.2789243412422457,0.13220185668274373
fitted,Fitting,starfit,767,484.2,245.1,-0.28719713778770584,-0.8514620535353861,-93.2,150.5,-22.450270894791476,-5.007080245744189,0.028054196176856144,0.004884572345400727
default,Evaluation,gdrom,768,104.7,213.5,0.6572619699209183,-0.3484486461387717,-15.9,27,-0.09730085952830825,-3.5575166316988796,0.5997455262910573,1.0658042673784913e-4
default,Evaluation,h06,768,53.7,199.9,0.8452927264703631,-0.23768364391233332,-0.8,6.3,0.7110213654971282,-2.99862597941616,0.7580847509275104,1.0592757316986768e-4
default,Evaluation,natlake,768,211.4,166.9,0.5041109295256607,-0.08804180249044191,-44.9,30.4,-3.470682972152293,-1.7873368951366277,0.6303923534237318,1.760199100421009e-5
default,Evaluation,rulebasedloc200,768,55.3,219.4,0.8721530164398684,-0.3817343136236755,6.6,2.4,0.6940255009978546,-3.816680223693477,0.7936937513050432,9.904545177098262e-4
default,Evaluation,sdp,768,51.5,147.7,0.887835824623084,0.002895346115433295,-6.2,7.9,0.7351319761730727,-1.1822084011665819,0.8231267090093929,1.0995257417256978e-4
default,Evaluation,starfit,768,443.6,3072,-0.4596799033642034,-28.697888550446656,-96.1,260.7,-18.684461112470828,-942.9732867885032,0.03167143095126976,1.4651948743084644e-6
default,Fitting,gdrom,768,78.4,202.8,0.5982213173812241,-0.2538742547409658,-7.3,16.6,0.38462170574667853,-3.114957861957551,0.7372126268960321,0.008076263077639333
default,Fitting,h06,768,56.1,242.9,0.7921942794362361,-0.5956622597331955,1.4,6.1,0.6855842872023938,-4.903307202827787,0.7727901806286356,0.010428340194909846
default,Fitting,natlake,768,192.7,159.6,0.5267790019859864,0.04641865519323185,-44,35.8,-2.713322428556078,-1.5466883883053746,0.6850282909693839,0.04575054516391083
default,Fitting,rulebasedloc200,768,35.7,176.2,0.9154213380415852,-0.04378754084761938,2.7,2,0.8722853764183406,-2.1056114004469495,0.8977561614187993,0.026136682657019444
default,Fitting,sdp,768,63.4,115.6,0.7488694044589645,0.1374837528440438,-6.2,8.5,0.5981763142855041,-0.33593849376078944,0.7754743946661555,0.02998253809914742
default,Fitting,starfit,768,406.7,3268.6,-0.4037589105287587,-30.672429691647803,-94.8,253.3,-15.543371547015752,-1067.561253798336,0.06681949514273942,2.9908264212333643e-4
fitted,Evaluation,gdrom,768,40.3,196,0.9191382531176426,-0.20853810486499746,-0.1,5.1,0.8379040057257798,-2.8417411436845823,0.8449139995068317,3.506646504010344e-4
fitted,Evaluation,h06,768,65.5,177.1,0.8249595232805889,-0.11044669382450722,-8.3,7.5,0.5706313117146646,-2.1374660194020696,0.7559619899718767,2.1208652588903238e-4
fitted,Evaluation,natlake,768,55.6,126.8,0.8784864213763007,0.05234955065244984,-8.5,9,0.6902448780154655,-0.6078336447111967,0.8402978434492048,0.004807823881348396
fitted,Evaluation,rulebasedloc200,768,44.8,196.6,0.8941290364108015,-0.21212108105879968,2.4,4.4,0.7988502836656811,-2.8665860380143173,0.814238168944965,4.615036873369284e-4
fitted,Evaluation,sdp,768,38.8,129.5,0.9180064745685959,0.08407531070876173,-3.4,6.9,0.8492044524413966,-0.6778241380800942,0.8736314666097994,0.00820966164354513
fitted,Evaluation,starfit,768,102.7,207.4,0.6220552521852492,-0.33485192792294005,-12.5,9.1,-0.05598870580055881,-3.3022860561936476,0.4171737345406408,0.022894403759375216
fitted,Fitting,gdrom,768,50.5,159.4,0.7880054483085428,0.04641092223038723,-1.4,6.5,0.7451453211089163,-1.5398491070786413,0.827771672407804,0.014925026654302264
fitted,Fitting,h06,768,67.4,216.4,0.7251468556672154,-0.36187305460568076,-3.4,9.1,0.5462069708862908,-3.682122114183592,0.7103945241058678,0.009415786611707156
fitted,Fitting,natlake,768,52.4,104.4,0.8574995063893964,0.2605530092365308,-8,6,0.7257313350231926,-0.08922434601541518,0.8639539679235083,0.09696478705964942
fitted,Fitting,rulebasedloc200,768,34.7,140.6,0.9288553944909085,0.18808938923995344,-2.1,4.8,0.8795110637807756,-0.9762541756698397,0.8964968186628057,0.05052672132277042
fitted,Fitting,sdp,768,30.8,115.4,0.9482262351013588,0.31506467669372284,-2.4,3.6,0.9048734285191421,-0.33147325121688653,0.9154725000946685,0.10021941385055778
fitted,Fitting,starfit,768,82.8,187.7,0.6785888602805281,-0.13413802457303414,-6.2,14.8,0.3137672861698473,-2.5237159466699506,0.5771949797695396,0.022969694157770143
default,Evaluation,gdrom,774,302.1,40.3,-1.2682467296057447,0.9055195432156934,-7.9,0.5,-8.131709719325823,0.8376721972300588,0.1111250452811392,0.8393243846494055
default,Evaluation,h06,774,600.6,56.8,-2.6744358177662537,0.8367121262286629,71.7,-0.6,-35.07704625344413,0.6769679477069676,0.1515244423932048,0.7006695787494825
default,Evaluation,natlake,774,474,46.6,-1.0797062030038447,0.8917649703171285,68.6,-0.6,-21.470809499074388,0.782600623425503,0.34348871372275414,0.7979527295099946
default,Evaluation,rulebasedloc200,774,684.5,46.3,-2.037232239090551,0.8699318255157514,98.1,-0,-45.86684148859629,0.7858891171052638,0.06282045639553739,0.8196954460332326
default,Evaluation,sdp,774,866.6,43.4,-1.0459862816227123,0.8086726099904956,145.9,-0.1,-74.12765849939203,0.8118189983543411,0.0027825280653717656,0.872161340311824
default,Evaluation,starfit,774,664.3,48.1,-4.425682660829777,0.8776120307121845,33.3,4.1,-43.14083647016267,0.7689490437739769,0.004346220153869691,0.7829316225444211
default,Fitting,gdrom,774,383.7,40.7,-1.4830521406886534,0.8738901530484655,-26.5,1.8,-13.72169889887357,0.8343147504592541,0.0030983050733228417,0.8344173139692087
default,Fitting,h06,774,619.5,71.1,-3.8227777290576217,0.6514330839839423,39.3,-2.7,-37.38082612375611,0.4948466087802845,0.06509829225973841,0.5045813370438484
default,Fitting,natlake,774,450.6,63.4,-1.7608448026167798,0.7369320608073957,42.3,-0.9,-19.307791533651617,0.5985680178062864,0.10842967072808772,0.605193276226612
default,Fitting,rulebasedloc200,774,753,62.7,-4.1990635924588675,0.8004546145757353,63.1,-2.3,-55.7083557488386,0.6066239748065818,2.561498185011568e-4,0.6431580126498668
default,Fitting,sdp,774,934,49,-1.7894296190865644,0.7714523453941023,126.7,-2.9,-86.24360552491598,0.7599368624866015,0.0029240352154981893,0.8456639141145273
default,Fitting,starfit,774,539.4,60,-3.1396854471619635,0.7016143051319912,-18.5,16.9,-28.101627998155326,0.6398203047636535,0.03598152757921565,0.6493292761490989
fitted,Evaluation,gdrom,774,487.2,46.7,-2.8409374856758225,0.8876087442403272,25.1,-2.3,-22.74261668441301,0.7815636369411967,0.045169320717339465,0.8007232598855414
fitted,Evaluation,h06,774,379.5,45,-1.9515451485925244,0.8746995802420592,8.7,-1.6,-13.409338962761863,0.7975133706866196,0.04445589407690929,0.799292019945451
fitted,Evaluation,natlake,774,163.8,37.2,-0.08748858843837048,0.9308754001850971,4.2,0,-1.683955373723086,0.8616275020285286,0.362782260540639,0.8665427438075092
fitted,Evaluation,rulebasedloc200,774,446.6,41.6,-1.0524009190554544,0.8613994704005885,59.8,-1.6,-18.950054545932247,0.8271639016869339,0.06217063886056708,0.862952824724769
fitted,Evaluation,sdp,774,850.1,43.4,-0.7373485130995305,0.8059521141839372,141.4,-2.7,-71.28678074970733,0.8115507097658368,0.003739408046681501,0.8725602250138362
fitted,Evaluation,starfit,774,692.2,46.8,-4.339722823601541,0.888164431824955,51,0.4,-46.92141193762424,0.7811281290133641,0.006557002437120519,0.8018987950984715
fitted,Fitting,gdrom,774,506.2,45.3,-0.9921631025270907,0.8701961349457241,-62.5,1.3,-24.629266009614316,0.7948860727925589,0.047172408612469,0.7962498055673757
fitted,Fitting,h06,774,381,57.4,-0.8941490146621152,0.7883439898531549,-38.7,0.5,-13.521553694904966,0.6699883141741901,0.0020659020095005858,0.6743124150382469
fitted,Fitting,natlake,774,212.6,51.8,-0.3209639028738289,0.8293698942564616,-9.7,0.2,-3.5216652757068916,0.731479139237542,0.1295327783413663,0.7340363235499724
fitted,Fitting,rulebasedloc200,774,489.7,55.5,-2.0224845371042366,0.8463709529935592,42.3,-1.8,-22.9812128246396,0.6917222340770713,9.293032312551143e-5,0.7262649122138697
fitted,Fitting,sdp,774,928.7,48.9,-1.8933057231421397,0.7726239875723486,125.2,-2.9,-85.27190455871151,0.7612705408341679,0.0023743372568272633,0.8461625233468155
fitted,Fitting,starfit,774,712.3,56.2,-4.387527485462082,0.8145944451947708,44.5,6.5,-49.74697805086077,0.6838014691344365,0.0104442091319588,0.6972808913551021
default,Evaluation,gdrom,798,57.5,30.6,0.6454570699423707,0.9518941702375799,-0.2,-1.1,0.6689849726190695,0.9063692833571529,0.8491556872507872,0.9088986815930271
default,Evaluation,h06,798,542.2,106.5,-3.34333713854694,0.49407345292129046,38.6,-4.2,-28.408230953016382,-0.1353355378130907,0.3971837296567905,0.27266206403561627
default,Evaluation,natlake,798,269.3,97.3,-1.3125930550885765,0.5108282784397239,0.5,-2.5,-6.252611032501863,0.05308819172461465,0.4858114081573058,0.26252803197554014
default,Evaluation,rulebasedloc200,798,737.5,102.2,-0.4073669654772145,0.5011669342226136,106.7,-2.2,-53.402395173869294,-0.04503557997233143,0.5475027835221588,0.44970030413400036
default,Evaluation,sdp,798,515.1,99.1,-3.67625442797004,0.5310910405441966,13.1,-5.8,-25.537865791664,0.017122693379987286,0.41590233651957764,0.2902647060664936
default,Evaluation,starfit,798,351.1,83.9,-1.7952922720880422,0.32079433269112967,17.1,0.1,-11.331191657649056,0.2956297326356362,0.29923653394445743,0.2982777312513995
default,Fitting,gdrom,798,57.5,29.7,0.7909923724968361,0.9549558166614066,-2.7,0.6,0.66909900497389585,0.9114890717438442,0.7693670289408353,0.9141704815126034
default,Fitting,h06,798,313.6,95.3,-1.3797887588612272,0.5080021652175881,32.3,-4.6,-8.839331120594426,0.09202186470695928,0.48790836537712057,0.26526798006233165
default,Fitting,natlake,798,119.5,77.6,0.25720307121428265,0.4071741312359419,-5.5,1.8,-0.4282776093218099,0.39839020158783434,0.5483723481280487,0.4111391943157439
default,Fitting,rulebasedloc200,798,453,109.6,-1.8498298972785499,0.4419356652806752,66.9,-6.4,-19.525329051323776,-0.20059147679309008,0.3800837769034049,0.4104376295671376
default,Fitting,sdp,798,285,82.6,-1.3307805166591513,0.3414290627238943,-2.3,2.5,-7.125560401994123,0.3182829554591309,0.3174349516211936,0.32246381797135193
default,Fitting,starfit,798,131.2,81.8,0.3376403672264646,0.3801849988090753,6.3,-0.3,-0.7220676546447233,0.3307905749985992,0.1984258981271543,0.3315602297935968
fitted,Evaluation,gdrom,798,81.1,30.9,0.5153935058113727,0.94095383517168,-4.7,-0.4,0.34268763006101444,0.9047418766740999,0.7857916634969954,0.9049831052954159
fitted,Evaluation,h06,798,552.1,87,-4.008954686086396,0.4818405779019669,5.4,-7,-29.487428413964466,0.24276095819580712,0.2944405565075114,0.29400936765510616
fitted,Evaluation,natlake,798,187.5,84,-0.5310742924745351,0.6125817408650214,-2,-0.5,-2.518438183022945,0.29436998438784034,0.5747996442270871,0.38511941445833353
fitted,Evaluation,rulebasedloc200,798,417.7,69.2,-1.288839837268176,0.7497148237309679,47.8,-5.9,-16.45265444302199,0.5212280461078649,0.4795963938135687,0.6349934868463628
fitted,Evaluation,sdp,798,281.7,98.2,-1.3141014624973062,0.5071369020431722,10.1,-2.9,-6.9365365744890655,0.0345830882068755,0.4351124106092948,0.25842860470893275
fitted,Evaluation,starfit,798,207.2,102.8,-0.5940861486766555,0.4844594199295885,4,-1,-3.296001221910503,-0.056948129035911954,0.4175948384514395,0.23542183446286466
fitted,Fitting,gdrom,798,75.2,31.9,0.702093449405197,0.9199346583727326,-8.1,1.2,0.43383261167477216,0.8980327862429329,0.7341740996149697,0.8980970350439829
fitted,Fitting,h06,798,258.1,81.2,-0.9327022668626699,0.31432473507068937,-19.9,1.4,-5.663757019865427,0.3399771705874405,0.37762957540114994,0.36846541366320995
fitted,Fitting,natlake,798,89.6,69.7,0.5705805106882873,0.4993155599535034,-5.5,1.5,0.19618632698765925,0.5137674376320269,0.6067404176484397,0.5387041714812553
fitted,Fitting,rulebasedloc200,798,311.6,82.9,-0.6681993952682987,0.6169619797790757,50.8,-5.6,-8.70913072819586,0.31254376138883533,0.5226618685766289,0.5947293393141263
fitted,Fitting,sdp,798,201.9,82.2,0.19991712588815636,0.474000878145003,35.3,-3.1,-3.0768445684040637,0.32493007310836275,0.5821769760549151,0.33613148607912546
fitted,Fitting,starfit,798,94.2,73.6,0.5997673119747409,0.4899693226200954,-2.7,0.8,0.11293992063313407,0.4582068412899737,0.3888516544596638,0.46461433193131213
default,Evaluation,gdrom,837,73.3,37.2,0.5651706129614186,0.9245475021492697,4.4,-2.2,0.4621944930033328,0.861422857414553,0.7834683763693081,0.8643705964433284
default,Evaluation,h06,837,1180.5,95.1,-5.811133734774524,0.15931627221013844,214.4,-19.3,-138.39042255384445,0.09541183647520812,0.4550125772351909,0.12259231741517977
default,Evaluation,natlake,837,293.9,82.2,-1.2401525569697665,0.2879548786193056,37.1,-7.7,-7.640026381299208,0.3236549456069623,0.7116677154280635,0.3561767862064771
default,Evaluation,rulebasedloc200,837,1626.7,120,-2.648516351922117,0.3067806005756396,361.8,9.4,-263.69296362022226,-0.44001662550210874,0.624482055342787,0.4373290210753709
default,Evaluation,sdp,837,993.8,100,-5.818874409813683,-0.09977675244512918,157.4,-18.5,-97.78987664374726,-3.1050621177963755e-4,0.46697918384668125,0.02612747668852374
default,Evaluation,starfit,837,311.2,90.9,-1.5466333201679965,0.14711448481857037,24,-1.5,-8.686244483909196,0.17299998393148708,0.47323302690660213,0.17472730480946158
default,Fitting,gdrom,837,76.9,32.1,0.7246227847769396,0.9425751462673976,-4,1.2,0.4088958464287903,0.8968842719774368,0.5305847626406189,0.8979590806216253
default,Fitting,h06,837,1143.9,75.1,-4.986574231620734,0.5486774479988122,148.9,-5.3,-129.86761077864708,0.4364760518037316,0.0012658693953705694,0.43872376661090146
default,Fitting,natlake,837,220.8,86.8,-0.4574680213195257,0.21487621538762802,15.4,0.2,-3.877170726813035,0.24610538215289013,0.32077054545978617,0.2623253313995131
default,Fitting,rulebasedloc200,837,1536.9,85.1,-6.540850994076052,0.616040793673322,207.3,-17.8,-235.25177162408502,0.2757508082323066,0.12121747215968147,0.4466323059893781
default,Fitting,sdp,837,970.1,97.2,-5.21025193613247,0.019583468320252373,103.7,-4.5,-93.12713527120628,0.05590503434533611,0.05345391074932858,0.06667332858881556
default,Fitting,starfit,837,166.9,86.1,0.015135691732429235,0.2650307770636502,-7.5,2.6,-1.7872513678707502,0.25847143031462316,0.24352435659811517,0.2623310959457803
fitted,Evaluation,gdrom,837,151,64.3,-0.17619568384539952,0.6459515763982078,-8.9,0.7,-1.2797314507096087,0.5859210376107523,0.6726614961881829,0.5869393122899084
fitted,Evaluation,h06,837,796.4,104.7,-5.40576137865228,-0.22931660922308272,94.9,-15.5,-62.44053437151986,-0.0961916870841435,0.4129424181076222,2.566776598362204e-6
fitted,Evaluation,natlake,837,118.5,59.4,0.04698574700596081,0.6462437552946785,10.2,-2,-0.40500202577255906,0.6471197876269764,0.8503355023445044,0.6595286077723724
fitted,Evaluation,rulebasedloc200,837,987,89.1,-6.423330190639618,0.30504072588074294,137.2,-17,-96.44154824848722,0.2061051093428805,0.37969458612024326,0.2217099144704341
fitted,Evaluation,sdp,837,586.5,100.4,-3.9272216579984978,-0.1021108857095776,60.7,-14,-33.4090190271837,-0.008076382025711926,0.5393363061365963,0.021900673633326078
fitted,Evaluation,starfit,837,351.8,92.1,-1.784144116966969,0.10020868071695943,36.2,-2.2,-11.381988480696007,0.151423893722744,0.4981987648399068,0.15480601293770835
fitted,Fitting,gdrom,837,100.8,40.5,0.6036591394436233,0.8669498397932793,-8.6,3.5,-0.016019113600054036,0.8358539856884613,0.5643863322119161,0.8361385500065079
fitted,Fitting,h06,837,545.7,103.2,-3.4702975185958085,-0.14304081429347248,29.1,1.5,-28.783901286076148,-0.06447875703973316,0.118850709411441,0.005020764859160229
fitted,Fitting,natlake,837,119.5,74.8,0.33382905551168796,0.4343991390614381,-5.4,2.2,-0.4279765710094545,0.4401003127054982,0.48367624715344826,0.4609097318844601
fitted,Fitting,rulebasedloc200,837,1182.1,65.6,-6.103858420415147,0.6884732250210788,137,-16.7,-138.755970253556,0.5693823652016576,0.14579014080015734,0.5865618373002942
fitted,Fitting,sdp,837,675.8,98.8,-3.7490776562136316,-0.01240337161511662,58.6,2.2,-44.680448684690894,0.023527467051323026,4.4312061553612096e-4,0.04571403423513918
fitted,Fitting,starfit,837,183.8,87.5,-0.18631237458334438,0.2354674803191784,-2.2,2.3,-2.3774189439407047,0.23384539957675166,0.20278616472152997,0.23667202388137676
default,Evaluation,gdrom,868,58.9,47.7,0.8006807736819487,0.8800403298742949,17.6,0.3,0.6528595592287637,0.7728708371018138,0.9093555644820309,0.7806075525695909
default,Evaluation,h06,868,108,90.8,0.47277560511119265,0.08549461819745796,28.8,2.4,-0.16681122527711767,0.17473427882069015,0.5266676299796044,0.22201163222207707
default,Evaluation,natlake,868,101.4,96.3,0.18692775815680573,-0.050405928856086746,-19.5,8.6,-0.028978421101232943,0.071415612959354835,0.37375889021742825,0.07522258392161103
default,Evaluation,rulebasedloc200,868,57.7,49.8,0.80340385881801335,0.8699651962714291,16.4,1.7,0.6667210360385598,0.7524077046019617,0.8914555153693476,0.7629530785733106
default,Evaluation,sdp,868,162.4,112.3,0.04246723775411676,-0.1775527569317692,47.5,3,-1.6367019787908412,-0.2613655147480838,0.2791284854468772,0.0023458563838394957
default,Evaluation,starfit,868,110.3,49,0.6007662189874194,0.7545177997777786,-36.1,7.9,-0.2174305619572483,0.7595898325279666,0.8701680574205036,0.7673946833435297
default,Fitting,gdrom,868,49.2,50.3,0.8524137283374374,0.8497268104516219,1.4,-2.9,0.7579515554804827,0.74742486917698,0.7620774950451079,0.7524255300146461
default,Fitting,h06,868,81.4,89.1,0.41422640292784785,0.11520888796751405,17,-1.5,0.3373174363185084,0.2060056173707947,0.6005795275460477,0.5076927330557757
default,Fitting,natlake,868,107.7,100.7,0.13153263568213247,-0.2446145075837265,-26.2,0.4,-0.16047900683972016,-0.014843143099302791,0.49716629968061804,0.0030849025940414988
default,Fitting,rulebasedloc200,868,46.5,54.5,0.8523965693823038,0.8274607085298646,2.7,-3.3,0.7837992224066406,0.7027133325403087,0.7888856704901399,0.7115614060330815
default,Fitting,sdp,868,112.5,110.6,0.2776198181456545,-0.2625344113154533,31.3,-9,-0.2668428268895806,-0.22324991380324133,0.36036984498574504,0.009440844662707979
default,Fitting,starfit,868,100.5,51.6,0.5349941326909496,0.732030686317598,-34.3,6.7,-0.009996564558141241,0.733532355207846,0.7470845421179468,0.7417739609829845
fitted,Evaluation,gdrom,868,63.2,57.9,0.7083435360712704,0.779373952865892,-17.3,4.9,0.6006715538007419,0.6649280418889669,0.8756093901387607,0.6701910544707645
fitted,Evaluation,h06,868,100.3,81,0.5148837559325676,0.2708857983633306,26.2,2.5,-0.0056285632349715176,0.3445161975284965,0.5703198338300711,0.4420814800889148
fitted,Evaluation,natlake,868,76.2,97.3,0.5075074964157122,-0.12535642944889358,10.7,-0.8,0.4186040412311476,0.05212550864671184,0.5284420243247026,0.05637629444001412
fitted,Evaluation,rulebasedloc200,868,34,50.1,0.922640652816901,0.8493951638895284,5,-1.4,0.884258484179168,0.7487215382908707,0.9054037730227295,0.7526703936480768
fitted,Evaluation,sdp,868,62,82.5,0.579636379414649,0.3141088286799305,3,1.1,0.6150662909800675,0.31967815152684265,0.6563122833089063,0.33362304271277254
fitted,Evaluation,starfit,868,192.9,54.2,0.23384046967293515,0.6596796985474032,-61,31.3,-2.7204079603809164,0.706383530287636,0.3760120645690618,0.7790531670274168
fitted,Fitting,gdrom,868,100.1,66.5,0.529957229726678,0.7140912461242384,-33.8,3.9,-0.0026857275060312435,0.5579494940153172,0.7366471778612589,0.5693764264984786
fitted,Fitting,h06,868,76.4,79.2,0.44151606059623416,0.2504876616022199,14.4,-1.1,0.4162343713105836,0.3724250187755971,0.632043810048735,0.671316193534751
fitted,Fitting,natlake,868,72.6,99.5,0.3739474451091681,-0.24177635244345796,2.4,-4.4,0.4724772616799243,0.009707750995231468,0.6125377944616726,0.01145318470481803
fitted,Fitting,rulebasedloc200,868,36.6,54.2,0.8030332390874761,0.8089695178337976,-1,-2.2,0.8660998594893656,0.706291292422361,0.8827628791831784,0.7092372442612951
fitted,Fitting,sdp,868,68.4,87.8,0.4303486550439459,0.18203212937869861,-3.6,-3.9,0.5318744902023254,0.22902845244298042,0.6641863221833055,0.25208900763925796
fitted,Fitting,starfit,868,190.8,55.8,0.06959174747348129,0.6717443101962366,-68.4,29.8,-2.6410503815647277,0.6889878647580479,0.2899675861723259,0.7517034014566094
default,Evaluation,gdrom,870,59,42.3,0.8243102422024505,0.8598600233226876,0.4,1,0.6520336573046421,0.8213694854909477,0.7066752075837286,0.8215774274045559
default,Evaluation,h06,870,68.9,41.9,0.8079354992573763,0.840126441503655,9.6,-0.5,0.5254262924095229,0.8239835320851978,0.6980813051591078,0.8255920747552137
default,Evaluation,natlake,870,124.6,58.6,0.407576869190585,0.6462468501462989,-24.6,4.2,-0.5524429030952116,0.65636612636721825,0.45214809517851323,0.6733430381505839
default,Evaluation,rulebasedloc200,870,206.9,73.9,-0.18043356329283466,0.5198920503566513,-26.7,-1.6,-3.2800023349482785,0.45323468998043515,0.25033293459837247,0.45420745315746214
default,Evaluation,sdp,870,116.8,62,0.3271506869108174,0.776144218121958,21.6,3.6,-0.36405154289532615,0.615236535606962,0.4609605054165997,0.6318778504650884
default,Evaluation,starfit,870,89.9,57,0.630167011347428,0.7018518838965118,-7,1.5,0.19151856404255552,0.6750468116773274,0.4056524430307916,0.6794861192734621
default,Fitting,gdrom,870,50.3,79.4,0.8788549689244832,0.6368618816119644,-2.4,-0.4,0.7470082722065283,0.36962037498915856,0.7802734283913783,0.42676219904945534
default,Fitting,h06,870,79.5,91.1,0.7414714546639607,0.5005805056418601,7.5,-0.4,0.3670767051361681,0.16945508141143573,0.5661919795143427,0.27471381913507337
default,Fitting,natlake,870,162.3,73.7,0.3044915027860855,0.527595774051128,-28.9,1.1,-1.6334768211184065,0.45617554816539274,0.48713658588301706,0.45697397154101793
default,Fitting,rulebasedloc200,870,182.9,88,-0.01574330817909697,0.434301851782654,-13.4,1,-2.3447335726281335,0.22564563779069924,0.1137507043792048,0.2644230198189101
default,Fitting,sdp,870,105.7,114.6,0.4457780973810085,0.3822435732303374,14.8,-3.7,-0.11791395784392078,-0.31376827600051094,0.4250712778916311,0.14951416904082843
default,Fitting,starfit,870,88.4,81.1,0.6888202056810655,0.5635366539308104,-8.2,0,0.21819788103932647,0.3427738264097574,0.49216930543519305,0.3764605517213806
fitted,Evaluation,gdrom,870,51.1,58.7,0.787637895081424,0.7920278233535615,-5.2,0.4,0.7392119620990156,0.6548697825284163,0.8555475507275392,0.663306131088988
fitted,Evaluation,h06,870,85.8,53.1,0.6428762800552685,0.6562025875839687,-1,0.9,0.2636604841704888,0.7178091306518724,0.4152927237839073,0.7517359181931819
fitted,Evaluation,natlake,870,60.3,48,0.6708480161275063,0.7779146571790145,3.5,-0.1,0.636030261519452,0.7695924215519413,0.6630195840481319,0.7740177979466187
fitted,Evaluation,rulebasedloc200,870,139.7,55.3,0.4160200597114676,0.7182006950962971,-21,0.5,-0.9533249463768831,0.6943807258380146,0.3642768622716525,0.6986077852768652
fitted,Evaluation,sdp,870,85.4,64.2,0.4744978769759286,0.7194048583512085,4.9,1.2,0.27002542476208125,0.5876958503321221,0.32629562658374267,0.5927648091119951
fitted,Evaluation,starfit,870,286.9,93.7,-0.6437365126471399,0.03394630909006657,-42.2,8.1,-7.233115288115108,0.12212145916855954,0.12047589918798357,0.14128196464627246
fitted,Fitting,gdrom,870,54.7,93,0.8147340446593261,0.5434578646817176,-3,1.2,0.7011325613560278,0.13411684757144693,0.7884463838519946,0.2983838580811464
fitted,Fitting,h06,870,76.5,78.7,0.7140119549831061,0.4760719411735209,-1.9,-0.2,0.4147571817490687,0.3806674920715438,0.5109887825381587,0.3812869752944017
fitted,Fitting,natlake,870,65.8,74.9,0.6617582232111885,0.5051870529270106,0.8,-1.6,0.5669087859741618,0.4395958647881445,0.5687099613291368,0.4411966761691874
fitted,Fitting,rulebasedloc200,870,153.6,81.8,0.3226050393672536,0.49362653762215314,-17.4,1.5,-1.3595209098845409,0.3312090669323019,0.2004842294591563,0.34585170302464585
fitted,Fitting,sdp,870,76.7,93.2,0.5877841906544634,0.46046248222658803,1.5,-2.1,0.4115538894104026,0.1315705389795051,0.4308312071637738,0.24158553476986977
fitted,Fitting,starfit,870,286.6,95.4,-0.5969078660238909,0.14855884610100967,-35.4,8.3,-7.217137872155815,0.08963926207909223,0.12190644817135793,0.12413993264924222
default,Evaluation,gdrom,872,77.3,106.3,0.6713116660084626,0.12365355408806245,-27.1,73.4,0.40254283473762775,-0.13044505821399222,0.983411736652689,0.3499194665673201
default,Evaluation,h06,872,124.9,102.9,0.4316950376495755,-0.5100016729928583,-42.2,116.7,-0.5608760657901404,-0.05831415880209234,0.865448938174465,0.07277070593994238
default,Evaluation,natlake,872,188.8,134.3,0.010201561702530948,-1.2182491807448046,-62,196.1,-2.5664155745810358,-0.803503504395098,0.46492540727505677,1.0055819750508962e-4
default,Evaluation,rulebasedloc200,872,126.3,260.3,0.2915911164913677,-0.759189992679113,39.1,35.9,-0.5965442168204973,-5.779697989674055,0.7339315125280914,2.484490207119434e-6
default,Evaluation,sdp,872,215,131.3,0.08623146687854799,-1.430035127913329,-75.5,210,-3.624754818339534,-0.7250580339913899,0.8327587060857424,0.011756019052105864
default,Evaluation,starfit,872,70.9,96.3,0.5615816232707845,-0.16214557424932985,-20.7,86,0.49777991224875284,0.0724372574773946,0.9493698701108914,0.1517850964150711
default,Fitting,gdrom,872,34.2,99.9,0.8009436934382478,0.4469974321100614,-13.3,16,0.8828017078101382,0.0013194151187129188,0.9794318883598386,0.22458873743320296
default,Fitting,h06,872,98.7,101.5,0.3811440271073159,-0.18803644784596352,-32.3,50.1,0.025027682568625864,-0.029795094917787646,0.5062370930468675,0.027414509469336046
default,Fitting,natlake,872,158.7,113.9,-0.1959637557145293,-0.3697404972695646,-60.6,84.2,-1.5191751846134083,-0.29787793761828474,0.09699529209893583,0.0019315823982736726
default,Fitting,rulebasedloc200,872,48.9,146.7,0.7757447673614393,0.025763688587606914,16.8,-40.8,0.7604950858099311,-1.1513198755829515,0.8910446281837351,0.01994119890139589
default,Fitting,sdp,872,147.9,106.7,0.1434909240361748,-0.44718641394539715,-60.5,101.4,-1.1867801980270296,-0.13778297051070654,0.4488102702367664,0.03390821069417335
default,Fitting,starfit,872,31,92.2,0.773793227037964,0.11287640081242989,-9.7,5.5,0.9041147861262964,0.14896398205569572,0.9838779683383844,0.1500861146639662
fitted,Evaluation,gdrom,872,135.9,111.3,0.35570126633026145,-1.1518596316986822,-43.4,211.6,-0.8481383606003572,-0.23843132159577896,0.6041019085341174,0.4197346772283685
fitted,Evaluation,h06,872,38.1,95.3,0.6807553663587793,-0.12421596184926842,-5.9,51,0.8544504066347883,0.09240858601521296,0.9696617309681693,0.1385346815607822
fitted,Evaluation,natlake,872,56.8,105.9,0.5062814615725588,-0.34460210586057194,-4.5,71.3,0.6775841494720035,-0.12217400251510879,0.8675097372492685,0.004027035929012878
fitted,Evaluation,rulebasedloc200,872,48.2,142.5,0.779253553976454,0.07165734928916079,15.1,-21.8,0.7673763126607182,-1.031561801454286,0.9573278792135533,0.011298367038547304
fitted,Evaluation,sdp,872,34.3,92,0.7143594914960429,0.01151981890916498,-5.4,39.2,0.8821617273613462,0.15414498486886907,0.976062015258933,0.18761686096717026
fitted,Evaluation,starfit,872,253,216.4,-0.381177662932239,-4.08084944984667,-81.8,499.7,-5.402786251875721,-3.6844860959084897,0.0010250504977431312,0.16894870262787373
fitted,Fitting,gdrom,872,116.4,99.6,0.40928297650694945,-0.05855282307868581,-48,92.7,-0.35552143263772273,0.007399888236013896,0.666545606604325,0.256346840650984
fitted,Fitting,h06,872,35.1,99.8,0.7685721919137716,-0.023115883704183382,5.1,-0.5,0.877096272810663,0.0038200530784668896,0.9215094985634117,0.03670660895770766
fitted,Fitting,natlake,872,60,104.6,0.5743702599981872,-0.21017138601905905,-8.7,1.5,0.6398389390983518,-0.09494644774403116,0.7347252149083722,1.8221897784576926e-5
fitted,Fitting,rulebasedloc200,872,47.8,113.6,0.7879179104312249,0.1557083935238538,16.2,-40.3,0.7716197759204042,-0.28999291822646356,0.8919924547538108,0.07390689220084765
fitted,Fitting,sdp,872,17.8,92.3,0.874776275580408,0.07386164332590184,1.9,-13.1,0.9684442006200472,0.14784598271355454,0.9833470288356471,0.15799624999833253
fitted,Fitting,starfit,872,208,150.7,-0.4308650268921974,-1.4853216769130317,-86.9,240.2,-3.3279123686373984,-1.2706210423459479,0.01277500198334826,0.15711100040262996
default,Evaluation,gdrom,882,66.5,55.4,0.49905242412942985,0.8274721706090479,7.2,0.4,0.5570412475288118,0.692662060073354,0.8618297551435348,0.7029379719157398
default,Evaluation,h06,882,527.6,92.2,-1.3152813913210029,0.1658360127484746,94.3,-16.1,-26.847149926165525,0.149320581375177,0.6411314341203849,0.1732422948037123
default,Evaluation,natlake,882,61.7,83.3,0.8127044005930938,0.3244116973591814,-0.2,-3.1,0.6188953740202299,0.3052591995417825,0.6732853621690507,0.3106053917553152
default,Evaluation,rulebasedloc200,882,631.8,94.3,-0.9911351216407465,0.44095648695702794,119.8,-7.1,-38.930746744837236,0.11056890467230818,0.4435993241820311,0.22822357781922759
default,Evaluation,sdp,882,671.1,92.5,-0.7487509413123381,0.402013794883067,131.1,-8.3,-44.052286676773335,0.1433560786663285,0.6500104117366357,0.22067588495175883
default,Evaluation,starfit,882,61.3,67.3,0.8519979120277558,0.6878525120285414,-6.6,-2.5,0.6239316320489834,0.5473665989854097,0.7535609103986077,0.5540499505594287
default,Fitting,gdrom,882,26.2,43.6,0.9527867243373822,0.898093022417996,1.9,-0.7,0.9315570124909837,0.810186918689575,0.9430386916971902,0.8148407002896625
default,Fitting,h06,882,645.5,68.5,-1.9431127092709093,0.7054946710223601,104.2,-3.6,-40.67018307306206,0.530212929929535,0.6990277143587196,0.5474119011698626
default,Fitting,natlake,882,105.1,75.5,0.433005155511203,0.47566915690372924,4,0.8,-0.10427291489377843,0.4301514852338192,0.5323883605643103,0.43332125186226156
default,Fitting,rulebasedloc200,882,638.1,78.9,-3.157471124161235,0.6546969241611031,82.8,-9.9,-39.72603217727567,0.37719333811811073,0.4345157289374565,0.45525048577652283
default,Fitting,sdp,882,641.1,75.4,-2.7773855656745057,0.5991641369090613,91.6,-9.8,-40.10359031181955,0.4307112780339142,0.5682483610521446,0.4524792527904854
default,Fitting,starfit,882,104.2,60.1,0.3692543611389153,0.7100298511459111,-0.7,0.9,-0.08691071268816097,0.6384501671782998,0.5865279381392134,0.6385839422041721
fitted,Evaluation,gdrom,882,38.2,59.5,0.9284771720155434,0.8017447013874126,-4.3,-0.4,0.8539700833195194,0.6459680925211374,0.9056001341748731,0.6607887172321345
fitted,Evaluation,h06,882,145.8,91.9,0.009416135132813253,0.27680765726783707,-13.8,-9.8,-1.124922094363483,0.15572133730736482,0.6665452409078251,0.18383991233104566
fitted,Evaluation,natlake,882,60,78.6,0.7008579047811689,0.4155468259277587,-0.6,-0.3,0.6395394899286335,0.3817739547557971,0.6411026837503037,0.38624450893653334
fitted,Evaluation,rulebasedloc200,882,370.9,91.1,-1.8305560993699435,0.2736025771386875,39.1,-16.9,-12.762379994363782,0.16911668207319852,0.5095839733051899,0.20533118600597589
fitted,Evaluation,sdp,882,234.7,88.8,-0.7227319098877807,0.4344232901289681,25.9,-9.9,-4.511533047228133,0.21120103123596579,0.6733297532723176,0.26504992936348
fitted,Evaluation,starfit,882,54.9,67.1,0.8460110496083242,0.612523233713171,4.2,-2.5,0.6985584953658537,0.5500324471890324,0.7481190053862209,0.5515836751399749
fitted,Fitting,gdrom,882,26.1,37.2,0.895790762971182,0.9071323536929904,-2,-0.1,0.9316265693288576,0.8616388372155173,0.9585525428718121,0.8617990633458762
fitted,Fitting,h06,882,289.5,87.2,-1.3935294577755326,0.425301965054944,10.7,2.2,-7.384817268345186,0.2387883248702769,0.404069694825182,0.2681732983415414
fitted,Fitting,natlake,882,75.5,68.8,0.7260430583070919,0.5704515298126839,-0.7,0.6,0.4306034383940883,0.5259504598437847,0.5639353250211862,0.529564859088215
fitted,Fitting,rulebasedloc200,882,476.5,60.9,-1.9583313539458458,0.7157950983130371,63.6,-6.9,-21.70954393758547,0.6286046753788792,0.5189314212347991,0.6329504222177047
fitted,Fitting,sdp,882,266.1,75.4,-0.820990492869611,0.5806926837860804,31.1,-1.5,-6.081646477373932,0.43161138224071194,0.6856479737214625,0.4395428348731416
fitted,Fitting,starfit,882,136.8,63.3,0.15887953700176594,0.6356303151404561,10.8,-0,-0.8726078918728031,0.5997393346429336,0.5701401102731593,0.604030090022112
default,Evaluation,gdrom,884,384.3,41.6,-0.4018377266925992,0.9137692634167407,4.6,-0,-13.772353615317957,0.8268637963627614,0.08506814434107512,0.835449583573035
default,Evaluation,h06,884,737.9,37.2,-3.520344370094578,0.8984740751277729,-6.9,-0.1,-53.46180724340352,0.8615052327479247,1.2086521611818538e-7,0.8615058104546724
default,Evaluation,natlake,884,1026.5,31.4,-0.6389250465163732,0.936473801267049,14.1,-0,-104.38889646356624,0.9016900560923947,0.00221716257157816,0.9018252984202599
default,Evaluation,rulebasedloc200,884,4517.7,39.7,-32.29395764316785,0.9182451248773729,-41.3,-0.5,-2040.5116114457855,0.8424994277655842,0.01461975685638103,0.8465482998876015
default,Evaluation,sdp,884,1076.5,30.7,-0.29855609427400576,0.9418633764581847,15.1,-0,-114.91536077483369,0.9055545136667587,8.634497273976927e-6,0.905805773395879
default,Evaluation,starfit,884,4657.7,39.3,-24.649348119775887,0.9148540252771522,-53.8,2.7,-2168.996068491563,0.8457301637093432,0.0126055010748594,0.8498136170128101
default,Fitting,gdrom,884,168,71.7,-0.15293456277930795,0.7358009395939455,1,-0,-1.8245155898890508,0.4863563125015259,0.022520700519308795,0.5431189798780969
default,Fitting,h06,884,476.6,63.4,-2.7503843384649587,0.6860968732683971,1.4,0.2,-21.72351159478225,0.5975276401507229,0.0011862253028035352,0.5976406935118083
default,Fitting,natlake,884,626.7,58.5,-0.2686097693375884,0.7635399373325945,10.5,-0.1,-38.28405774683727,0.6574639536614744,0.010161795903545701,0.6594411346180953
default,Fitting,rulebasedloc200,884,2343.4,64.6,-19.816857985912012,0.7220133051869969,-15.4,0.9,-548.255569731506,0.5829927255507552,0.004002505850297015,0.5895471239827921
default,Fitting,sdp,884,647.3,57.8,-0.32752619522328286,0.7764454527092034,11.3,-0.1,-40.91253345220763,0.6662289450939654,1.7246593743173067e-4,0.6689766817931748
default,Fitting,starfit,884,2928.7,69.7,-18.481752639677474,0.730434193600279,-36.9,1.4,-856.8740657576361,0.5139352691073309,9.999494199130408e-5,0.5490622298329584
fitted,Evaluation,gdrom,884,481.4,43.3,-2.336650829330397,0.9065447911458757,3,-0,-22.17613201293748,0.8124660063083416,5.96042841929422e-4,0.8238770524435016
fitted,Evaluation,h06,884,755.8,37.5,-5.624903330009812,0.9058706105578913,0.8,0.1,-56.133615210124155,0.8595697657397147,0.008285868343513029,0.8597432045525669
fitted,Evaluation,natlake,884,744.5,34.5,-5.181509811450703,0.9155323166973696,1.9,0,-54.440719236372075,0.8810763637172123,0.03910416217543192,0.8810871029291081
fitted,Evaluation,rulebasedloc200,884,2587.2,35.8,-22.503829157018757,0.9150370999192823,-11.9,0.2,-668.5579011928168,0.8714718673078141,0.0017525998943897342,0.8716542175453487
fitted,Evaluation,sdp,884,1069.5,30.9,-0.07543453854101978,0.9412201984137266,15,-0.1,-113.41174680283952,0.9047220870436261,9.42587591258971e-4,0.9049744001130255
fitted,Evaluation,starfit,884,734.6,33.2,-5.277162943291494,0.9241029789972771,2.4,-0.1,-52.97679485134252,0.8900036360326496,0.019504689241987748,0.8900402377500902
fitted,Fitting,gdrom,884,177.9,75.2,-0.04343205401046357,0.7193829400779113,-0.4,-0,-2.165119726662829,0.4345934367885128,0.036373677049555096,0.5176642083084314
fitted,Fitting,h06,884,376.7,63.9,-1.5603045056249778,0.6927670013362834,3.1,0.1,-13.194621081856257,0.5914373784117394,0.06454132072622959,0.592184632082366
fitted,Fitting,natlake,884,559,62.3,-3.280181658017357,0.694896449037635,2.3,0.1,-30.249001129419522,0.6118966417922973,0.06213577600222463,0.6119147448429327
fitted,Fitting,rulebasedloc200,884,433.7,60.6,-1.3882773310838488,0.714054949032618,4.7,0,-17.810093645360013,0.6321486825879565,0.08333144387143328,0.6321784711732585
fitted,Fitting,sdp,884,644.1,57.9,-0.17045272348888574,0.7745264196178075,11.2,-0.1,-40.49151640268063,0.6650249602639846,0.0027286076026822666,0.6676351575302625
fitted,Fitting,starfit,884,552.8,61.4,-3.6148415402043117,0.7176402552662997,-0.3,-0,-29.560516569589907,0.6225693821881282,0.0077857125428482405,0.6230808564900877
default,Evaluation,gdrom,893,68.8,73.3,0.5056330090713053,0.6232084581981923,-6,-5.7,0.5267272618119007,0.46284194372294596,0.8759687873397042,0.4745658736938304
default,Evaluation,h06,893,87.7,80.6,0.513980057670447,0.3869634437513604,-15.1,-5.9,0.2304211921564997,0.350974230155207,0.8232107441690552,0.354087167972459
default,Evaluation,natlake,893,138,89.8,0.5298313349714366,0.15031697883194084,-35.5,8.4,-0.9036082836715109,0.1936957708349173,0.7440471236967662,0.20351879194193992
default,Evaluation,rulebasedloc200,893,94.4,76.7,0.4012846525561712,0.4966098449995794,-11.9,-1.8,0.10793378631217898,0.41127610258325,0.77366626524141,0.41135293352749963
default,Evaluation,sdp,893,55.1,89.7,0.8510911992786885,0.23169322258161174,-3.9,-0.1,0.6961979387023864,0.19439873266863628,0.733484396020878,0.1952994495451289
default,Evaluation,starfit,893,263.3,82.7,0.24917285503699171,0.298347129778729,-71.3,33.6,-5.9340381041320835,0.31570585740373225,0.7400281046794055,0.3310911601134495
default,Fitting,gdrom,893,24.3,45.9,0.9253678912481373,0.8915156902972492,-0.8,1.3,0.9407424903019848,0.7889169770810798,0.9511865917014617,0.8079978966504526
default,Fitting,h06,893,99.4,60.5,0.5162615234744738,0.668287870048297,-11.7,1.3,0.012753455989927498,0.6336391124031973,0.7193762112217604,0.6374450900435612
default,Fitting,natlake,893,221.6,84.4,0.4735263328136107,0.30629947001111335,-40.9,5.4,-3.910421217095516,0.2881676035432704,0.4629821502567646,0.2917921471779085
default,Fitting,rulebasedloc200,893,21.2,35.9,0.946260847390092,0.8933853786061852,-1.3,0.1,0.9552558423965583,0.8707521544906187,0.9642119647774655,0.8710225809966492
default,Fitting,sdp,893,100.5,69.7,0.6830903536994157,0.6094274544731151,-12.6,1.2,-0.009873431728910864,0.5137418113530415,0.5062633592269297,0.5139639790482676
default,Fitting,starfit,893,288.9,40.2,0.3420052290499508,0.803934620152215,-54.3,14.6,-7.3503597839265815,0.8384464326942287,0.5318034577161512,0.841748629676871
fitted,Evaluation,gdrom,893,60.8,79.2,0.7360787612012245,0.4865437605904458,-11.1,0.1,0.6307849849531677,0.3728286873033392,0.875509545789646,0.37535691277947075
fitted,Evaluation,h06,893,66.1,53.8,0.8077635571528204,0.7314489816689268,15.8,-3.8,0.562949131180323,0.7100930704392527,0.907653249363128,0.7139973548088108
fitted,Evaluation,natlake,893,59.4,72,0.8517081492922329,0.5340621579440903,13.6,-5.5,0.6466347068818981,0.4820499129275476,0.8898230201765908,0.48446220399767026
fitted,Evaluation,rulebasedloc200,893,139.1,84.4,0.12489899998519993,0.3567602043997302,-18.5,-1.8,-0.934224317850231,0.2878494455483398,0.6055358640860096,0.28818512828639475
fitted,Evaluation,sdp,893,48,69.4,0.7842452684661712,0.5767747522933778,7.5,-2.6,0.7693017410582088,0.5184980079222166,0.9023987304734816,0.5200675642493217
fitted,Evaluation,starfit,893,178.9,89.4,0.20915307982132203,0.20376584931533803,-38.3,11,-2.2002015491298317,0.20087020108151576,0.5219237120022374,0.2027176243196089
fitted,Fitting,gdrom,893,70.9,48,0.7990125962764852,0.8716586348539275,-11.3,1.7,0.4976036824406206,0.7697031724861396,0.8742368978297144,0.7754265956681312
fitted,Fitting,h06,893,51.6,31.5,0.8890777864917264,0.9304015756454889,7.8,-1.7,0.7334809225164368,0.9006568704026563,0.8910692977069072,0.9007434019916979
fitted,Fitting,natlake,893,48.6,43.3,0.8598064935960182,0.8457296006605267,3.5,-1.6,0.7635605020591105,0.8121826876544453,0.7959322150096473,0.8125798318021729
fitted,Fitting,rulebasedloc200,893,25.8,30.8,0.9178232663251171,0.9346897751267397,2.3,-0.4,0.9335509709270738,0.9052684055887604,0.9569371102429542,0.9052958700813801
fitted,Fitting,sdp,893,34,40.9,0.9275681290528013,0.8685644238313859,1,-0.9,0.8840475232024109,0.8329165645219279,0.8866887330943576,0.8330390393145588
fitted,Fitting,starfit,893,105.3,55.9,0.42882799983507913,0.7412173018721895,-13,5.1,-0.10843584528896621,0.6874693679009992,0.7684895605350716,0.6881341569494556
default,Evaluation,gdrom,895,1249.5,11,-7.634785740595367,0.9927294995619378,-46.8,0,-155.15634263796437,0.987800506348326,0.13074680124563617,0.9878053028034607
default,Evaluation,h06,895,1151.1,17.2,-1.750784274733777,0.9829566682578527,-67.4,0.2,-131.5434503046029,0.9702397611767752,0.005077650116292475,0.9702942944863531
default,Evaluation,natlake,895,767.8,9.9,-0.4941362203373465,0.9922166752831463,46.9,-0,-57.96667653091008,0.990289731011511,4.9559022275347465e-5,0.9904091615888604
default,Evaluation,rulebasedloc200,895,767.8,9.9,-0.4974246153265669,0.992289793369071,46.9,-0,-57.96696763905302,0.9902867100333155,1.2584289282541688e-4,0.9904041203402522
default,Evaluation,sdp,895,767.8,9.9,-0.48989488873793907,0.9921807833562661,46.9,-0,-57.966975449794056,0.990290785327803,NA,0.990411210424439
default,Evaluation,starfit,895,1161.9,15.2,-7.3354341110380314,0.9630261677452409,-41,3.5,-134.03791281249894,0.9769952584214392,0.05597978537831434,0.9788108146202312
default,Fitting,gdrom,895,876.5,19.8,-5.070430743084961,0.9798908158633574,-32.7,0.2,-75.84205910701657,0.9608488736946773,0.014004994196552862,0.9614442247999003
default,Fitting,h06,895,895,23.2,-0.915644823980807,0.9658683214385695,-55.1,0.2,-79.12555494367726,0.9463142685093932,0.05644443780589623,0.9463768073410435
default,Fitting,natlake,895,638.3,19,-0.4673380813111907,0.972575590119231,40.6,-0,-39.75486453091962,0.9637878139372201,0.002868167773160859,0.9652793692115058
default,Fitting,rulebasedloc200,895,817.2,32.7,-5.840038538765152,0.930122515511881,10.8,0,-65.7967431604135,0.8932722280454856,0.04316848228385961,0.9030375804592727
default,Fitting,sdp,895,638.3,19,-0.468548709045848,0.9725320282110208,40.6,-0,-39.75630239605827,0.9637402220745116,0.0024181038406567885,0.9652363898922843
default,Fitting,starfit,895,1072.4,25.9,-7.073430737807232,0.9529785332352365,-35.7,3.3,-114.01698972154163,0.932773961126026,0.022268448547165837,0.9392034540278196
fitted,Evaluation,gdrom,895,871.6,13.9,-4.670472910792914,0.9886363596567714,-33.7,0.2,-74.98261539909531,0.9805747473869338,0.028398115902506894,0.9808137285605238
fitted,Evaluation,h06,895,485.8,17.7,-1.6619125809047888,0.9822982661147052,-20.5,0,-22.610137471345404,0.9687911611583282,0.011371419675869375,0.9688477470141471
fitted,Evaluation,natlake,895,472,8.5,-0.7361483339944599,0.9962025826504636,24.3,-0.1,-21.286945142877304,0.9927782891978437,0.12169082936223467,0.9928001418437026
fitted,Evaluation,rulebasedloc200,895,977.7,19.4,-5.683528188665351,0.9757175659437144,-34.4,0.1,-94.61758235694397,0.9624426061786464,0.20873285063107735,0.9636153612930904
fitted,Evaluation,sdp,895,767.5,10.1,-0.43618493766655675,0.9913765700433049,46.9,-0.1,-57.92547759846355,0.9897238857164001,0.0016087763593853927,0.989868769151512
fitted,Evaluation,starfit,895,1171.4,19.5,-7.934837353943179,0.9303297100476425,-36.3,6.8,-136.26190067166178,0.9620778175824557,0.05584736319548221,0.9684580403828343
fitted,Fitting,gdrom,895,1006.9,24.7,-5.185394891275699,0.9596135480047056,-45.3,0.2,-100.40327620036898,0.9387633078029569,0.004439966809953599,0.9420323064098327
fitted,Fitting,h06,895,283.3,21.5,-1.007731546798258,0.9666596014810074,-2,0,-7.0282501842636815,0.9536068898400835,0.04019096611153799,0.9536070329055573
fitted,Fitting,natlake,895,411.6,16.4,-0.45005700699476536,0.9857532041398228,22.3,-0,-15.946460730878588,0.9731895819837545,0.025191683849657316,0.973526898982425
fitted,Fitting,rulebasedloc200,895,193,19,-0.3603170547232366,0.9737963152426248,10.6,-0,-2.724615746855395,0.9640408401850966,0.0025556636512079913,0.9654097948951388
fitted,Fitting,sdp,895,638.4,19,-0.4685466089839432,0.972514578994611,40.6,-0,-39.75655760967259,0.963717194774766,0.0023297382184157044,0.9652152546301953
fitted,Fitting,starfit,895,1042.4,32.2,-7.165911906508054,0.9244200145597026,-30.2,5.5,-107.6828679290255,0.8965501944378531,0.03511728012439363,0.9142327379221776
default,Evaluation,gdrom,898,57.8,49.1,0.8139440832213796,0.8574224919283882,-2.4,-0.1,0.6661814883564674,0.7583688530244076,0.7370127826300729,0.7622188523816821
default,Evaluation,h06,898,223.2,82.3,-0.30331590708473,0.3773894555856807,73,-5.2,-3.983685269180733,0.3233013481160787,0.005881781725101895,0.32484012421049585
default,Evaluation,natlake,898,164.3,74.5,0.03569872295745369,0.43704936344109857,52.8,-1.2,-1.7002529837506413,0.4455659387143289,0.06443370228790207,0.4681715119568624
default,Evaluation,rulebasedloc200,898,164.1,52.1,0.13105570157688629,0.787251771190526,37.2,-2.7,-1.6928182534348868,0.7287077449158681,0.2905136721332342,0.7290852782959863
default,Evaluation,sdp,898,296,73.4,-0.6572469935983289,0.5068040816639305,116.3,-1.8,-7.762202070426337,0.4614388360052498,5.2116757433357876e-5,0.4650020107519435
default,Evaluation,starfit,898,126,51.2,0.48007653091142,0.7626655525865755,-39.5,16.8,-0.5884010647975528,0.7380857028443872,0.5112607682527799,0.7521116269621475
default,Fitting,gdrom,898,59,54.8,0.8083571660652303,0.8411161768136949,13.8,-0.2,0.6518332919468779,0.7000144156627273,0.779664309410496,0.7142646881678022
default,Fitting,h06,898,225.5,91.1,-0.18725721056735156,0.1511997514673532,77.2,2.6,-4.085711366327925,0.1690389989307377,0.01284382635163737,0.16994912364708206
default,Fitting,natlake,898,169,83.2,-0.09188717877750241,0.24789547346170304,57,-1.6,-1.8555340148890043,0.30791298362370834,0.02027136440834283,0.37176660015010893
default,Fitting,rulebasedloc200,898,191.7,69,-0.001607004920109345,0.634484154438725,55.4,-0.2,-2.677354550647629,0.5235044723258055,0.234748765621803,0.5247666647666812
default,Fitting,sdp,898,294,83.8,-0.5230281223422046,0.31336041153242,118,-3.2,-7.6434533284074675,0.2970235741242562,0.00230570332398318,0.30195101477270414
default,Fitting,starfit,898,117.7,53.3,0.511367524079146,0.735417793327517,-46.5,21.7,-0.3846153941060577,0.7160826499841833,0.7238307725704899,0.7438482530707079
fitted,Evaluation,gdrom,898,80.4,45.5,0.668464610048743,0.8834154938859363,17.4,-0.8,0.3538016035557259,0.7926582422191081,0.6815240014546607,0.7966559499222601
fitted,Evaluation,h06,898,112.3,68.6,0.05936949069618325,0.5097329240214362,-10,-1.1,-0.26077366131126745,0.5294186515214867,0.021132555840113868,0.5569001679575385
fitted,Evaluation,natlake,898,90,66.5,0.20945038474016464,0.5317359245384337,-5,-0.5,0.18983028561019621,0.557404433368162,0.20463328103822115,0.58690702196463
fitted,Evaluation,rulebasedloc200,898,95.2,54.7,0.5832279470800033,0.8096508570026494,10.9,-1,0.09342232350585178,0.700201393760652,0.48257704601666146,0.7038467247455307
fitted,Evaluation,sdp,898,155.5,82.3,-0.046514818281159886,0.3605955739558907,36.9,-2.5,-1.4181509261122986,0.32234138812396174,0.0011457481573405176,0.3243695403062571
fitted,Evaluation,starfit,898,151.5,50.5,0.06151325792609563,0.7750443349118987,-10.5,13,-1.296836858643231,0.7446713769773643,0.33561888628076436,0.752464063786086
fitted,Fitting,gdrom,898,55.8,54,0.7980805657616453,0.8394132771171074,17,-0.7,0.6882705214616218,0.708608843852335,0.8337763261482889,0.7188649784357174
fitted,Fitting,h06,898,96.3,77.1,0.09996183337516362,0.3628705064947536,-6,0.5,0.07195188399006625,0.4052514679661613,0.1000497776680458,0.4542752537464828
fitted,Fitting,natlake,898,95.5,76.6,0.033929045689073956,0.3562639436269438,-1.8,-0.2,0.08791157543308992,0.41278234051827456,0.09058145741672495,0.47911578460050763
fitted,Fitting,rulebasedloc200,898,77.8,59.7,0.7132874665303817,0.7952550703179531,17.1,0.3,0.3938674051872434,0.6431654817150768,0.6384121837685786,0.6561077542135997
fitted,Fitting,sdp,898,169.9,93.4,-0.14483764084177353,0.08828254364068555,48.3,-1.8,-1.8867472134686456,0.12840608084314242,5.132608253452725e-4,0.12860099898506258
fitted,Fitting,starfit,898,118,53.2,0.3346551039253416,0.754523914995225,-15.4,18.2,-0.3936316211829891,0.7167253300720815,0.48931663100716444,0.7359874260144424
default,Evaluation,gdrom,924,59.4,58.5,0.7743209205032634,0.7925639983999038,-0.1,0.2,0.6465845903903198,0.6572416972220635,0.74651199460695306,0.6652318950890832
default,Evaluation,h06,924,295.1,127.7,-0.7378503906524061,0.3190267715963665,53.3,-3.5,-7.712639954117995,-0.6307279355281366,0.2798053955823307,0.29301173963120103
default,Evaluation,natlake,924,111.3,81.2,0.37106610004329843,0.6249573940530129,14.8,-1.3,-0.2390258870009403,0.34126702599213254,0.6485885565852126,0.4085712173485058
default,Evaluation,rulebasedloc200,924,292.7,117.7,-0.5830213874994179,0.38593693088746717,56.7,-5.4,-7.569006626248633,-0.3854184747998217,0.2541884521747384,0.36038916038304586
default,Evaluation,sdp,924,423.4,157.8,-0.3068488255754942,-0.14191695765837475,113.9,-0.8,-16.933312888376726,-1.49217560781445,0.2418270994866422,0.48301818806159214
default,Evaluation,starfit,924,55.5,72.5,0.735770828083915,0.6544537879198644,-2.2,-0,0.6922270856861795,0.4741825965569041,0.8156412970946011,0.490467701100541
default,Fitting,gdrom,924,43.9,68.1,0.8304104760771218,0.7750575178174408,1.6,-0,0.8075237772320707,0.5367959575294011,0.8121444831196938,0.6106212467256562
default,Fitting,h06,924,293.7,145.2,-0.6012102826981649,0.1921520046405093,58.8,-4.1,-7.628350458357632,-1.1080451106727147,0.3092148059019651,0.08232675452411636
default,Fitting,natlake,924,90.1,83.1,0.6192058591849396,0.5506680880203312,15.1,-0.4,0.18824057465915345,0.3091211098647674,0.7045185158664543,0.3537289894838738
default,Fitting,rulebasedloc200,924,344.3,146.8,-0.30543067253190426,0.17983504580106513,83.7,-1.4,-10.856005088454818,-1.1547076133595824,0.14515022906821318,0.1894700343384465
default,Fitting,sdp,924,480.6,200.5,-0.486192963092831,-0.39985750902926886,128.9,-6.7,-22.1005274449691,-3.022485883136107,0.0756133929395128,0.24730382778846563
default,Fitting,starfit,924,43.4,69.9,0.8671300030124569,0.6826100307482109,-0.5,0.1,0.8113828072805165,0.5111498277233545,0.811841187768105,0.5250051680055551
fitted,Evaluation,gdrom,924,52.4,63.3,0.7550156487853448,0.7700324347671297,0.1,0.3,0.7248637917029497,0.5992696013511157,0.8262981813727711,0.6167531368170609
fitted,Evaluation,h06,924,192,86.4,-0.3177231397431217,0.5172377006045743,-2.8,-1.4,-2.6870886408864805,0.2537431338019912,0.2591654473266144,0.31307848737573435
fitted,Evaluation,natlake,924,72.4,73.1,0.6536683127417311,0.6062408615601684,-1.9,-0.2,0.47602014250762636,0.46502722671983143,0.6998895883634919,0.47081341355085427
fitted,Evaluation,rulebasedloc200,924,211.2,94.8,-0.2712372555354552,0.5633249314096537,29.8,-4.3,-3.4632471960674183,0.10037939001744745,0.2914280891548354,0.3214569266440276
fitted,Evaluation,sdp,924,325,146.3,-0.772169692216415,0.08873981092387684,64.2,-6.3,-9.564021473921335,-1.1405718470116697,0.23502468020396566,0.3506520379576239
fitted,Evaluation,starfit,924,67.1,72.4,0.7007545776939279,0.6106006897846104,-7.7,0.5,0.5497371817181866,0.47547060917385897,0.7748822612396781,0.48007843752426865
fitted,Fitting,gdrom,924,41.2,61.2,0.8559507304296853,0.8059076118250529,3.2,-0.1,0.8303384602515085,0.6252355147852485,0.8445246805654679,0.6525329300638159
fitted,Fitting,h06,924,150.7,95.8,0.2283074999745871,0.438794884648683,-16.1,-0.1,-1.2709686757893555,0.08132631805570545,0.20061179737232046,0.21592179874402037
fitted,Fitting,natlake,924,57.5,79.4,0.8237627066434274,0.5934980743630077,-0.9,0.4,0.6690440220263896,0.36866845208486565,0.7297397061548835,0.4032712442515811
fitted,Fitting,rulebasedloc200,924,231.4,120,-0.003481014740100541,0.3972351360587283,48.3,0.3,-4.355104417923187,-0.43998282199228256,0.18458993888462663,0.21041300616336586
fitted,Fitting,sdp,924,412.3,183.5,-0.35653111920487324,-0.16328006998170363,107,-4,-16.002333462302428,-2.3664821232843365,0.1344728539900932,0.16814430492003812
fitted,Fitting,starfit,924,49.1,68.4,0.829086053975188,0.6747523549410281,-6.9,0.5,0.7586457322626723,0.5318674249819908,0.8206263985972952,0.538241948531364
default,Evaluation,gdrom,938,160,93,-0.02521210434769472,0.59530760353747,2,-3.2,-1.5618479507736822,0.1350732491920199,0.31221572772550044,0.3676110260786947
default,Evaluation,h06,938,178,126.2,0.45675270925015554,0.35085480445528605,36.2,-3.7,-2.1675416566999948,-0.5938436700361778,0.45957839486561114,0.19718356952498015
default,Evaluation,natlake,938,90.6,86.9,0.4485636379638167,0.19810195558732968,-8.2,1.7,0.179478943619096,0.24412035832140455,0.3123061609410729,0.27070881186015255
default,Evaluation,rulebasedloc200,938,210.2,124,0.4484229925284694,0.3172987037930326,47.3,-0.9,-3.417788116581197,-0.5369902317171797,0.5475390528667663,0.3679788701539629
default,Evaluation,sdp,938,164.4,118.9,0.2744636314710768,0.3988902429869343,24.9,-4.8,-1.7028820671117595,-0.4150213129854996,0.3151814323246261,0.19955681952174528
default,Evaluation,starfit,938,308.6,83.6,-1.1830549121167082,0.34894541452893624,28,-2.8,-8.524605582652173,0.301525198534928,0.13932204707021736,0.3022473983143504
default,Fitting,gdrom,938,149.6,94.6,0.11550601754807455,0.412896983946175,1.8,3.2,-1.2398415201560957,0.10506781120541187,0.26430299172394317,0.20892896810053388
default,Fitting,h06,938,136.4,92.9,0.5304375715439894,0.2706380139633928,33.1,-1.7,-0.8596497753799959,0.13700704782105633,0.5437951021719835,0.16561152772017412
default,Fitting,natlake,938,87.5,95.5,0.2930345656763652,-0.04607427443622858,-10.2,0.2,0.23460707963271976,0.0873224132293079,0.4553660018009159,0.09728820268212593
default,Fitting,rulebasedloc200,938,166.9,75.2,0.5141042261276194,0.6528248971050823,43.3,-5.6,-1.7865907926076776,0.43492695308888085,0.6317421367662623,0.4688292724062968
default,Fitting,sdp,938,114,80.1,0.614372475321539,0.3557180217487672,22.9,-1.4,-0.2999772134259544,0.3577350705146932,0.476343634077226,0.37325803356070725
default,Fitting,starfit,938,178.2,74.7,0.18483203320614494,0.43601609316336265,-33.1,12.4,-2.177380339464093,0.4423397197362857,0.3120147968650168,0.4648568416939283
fitted,Evaluation,gdrom,938,88.5,91.3,0.6665350641069173,0.6155764356609502,9.2,-1.7,0.2172428581284569,0.16641029239191463,0.569737160002659,0.40751522971574644
fitted,Evaluation,h06,938,109.4,125.4,0.4825709291404575,0.35596645211048783,10.4,-3.5,-0.1968005206345942,-0.5731845283434764,0.4938708589851032,0.24083231170513358
fitted,Evaluation,natlake,938,86.1,88.3,0.5187502221158442,0.17150981912450614,2.7,-0.4,0.2593008188702478,0.21966980847414208,0.32206770634112586,0.24009640298278748
fitted,Evaluation,rulebasedloc200,938,109,77.6,0.6126624380042502,0.6655900455641699,15.9,-1.8,-0.18758522721511484,0.39804347311941635,0.4254260226806512,0.619266176683469
fitted,Evaluation,sdp,938,74.2,80.1,0.6841886003481168,0.39809117932513916,-1.8,0.8,0.44904117267526145,0.35825528079294233,0.4927939988143823,0.3608963340041326
fitted,Evaluation,starfit,938,157,80.6,-0.1264532399821401,0.6265659617591777,-8.2,6.4,-1.4640346623651666,0.34986948805732143,0.5210832568467016,0.4168194674775006
fitted,Fitting,gdrom,938,56.5,87.9,0.8383639165630572,0.6336736121956261,-3.9,-0.2,0.680650036138414,0.22639995176615302,0.7155318412744401,0.40971790748213455
fitted,Fitting,h06,938,69.5,73.9,0.768560093222266,0.49146158612198654,3.2,-0.5,0.5164118933622022,0.4541072115081599,0.5984594386512725,0.4591338348295015
fitted,Fitting,natlake,938,78.7,95.8,0.3448673138413192,-0.059814770896249536,0.5,-1,0.3798074034268085,0.08203300332824304,0.4206848889867033,0.09324586445323974
fitted,Fitting,rulebasedloc200,938,91.5,67.6,0.6543111830729172,0.6818746884327589,21.6,-3.4,0.16186918577947174,0.542555626202923,0.7767063240094836,0.5489699882727079
fitted,Fitting,sdp,938,64.3,80.7,0.5759219507551099,0.3145864191918314,6.4,-1.1,0.5867194544976788,0.3490387100224035,0.6827232085719539,0.38626108861831504
fitted,Fitting,starfit,938,197.4,73.8,0.20116406780067475,0.5899217126670429,-43.5,19.2,-2.898805603902303,0.4549813679966729,0.3859392488402811,0.4810118652653016
default,Evaluation,gdrom,939,132.3,126.9,-0.05554920117432349,-0.009905584110769361,34.3,-17.5,-0.7498600256191792,-0.6114144518027886,0.0020602204757912156,6.25230168025134e-4
default,Evaluation,h06,939,918.4,100.7,-4.780074757378833,-0.2824243854083768,551.7,-21.4,-83.37393534347972,-0.013910653366982162,0.5231012070398923,0.0038943166759884957
default,Evaluation,natlake,939,209.5,99.6,-0.7017612520992709,-0.247515437483951,105.3,-25,-3.3889358082463668,0.008264259341173474,0.05175730218765833,0.022467397542880577
default,Evaluation,rulebasedloc200,939,750.3,104.4,-3.770778174535427,-0.16202730232942675,444.3,-38.2,-55.30804221762313,-0.08931987731244373,0.5399177571897512,0.010832082109646448
default,Evaluation,sdp,939,1251,104.8,-6.791863081697949,-0.3048977343823016,759.9,8,-155.5493251670618,-0.09938987946982536,0.5121009227803499,0.004491723189743869
default,Evaluation,starfit,939,154.4,102.3,-0.5328929824695106,-0.18607947481209153,52.5,-10.5,-1.3836366157413678,-0.045840020827739414,0.12872922556734967,0.0039542625132074904
default,Fitting,gdrom,939,85.1,95.1,0.5679714097085009,0.5663276844535913,-15.6,6.2,0.27568091150228047,0.09459497144159867,0.6074459666862685,0.3306238383182263
default,Fitting,h06,939,725.7,94.1,-1.5839215188869211,-0.017008293362646976,186.9,-34.5,-51.67537835460742,0.11502969541810903,0.01013427751499119,0.2686221480282026
default,Fitting,natlake,939,89.9,99.7,0.42226555578318214,-0.25460684898902186,17.5,-7.4,0.19168698597604772,0.005658095419252662,0.7455378116892584,0.00891332643437684
default,Fitting,rulebasedloc200,939,510.3,81.3,-1.050129685643129,0.23427869546158664,123.1,-37.8,-25.04286168279463,0.3389400442981264,0.021897711890133436,0.43341934203169435
default,Fitting,sdp,939,1024.2,117.9,-3.232047475166393,-0.48885929311580845,256.6,-37.4,-103.92446308291814,-0.39127260699631217,0.010595678605216546,0.08676749760210797
default,Fitting,starfit,939,170.6,83.1,0.44458318301348243,0.2314686721792909,41.1,-10,-1.9098617584935274,0.30954472331856864,0.3941640874781402,0.4093994745019686
fitted,Evaluation,gdrom,939,116.9,108.9,-0.30941047847448044,-0.08367785092169555,26.6,-11.3,-0.36753695619244775,-0.18549613645136342,0.009451964500897614,0.0028646256637879478
fitted,Evaluation,h06,939,266.7,100.6,-1.0181966650381322,-0.2766446584987028,136.1,-28.4,-6.117214201742599,-0.012706928306856158,0.2152253047377119,0.008227363151022977
fitted,Evaluation,natlake,939,166.4,99.6,-0.5438090680794856,-0.2613678201477554,66.9,-21.3,-1.7681153679718267,0.008306587776458096,0.0923580536588623,0.019354040894570462
fitted,Evaluation,rulebasedloc200,939,228.5,105.1,-0.9153111596681889,-0.3071410475766656,86.7,-32.8,-4.222646294364471,-0.10391624194735738,0.49991707162964444,6.80966404180613e-4
fitted,Evaluation,sdp,939,117.6,101.4,-0.23150993813939325,-0.15492773977360397,-10.1,3.3,-0.3835611035866895,-0.02763010068247196,0.013693870533438728,0.008848459933949608
fitted,Evaluation,starfit,939,148.3,114.6,-0.19321629657556993,-0.03648589472778463,-58.7,31.1,-1.2012594031960195,-0.3135576648661189,0.002277727357723718,0.006864952541900777
fitted,Fitting,gdrom,939,120.8,85.5,0.3340544582418654,0.45991379294600043,-26.4,8.5,-0.46052417552790215,0.2684925005947081,0.5173774941014421,0.299674396907265
fitted,Fitting,h06,939,196,87.5,0.44746203640843774,0.13806492942831705,52.9,-9.5,-2.842848400020646,0.233704987874235,0.8013452801010891,0.4342036391887738
fitted,Fitting,natlake,939,58.5,99.4,0.5131890488304727,-0.255617793584062,1.9,-1.1,0.657883490892359,0.012480004118764598,0.7974693429643788,0.01251281452443562
fitted,Fitting,rulebasedloc200,939,510.3,81.3,-1.050129685643129,0.23427869546158664,123.1,-37.8,-25.04286168279463,0.3389400442981264,0.021897711890133436,0.43341934203169435
fitted,Fitting,sdp,939,51,81.9,0.8651224161492966,0.2529839189663714,6.3,4.7,0.7395685520771504,0.32874218233605046,0.7944731019047666,0.4296550549500434
fitted,Fitting,starfit,939,177.6,78.5,0.46949143535430027,0.45823013163944204,-44.7,31.8,-2.1538823976050883,0.38299399302781256,0.608449206552438,0.4204812371738457
default,Evaluation,gdrom,948,34.4,101.7,0.8200885295086761,0.5282511270006681,-3.4,-4.2,0.8817738602916698,-0.034588013167455633,0.9047991434911011,0.2989350425337164
default,Evaluation,h06,948,296,88.6,-0.11021589242272478,0.1335502452061127,103.4,4.7,-7.76168492783132,0.21412744563688435,0.45460571242258,0.279131406407066
default,Evaluation,natlake,948,67,87.8,0.6310811511740191,0.20380751181832635,-20.5,2.1,0.5506871636928503,0.22933429535418848,0.9339854366315969,0.23943271253146955
default,Evaluation,rulebasedloc200,948,562.9,143.1,-1.0731505524426477,0.20346232999760316,205.8,17.6,-30.69041358218264,-1.0489168817328784,0.583460571775555,0.13740747861690616
default,Evaluation,sdp,948,89.7,92.5,0.5306887493676085,0.08548133896375554,-1,33.9,0.19533488790838105,0.14407669508033383,0.3008790890856233,0.18244211149261116
default,Evaluation,starfit,948,519.1,95.7,-0.970016724690782,0.32005993025848833,185,13.5,-25.955823499417885,0.084802430444337,0.1763068674218577,0.16836623307704718
default,Fitting,gdrom,948,41.6,75.9,0.9131829852064574,0.6610935224092875,2.5,-1.6,0.8270506067979909,0.4233255131642092,0.8424212537004685,0.46467174380698645
default,Fitting,h06,948,510.1,90.7,-1.5731729304937851,0.120844753881314,132.8,-4.3,-25.02856349459479,0.17637222927274243,0.2268213292082634,0.18763556145178967
default,Fitting,natlake,948,60.7,87.1,0.8006952690825073,0.20510405629786144,-14.3,2.6,0.6319350981780286,0.24207429634410826,0.8421656432889494,0.2610036032156366
default,Fitting,rulebasedloc200,948,527.8,115.1,-1.702174335709517,0.3072595950727879,133.8,-16.2,-26.861468589885344,-0.32405115374479165,0.10666461681285157,0.10677576501784324
default,Fitting,sdp,948,364.4,89.3,-1.2288483797061875,0.11201344789152468,70.9,-8.2,-12.279017874735617,0.20164879616405873,0.0989454846139538,0.2830705354958217
default,Fitting,starfit,948,525.1,93.7,-2.1514160168191054,0.1831081396201838,114,-14.3,-26.57408886538341,0.12239375400992636,0.034482758418665056,0.14131042097087246
fitted,Evaluation,gdrom,948,44.3,93.3,0.8608932022832116,0.4718182545019636,-4,-6.4,0.8040864371475932,0.12918116809722358,0.8158753576099146,0.2493812374323128
fitted,Evaluation,h06,948,61.8,83.5,0.7499346372118328,0.279247496532649,-18.3,0.5,0.6175359554677964,0.30305910553134596,0.9097066248914472,0.32525270881261975
fitted,Evaluation,natlake,948,39.4,86.8,0.7394040876907482,0.2327741254761444,-5.9,-4.7,0.8449430708492361,0.24658761630772674,0.9125123206914336,0.2553552373255374
fitted,Evaluation,rulebasedloc200,948,202.3,89.3,-0.20089488368767894,0.31218347027249693,32.1,-31.6,-3.092640167516282,0.2016709808450834,0.17290688417981512,0.25275543501560693
fitted,Evaluation,sdp,948,147.2,90.3,0.1622520413867996,0.1136626134920854,11.7,-17.3,-1.1663753725851556,0.18491598379451102,0.27135781355529814,0.21731765605631542
fitted,Evaluation,starfit,948,194.6,116.5,0.2312057505528503,0.12979774188817716,-67.8,64.2,-2.7863623548094663,-0.35838159891426247,0.6175489418830878,0.17238062444941143
fitted,Fitting,gdrom,948,42.8,77.8,0.8154953863700534,0.617037455690999,0.9,-3,0.816930781663052,0.39478328227967974,0.8220350662166318,0.4284666716219839
fitted,Fitting,h06,948,106.1,85.6,0.17786447790410442,0.22847087607244587,3.5,3.2,-0.12619711221067953,0.26752679998993667,0.7648468524041913,0.2943730780267091
fitted,Fitting,natlake,948,39.1,85.5,0.8375362965318419,0.24262883868110352,-0.4,-1.9,0.8471842000876301,0.2681397268560014,0.8516678248018155,0.28545694743559563
fitted,Fitting,rulebasedloc200,948,395.1,85.7,-1.0515660271184175,0.39183058507138246,95.5,-15.5,-14.617173455268388,0.26532054316852294,0.15448351860748458,0.2837218913977132
fitted,Fitting,sdp,948,257.2,88.1,-0.4165398916536578,0.19773415363556368,54.8,-8.8,-5.616354196618324,0.22405398383641462,0.2977929502747538,0.23469038036628845
fitted,Fitting,starfit,948,165.3,89.1,-0.203983489167348,0.3897569550296597,9.6,18.8,-1.732459606500333,0.206000324962072,0.49403081580931346,0.253416241515351
default,Evaluation,gdrom,953,222.1,101.1,0.23403782708096987,NA,76.4,-68.3,-3.9351892271684177,-0.021824514282855922,0.9010331408287601,NA
default,Evaluation,h06,953,56.5,96.7,0.7625356263922839,-0.12834563400946597,-18.2,24.4,0.68057897997687,0.06438894233517711,0.9724716311929724,0.0886392726300496
default,Evaluation,natlake,953,130.6,101.3,0.33160297212794154,-0.3137161919223215,-39.9,55.3,-0.7058353917311877,-0.025586954287142527,0.769432107917599,0.008211035394829804
default,Evaluation,rulebasedloc200,953,246.2,100.7,0.14895869115320604,-0.3869927544116085,84.9,-70.4,-5.061298943528763,-0.013684951703077708,0.9014010839874875,0.1044882162579991
default,Evaluation,sdp,953,266.1,132.9,-0.2587727525459509,-0.7473748058423957,-86.4,132.1,-6.08313404324847,-0.7658889230410226,0.0980924554564255,0.012110361006361006
default,Evaluation,starfit,953,43.7,96.9,0.7343618285960682,-0.034601895346102696,2.2,25.4,0.8088391071915528,0.06156661238942196,0.8410808247830344,0.0682495769590203
default,Fitting,gdrom,953,73.6,137.2,0.6950586960717068,-0.08930696954142814,27.1,-44.8,0.457814444575231,-0.8822533624468574,0.740003364153045,7.895871806239494e-5
default,Fitting,h06,953,44.5,91.4,0.6982801143956794,0.059900659831129355,-18.5,13,0.8018398363151034,0.16515476874500734,0.9740911538787567,0.23000632636825968
default,Fitting,natlake,953,122.4,103.1,0.13275538919447338,-0.13315747002965939,-51.3,43.5,-0.49924779934387753,-0.06395113368173244,0.7156162738460496,0.020216111402681675
default,Fitting,rulebasedloc200,953,86.6,154.1,0.626178517625084,-0.11441678266599609,32.4,-50.3,0.25043978001708544,-1.3764526900977305,0.6816771321662842,5.276068164936287e-4
default,Fitting,sdp,953,169.1,134.1,-0.03815429816760951,-0.5318815273184032,-79.7,88.5,-1.8608661822459767,-0.7974460831513612,0.4754988520669457,0.04243554399415007
default,Fitting,starfit,953,64.4,92.2,0.7683539266427004,0.04921663925761277,11.7,-21.4,0.5853835377854909,0.1498875166459398,0.7132720531288969,0.17134816057927166
fitted,Evaluation,gdrom,953,123.8,99.6,0.4170947173750631,-0.30910924261448236,-39.1,70.4,-0.5319807803560284,0.006995613201730921,0.8558433873671276,0.03470702327415254
fitted,Evaluation,h06,953,15.8,94.1,0.9142472232121687,0.073021809722706,-2,6,0.9751855287654807,0.11481288580356197,0.9840655959610011,0.11515188546714361
fitted,Evaluation,natlake,953,44.8,99.8,0.8592040308786971,-0.3175346002181565,13.2,-32.8,0.7995017061682598,0.0033133041333224256,0.9476076672950933,0.008457009793268884
fitted,Evaluation,rulebasedloc200,953,80.9,101.2,0.5839491142580724,-0.45457949439932044,12.7,-48.7,0.34491344280027736,-0.024192543652551857,0.7390303553111571,6.909219262281634e-4
fitted,Evaluation,sdp,953,36.1,104.3,0.918442631198069,-0.503461700033786,-6.3,-0.7,0.8697708704809033,-0.08854711292689776,0.9070991419142244,0.05562825235119958
fitted,Evaluation,starfit,953,263.2,128.3,-0.2765636691393947,-1.8165392791415167,-84.4,272.2,-5.928411827583777,-0.6457579057306484,0.04204035023735968,0.0810525496938286
fitted,Fitting,gdrom,953,61.9,95.8,0.6211903681948592,-0.05876899727427598,-28.2,26.6,0.6168204388913444,0.08134185167760799,0.9508399570705982,0.09026981850898129
fitted,Fitting,h06,953,18.8,83.2,0.9017232252318232,0.3218302509721952,-1.2,-3.7,0.9648177428342668,0.30757988069437614,0.9721240036584184,0.31318867417280777
fitted,Fitting,natlake,953,28.7,98.6,0.774668345565165,-0.13955525961117266,1.2,-13.8,0.917409058501255,0.02719506608414246,0.9593521633029506,0.03121054102548863
fitted,Fitting,rulebasedloc200,953,62.2,112.1,0.7955036441559334,-0.021346909903208644,8.8,-30.5,0.6133079234125605,-0.2565305794446089,0.6669256089989016,0.011042663930076496
fitted,Fitting,sdp,953,30.7,95.9,0.8520019768423861,-0.06263777239358337,-6.3,-2.6,0.9059206311130895,0.08040697834712107,0.9284097699075106,0.0907615618685836
fitted,Fitting,starfit,953,155.3,105,0.071878771191357,-0.46255785537481575,-74.3,133.2,-1.4125178316321696,-0.10279984850179269,0.6686584880487506,0.18822600219042793
default,Evaluation,gdrom,955,21.3,31.6,0.9248322922257293,0.945446820299616,-0.3,0.1,0.9544465222511501,0.9001633227083214,0.9630969077334394,0.9055740772669572
default,Evaluation,h06,955,599.2,133.5,-1.9769121768405533,0.29320777531851505,89.9,-6,-34.91817257576252,-0.7820386745040373,0.34423512276280616,0.19540058739322935
default,Evaluation,natlake,955,262,69.3,-0.5036234367344332,0.6187634373906157,36.3,-2.1,-5.8683630526600785,0.5195307219380008,0.7351583762343022,0.5201563872368035
default,Evaluation,rulebasedloc200,955,710.6,121.2,-1.2277405515631887,0.3377736690434022,120.6,-9.1,-49.50640659165065,-0.46820900707394775,0.32935371206592456,0.37619354899315516
default,Evaluation,sdp,955,914.2,195.8,-0.6898164016506396,-0.3967122655337343,164,-7.2,-82.59594885574404,-2.83661344699668,0.5232020958140385,0.3017075889387845
default,Evaluation,starfit,955,67.4,56.1,0.5160026209789259,0.7190011639694592,-1.1,-0,0.5462685675658137,0.6856166497609704,0.8558000840440071,0.6884542159675401
default,Fitting,gdrom,955,30.3,31.3,0.8877765994663359,0.9437953944716415,-0.9,-0.3,0.9082911672037941,0.9021428818404839,0.9301832326549153,0.902729228109672
default,Fitting,h06,955,529.2,116.1,-1.8242483946705845,0.3982790668754028,85.8,-7.8,-27.012234577193617,-0.34845647781608036,0.3409117352463679,0.1773650641613417
default,Fitting,natlake,955,228.2,68.8,-0.24214194092325014,0.4889272380812527,35.8,-2.9,-4.207598195623957,0.5262549038027046,0.7025447886700723,0.5659681086069185
default,Fitting,rulebasedloc200,955,592.1,91.1,-1.3181848854181304,0.5953872865154282,107.4,-7.6,-34.061491723983075,0.16960121916588422,0.24318390284801147,0.4858977376628872
default,Fitting,sdp,955,803.2,154,-1.0168493793801296,0.006593346414048407,158.4,-12.9,-63.51826711152286,-1.3730253548740987,0.2583017870695221,0.34374223032445067
default,Fitting,starfit,955,70.4,62.2,0.5909137874570912,0.6440747702601068,0.2,0,0.5049794538820589,0.6131738362110053,0.7685957243052376,0.6181934070396137
fitted,Evaluation,gdrom,955,35.4,28.4,0.8580608630835024,0.9574978838633987,-4.4,0.3,0.8745422865171554,0.9195577993870577,0.9584817064477685,0.9225855010058025
fitted,Evaluation,h06,955,296.5,75.5,-1.369245870320706,0.4858408897089179,10.2,-1.8,-7.79164708706238,0.4298468824338044,0.28745691323779854,0.4315858369407953
fitted,Evaluation,natlake,955,70.3,39.4,0.4298017690723709,0.832502619393041,-3.3,0,0.5059632013664862,0.8448487544902471,0.9139647240390936,0.8497408067780263
fitted,Evaluation,rulebasedloc200,955,497.6,80.1,-2.1958899705445396,0.6660699281040736,58.9,-9.1,-23.765111134739417,0.3574965846423038,0.1981753858264195,0.46091036974394034
fitted,Evaluation,sdp,955,687.2,161.4,-2.522254700260168,0.03555326494364097,101.5,-13.2,-46.23237647272843,-1.6071939277730398,0.2411554623469247,0.18705853140565085
fitted,Evaluation,starfit,955,67.5,56.4,0.5865698316521841,0.7122315131214076,-2.8,0.1,0.5447796494888407,0.6821620372071685,0.8160571595353489,0.6856129231743987
fitted,Fitting,gdrom,955,32.1,27.2,0.8908385033563369,0.9508043694040174,-4.2,-0,0.8967798316061407,0.9258287016076452,0.9551409870918238,0.9258680454275171
fitted,Fitting,h06,955,251.6,69.5,-0.8737228350913251,0.5288968064514296,6.8,-1.8,-5.331197739163758,0.5175268695066436,0.21445866271558406,0.5303512323139771
fitted,Fitting,natlake,955,59.9,42.1,0.5747360121723988,0.762574486399629,-3.3,-0,0.6407359794470142,0.82251042851341,0.8928864532800556,0.8422374612863625
fitted,Fitting,rulebasedloc200,955,415.8,65.5,-1.4530956931053787,0.778249155029462,59.4,-2.9,-16.29256036333877,0.5706412604773055,0.25843461555607816,0.6101332307848297
fitted,Fitting,sdp,955,646.4,131,-1.3846593151539635,0.2859199679324608,119.5,-8.5,-40.788436710437935,-0.7152538983420755,0.24276593420256334,0.287856274207355
fitted,Fitting,starfit,955,63,62,0.7196043611190579,0.6440362759020244,-0.9,0,0.6035616676285103,0.615132922466288,0.7500028236173254,0.6205344511056979
default,Evaluation,gdrom,956,18.5,72.1,0.9514451488548317,0.7219876016648206,4.4,0.9,0.9659135770740019,0.4805692091885948,0.9730857979463191,0.5288642606684414
default,Evaluation,h06,956,51.1,159.9,0.5952783286921766,0.06142167802729703,11.9,-1.1,0.739175216401428,-1.5584961815436462,0.9536468165205649,0.02561227392046332
default,Evaluation,natlake,956,85.1,84.6,0.4281762267201188,0.3173308348563999,-36.4,13.8,0.27538350406187206,0.28395511843260557,0.8287600972810274,0.2875359255478166
default,Evaluation,rulebasedloc200,956,83.8,124.5,0.5282817421972434,0.33510657999402993,33.8,-10.1,0.2972602879122862,-0.5515572566769638,0.8355530995964738,0.14200046384960607
default,Evaluation,sdp,956,65.3,115.8,0.5475099027293353,0.23992315960911936,4.5,-5.7,0.5734868946336222,-0.3414456068041356,0.8514176017044873,0.0628469421511429
default,Evaluation,starfit,956,105.9,160.2,0.438797437960713,-0.18717954329447117,-54.4,76.7,-0.1224722708568875,-1.5672921207367652,0.852000181334433,0.04060368626361166
default,Fitting,gdrom,956,7.6,54.8,0.9941404535686782,0.845695496642942,0.4,-2.1,0.9942501256409586,0.7001678644230933,0.9943326663176325,0.7190036078433629
default,Fitting,h06,956,35.5,134.8,0.7741018286270894,0.22098542926267006,1.5,2,0.8738260135449127,-0.817707363314492,0.939084796225971,0.05846784381012075
default,Fitting,natlake,956,94.7,88.2,0.32742234318791463,0.32898417744766417,-45.1,10.5,0.10378797004731233,0.221263708568882,0.8816155302840037,0.2338619754406946
default,Fitting,rulebasedloc200,956,79.2,166.2,0.5477411810252806,0.029605298154799176,34.8,-11.4,0.37339229535889373,-1.7634866006193857,0.8514192260499521,0.09645424000627244
default,Fitting,sdp,956,43.7,138.7,0.7193061745523435,0.20356857574836207,13.1,1.9,0.8090293064812528,-0.9253459083130211,0.936437124564894,0.056195018904770966
default,Fitting,starfit,956,116.4,137.2,0.3205296708337023,-0.09699332695013352,-59.8,83.8,-0.35514256373665587,-0.883506949438515,0.6931838512861164,0.1177015281584192
fitted,Evaluation,gdrom,956,33.7,65.7,0.848002540292109,0.5743440618981608,7.5,-11.1,0.8864024842639012,0.5687941931308734,0.9313126183059405,0.5802201256503301
fitted,Evaluation,h06,956,43.4,117,0.663256939740665,0.31571185054942885,0.1,3.9,0.8114862268640793,-0.3689420056919188,0.943958537468805,0.10038467016864977
fitted,Evaluation,natlake,956,29.1,86.5,0.8807054137128313,0.25064898142996117,9,-9.4,0.9151418726262819,0.2520117580500042,0.9514924825939667,0.2577193413918336
fitted,Evaluation,rulebasedloc200,956,42.2,73.1,0.7603658175909536,0.6130091468990199,13.3,-10.9,0.821509210734575,0.46556199994317027,0.9330991596764365,0.4780716850395129
fitted,Evaluation,sdp,956,35.9,85.3,0.7633897017283822,0.36045242381880316,6.4,-5.6,0.8709168509739356,0.2717800380317723,0.948185244046295,0.274992452230227
fitted,Evaluation,starfit,956,89.9,100.2,0.5600320579405031,0.05196790584065003,-41.9,73.7,0.1912676122608188,-0.004817121627584076,0.8051783615444681,0.19886712663877917
fitted,Fitting,gdrom,956,34.9,79.7,0.895693221221705,0.4930212403826054,9.2,-8.6,0.8778705261184621,0.3650953948441543,0.9044488362976122,0.3726174377300486
fitted,Fitting,h06,956,42.2,99.7,0.8027583888311797,0.45086700429441406,-11.6,5.5,0.8217240934847557,0.0067995317716129655,0.9014460245656054,0.21218187140376762
fitted,Fitting,natlake,956,24.9,85.3,0.8975723557246168,0.2660992808512942,0.5,-7.6,0.9377917211142409,0.2728626945676649,0.9426308016159999,0.28242014057150283
fitted,Fitting,rulebasedloc200,956,37.6,75.5,0.8335332197103587,0.699357301754997,14.8,-6.1,0.8586726307142342,0.4295139116227632,0.9325132662076306,0.49985310725085474
fitted,Fitting,sdp,956,17.4,79.5,0.9500582903050285,0.4117037839832576,3.6,-4.9,0.9697170367214211,0.3681291844635908,0.9738580180492463,0.370725024274629
fitted,Fitting,starfit,956,83.8,103.1,0.5900773250189812,0.043088385426531595,-38.6,80.9,0.2984581121692992,-0.06377737754207558,0.7640105147092372,0.24706161625196427
default,Evaluation,gdrom,957,1464.9,220.2,-1.2324984152039935,-4.971103657344326,-90.8,587.1,-213.6602812058388,-3.848346247313435,0.12098429291288987,0.07214055922402343
default,Evaluation,h06,957,1276.8,95.1,-2.9137531350794217,-0.33627360559135977,-75.4,117.3,-162.05985020478167,0.0944890469877574,0.15455920904887108,0.20425047771991497
default,Evaluation,natlake,957,1066.4,80.5,-0.7446139550120694,0.05523238481447057,-65.8,76.6,-112.75718170674314,0.35126834186394895,0.2407052297227623,0.3779127439948554
default,Evaluation,rulebasedloc200,957,221.6,65.6,-0.4153879866168835,0.6899689811028622,-6.4,13.1,-3.910873853993313,0.5692507601570054,0.31207774942429867,0.5785303298897305
default,Evaluation,sdp,957,1308.3,77.5,-4.045410573426435,-0.4259846492456425,-74.1,139.3,-170.21862402835436,0.39945091590759163,0.06627518074506598,0.5150566043054212
default,Evaluation,starfit,957,1049.6,101.9,-2.227195725455989,0.049809001765152905,-61.4,80.1,-109.20364765525491,-0.03920569574543009,0.08522449245476231,0.23856006065339272
default,Fitting,gdrom,957,1444,97.4,-6.572141151721907,0.3809972125103275,-49.2,13.8,-207.5523295222961,0.051049338897884766,0.1840195119113383,0.1871058909872244
default,Fitting,h06,957,1180.6,89.7,-5.953296264729414,0.3655870970376859,-37.2,0.3,-138.41016792960943,0.19536071369089814,0.1154448973748918,0.22469694720608507
default,Fitting,natlake,957,1115.4,87.9,-1.9169132788313608,0.2210220530768352,-43.8,11,-123.43686755819321,0.22754317569749904,0.2806291169974014,0.2337523504499484
default,Fitting,rulebasedloc200,957,367.8,87.4,0.4137524584821398,0.6208209194953139,14.7,-4.3,-12.532946817229014,0.23596908170841813,0.27479737868213283,0.38872377586369633
default,Fitting,sdp,957,1154.3,94.9,-7.527339281582702,0.41480769090682723,-29.1,3.2,-132.27087086656172,0.09948294887417242,0.16145861806703019,0.20825909047747776
default,Fitting,starfit,957,464.6,80.7,-0.7013982186724061,0.45467990927339197,-16.7,3.5,-20.585727202909098,0.34834294616276407,0.2417582880007255,0.3508719731793034
fitted,Evaluation,gdrom,957,1279,82.4,-3.6769595769601926,-1.0220147323688091,-73.2,199.8,-162.63283942754873,0.321361077049964,0.07214509076162497,0.5208039948366109
fitted,Evaluation,h06,957,1122,74.4,-3.0692206816727285,-0.15193430972160682,-64.3,111.3,-124.91550794293845,0.4463658866018396,0.12853530548234407,0.5276091947549049
fitted,Evaluation,natlake,957,509.7,69.2,-1.0317133907419267,0.5187948037667006,-27.6,36.2,-24.99057534195232,0.5208595472817215,0.22989591764987513,0.5362351006062134
fitted,Evaluation,rulebasedloc200,957,279.4,68,-0.030708221923318568,0.6248399299111458,-14.8,13.6,-6.8089337022875895,0.5373423793549523,0.40592718192631677,0.5396067870124533
fitted,Evaluation,sdp,957,144.9,89.6,0.48887183262366507,0.5677068538990402,6.5,-18.6,-1.0999530697444433,0.19615300620683862,0.4645310768940981,0.3732865551384845
fitted,Evaluation,starfit,957,399.1,87.5,-0.0832975308221453,0.467937873817848,-22.8,22.7,-14.93337718929894,0.23371592689787546,0.24468259441626505,0.30677187013136453
fitted,Fitting,gdrom,957,281.2,75.1,-0.5323518373321932,0.6100651863036557,-8.1,1.3,-6.911436104450536,0.43528793265960897,0.397164067119062,0.4499071770049095
fitted,Fitting,h06,957,746.3,95.1,-4.7711299134001495,0.46037570850287013,-15.9,-1.8,-54.713017338812975,0.0957529971472999,0.16407053465381843,0.23205875816249277
fitted,Fitting,natlake,957,296.3,91.5,-1.3113524792627378,0.5352688254113313,2.9,-2.8,-7.779560858270443,0.161983503434591,0.2591678002390777,0.29666610632594737
fitted,Fitting,rulebasedloc200,957,99.5,60.7,0.5576449155284682,0.6940714978808465,2.5,-0.7,0.008944171102921783,0.6318639795628753,0.3951414327123952,0.6323788534450079
fitted,Fitting,sdp,957,170.7,76.4,-0.04331811397353902,0.5375990941528946,0.4,-0.9,-1.915845054706542,0.4156230199103095,0.18210790767078833,0.41860785515335514
fitted,Fitting,starfit,957,138.5,72,0.459616310159924,0.5330534316277296,-3.4,0.7,-0.9198822592276117,0.4819969165935202,0.24831869402210868,0.48456579478820094
default,Evaluation,gdrom,961,144.4,71.6,0.2727476574007506,0.6178049195505348,9.7,-2.5,-1.0868899947856816,0.48662213206708815,0.21606469750432997,0.4908473306515527
default,Evaluation,h06,961,963.2,101.4,-2.9234783136325833,0.46675211490450286,163.7,0.3,-91.79404649649629,-0.028625641736301777,0.21760166758678265,0.2189130627519264
default,Evaluation,natlake,961,516.8,71.2,-1.297147348109056,0.4750119003009592,85.5,0.3,-25.719152230040407,0.49256407788849677,0.5414693230672587,0.520135949245331
default,Evaluation,rulebasedloc200,961,1125,84.5,-1.4515204158306765,0.6466382792935688,209,-0.4,-125.58802745796093,0.2850566514145253,0.2843492520321148,0.418436600001453
default,Evaluation,sdp,961,825.2,94.5,-3.311122665514546,0.3315735682175901,127.3,-1.3,-67.1091544395957,0.1064898410740982,0.18223376321750231,0.17327906707416502
default,Evaluation,starfit,961,122.1,74.9,0.30209270805298094,0.4881289835139746,4.8,0.1,-0.49056490274695497,0.4384383631584313,0.45833586705332174,0.4409637832695253
default,Fitting,gdrom,961,72.5,69.9,0.7702423750343264,0.7307390477809761,7.5,-0.1,0.47445480367961956,0.5112076374212184,0.6245380821927716,0.547467096838658
default,Fitting,h06,961,809.2,107.5,-1.976593647256938,0.24505642345395295,158,-5.6,-64.495102474846007,-0.15533232282955223,0.16771176479976244,0.08055703257261473
default,Fitting,natlake,961,404.9,77.4,-0.41854756751922606,0.37180162220964386,79,-3.1,-15.394407453131866,0.40094765500263896,0.5147652234108856,0.4374151761740996
default,Fitting,rulebasedloc200,961,1015.3,94.7,-1.5168066492097703,0.5555712157085717,210.8,-6.3,-102.1041458838899,0.10304273731997426,0.10003006683249246,0.3140378148325891
default,Fitting,sdp,961,693.9,95.7,-1.678672680282554,0.2660248843541567,133.1,-4.1,-47.16061384813733,0.08366436170884495,0.18136213865649883,0.1416310948792963
default,Fitting,starfit,961,46.9,60.7,0.7911751451855213,0.6492467997955389,0.5,-0,0.7802953151642105,0.6313649237365528,0.7844746851586375,0.6389371840895318
fitted,Evaluation,gdrom,961,84.8,71.1,0.6232344597982871,0.6387254964205926,2.3,-0.3,0.2802359318138419,0.49404673151289147,0.3947779042249101,0.5005320934264381
fitted,Evaluation,h06,961,543.5,82.6,-2.6668612383756423,0.32079819929683107,63.6,-4.7,-28.545624524465442,0.3182721471546277,0.16255172223656092,0.32918699185464567
fitted,Evaluation,natlake,961,98.5,61,0.32627925885159537,0.6259980917898534,1,-0.3,0.029162796994338103,0.6278433150958618,0.6995968288658322,0.6417157095412416
fitted,Evaluation,rulebasedloc200,961,750.4,76.1,-2.8346841026199945,0.5149716880099049,114.9,-6.5,-55.32946732995835,0.42040053422813406,0.10776429196621375,0.4223971970932284
fitted,Evaluation,sdp,961,451.9,88.9,-2.437215306052513,0.3119779463090636,44.3,-2.4,-19.42921127451065,0.20962991391233254,0.3721379844688102,0.2190932080104772
fitted,Evaluation,starfit,961,113.3,74.6,0.3328609748609984,0.49055015374908173,2.8,0.2,-0.28473323779455684,0.44283627674765136,0.5196650535827168,0.44572250861886653
fitted,Fitting,gdrom,961,58.9,69.2,0.594109173771598,0.7522744759653278,-2,0,0.653446103498646,0.520843678914184,0.70819167330184285,0.5683395760536151
fitted,Fitting,h06,961,282.6,83.1,-0.640274065518192,0.3370252896097802,32.7,-2.2,-6.990130895402821,0.30882585865231116,0.06962775423282114,0.31183127995299215
fitted,Fitting,natlake,961,64.3,62.7,0.711435316724169,0.6096845418243424,-0.4,-0.5,0.5860020308117109,0.6067176626348488,0.7402003422936291,0.6198518009775795
fitted,Fitting,rulebasedloc200,961,777,76.6,-0.9400781744181046,0.6551619521677989,160.6,-5,-59.37901284135314,0.4129553465996074,0.16300569812644927,0.4589077537351101
fitted,Fitting,sdp,961,470.8,91.3,-1.0341799920006602,0.1845853410373841,86.4,-3.5,-21.16787803219864,0.16580351991820497,0.3258637312802951,0.16737841254077884
fitted,Fitting,starfit,961,48.8,62,0.8235443287975351,0.629231157576717,-1,0,0.7622386697858947,0.615354419931853,0.7646656511683664,0.6245865122621411
default,Evaluation,gdrom,962,79.9,79.6,0.4680655189477255,0.6856595199243816,0.6,1.3,0.3607980962861206,0.36646395113822616,0.770950522421464,0.4706530387862209
default,Evaluation,natlake,962,237.6,71.4,-0.8788331778696161,0.491720931178235,20.2,-0.1,-4.647300480152311,0.48947972572785914,0.6164255747875738,0.5064335021875734
default,Evaluation,rulebasedloc200,962,1525.3,177,-2.548806795680076,-0.050909872745830365,308.7,-4.2,-231.73253836031722,-2.1322362145556135,0.528100238811327,0.07291167144313908
default,Evaluation,sdp,962,737,93.6,-4.977055502809345,0.1458793459287645,76.2,-4.1,-53.327994580077146,0.1241382212088411,0.368617549582078,0.1301272749793267
default,Evaluation,starfit,962,331.7,226.5,-0.44824765053958515,-0.5352964035575458,-56.9,52.5,-10.007498726914967,-4.130090239439931,0.4221829331604699,0.019824863616639897
default,Fitting,gdrom,962,65.6,80,0.7147626309585513,0.6654037923578089,1.9,0.4,0.5701309458914383,0.360471999037026,0.725616941525376,0.44596532242296116
default,Fitting,natlake,962,97.3,75,0.5070127454363247,0.6981864262704474,15.7,0.8,0.053843835476705126,0.43743594793356955,0.620190839621981,0.49506666926252096
default,Fitting,rulebasedloc200,962,606,153.9,-1.9413847216190434,0.11951818084884813,199.7,-17.4,-35.73036711148707,-1.370059159739594,0.019110519724656404,0.09059590493182496
default,Fitting,sdp,962,431.5,94.2,-1.5820029239004678,0.445123890129667,117.9,-0.5,-17.625434537371625,0.11316296602096632,0.12708692051948847,0.2274420165240179
default,Fitting,starfit,962,179.6,186.2,0.19066806882576448,-0.1407932602221098,-54.9,23.3,-2.225973824762135,-2.4690354384395716,0.16568469768698488,0.038157964360701076
fitted,Evaluation,gdrom,962,111.1,74.8,0.2748787104887369,0.7046201782880677,-9.8,5.3,-0.23541195794201775,0.4407610053663831,0.7221619904864314,0.5061005415846402
fitted,Evaluation,natlake,962,162.4,67,-0.29564557753157694,0.5394442065362874,3.4,5.2,-1.6391932318106677,0.5512375393054519,0.6156497902192721,0.5729105136206291
fitted,Evaluation,rulebasedloc200,962,911.7,110.2,-5.33621359527463,0.3023872799006537,127.5,-30.4,-82.1372195990994,-0.21501969632509144,0.35516421864292236,0.13994605808117663
fitted,Evaluation,sdp,962,709.6,87.1,-4.225966730551427,0.3477848899612377,91.4,-12.2,-49.373418351121174,0.24201606199109016,0.45335451827573964,0.2542533439827717
fitted,Evaluation,starfit,962,221,82.3,-0.4208750161607311,0.42896721512052616,27.7,0.1,-3.885762803129002,0.32191168405979187,0.5685764886594726,0.32486375213421753
fitted,Fitting,gdrom,962,41.9,50.7,0.8891440866143515,0.8559869569331519,-9.2,2.5,0.8246177156821599,0.7432194083933892,0.8902967669737514,0.7507623790144115
fitted,Fitting,natlake,962,70.8,64,0.714185643778547,0.7533913316822438,-4.1,2,0.4980595272902877,0.5907947325098295,0.6685282019586829,0.6047454354359186
fitted,Fitting,rulebasedloc200,962,475.7,129.3,-1.2304590735856475,0.3162522263571984,156.3,-13.5,-21.636078289330452,-0.6713913152358744,0.038881789380152416,0.18540091232517653
fitted,Fitting,sdp,962,265.5,100.4,-0.6624578078487262,0.46716643943760816,61.8,2.5,-6.048038707882738,-0.008884342658899591,0.3047345457914214,0.22104768223973767
fitted,Fitting,starfit,962,196.5,94.9,-0.2894939732973376,0.48727209897297474,33.7,-0.4,-2.861908191566885,0.09991892599220853,0.3812332977340193,0.24987032112411084
default,Evaluation,gdrom,963,33.7,71.7,0.7913850171216538,0.5797634885330616,19.6,-2.9,0.8861535813806891,0.4853255205032395,0.9712908754723559,0.4856187377651575
default,Evaluation,natlake,963,58.2,88.9,0.6406782804392073,0.1590948021003903,35.4,-7.2,0.6607740931066037,0.20876112503410604,0.9289644045588189,0.22593194851796744
default,Evaluation,rulebasedloc200,963,1095.8,110.2,-6.472281888210561,0.1903087619332905,746.3,-21.2,-119.10380423589963,-0.21458912258893292,0.49789971667389343,0.06353722520093415
default,Evaluation,sdp,963,104.9,109.2,0.3694628357145705,-0.29853236197558886,-42.1,76.1,-0.10010199069685077,-0.19286624260682128,0.33115103737009943,0.009655204960142624
default,Evaluation,starfit,963,238.8,99.2,-0.5429421069069427,-0.08674076591240931,141,72.6,-4.703568387982313,0.015774825334620823,0.15810611032616803,0.1173057430090977
default,Fitting,gdrom,963,64.4,97.3,0.7148418519850457,0.23470916025316246,18.1,-3.8,0.5856466555252019,0.05354042145750182,0.7691735380163266,0.11997683832776945
default,Fitting,natlake,963,67,82.6,0.641420447347425,0.2865645236547434,28.8,-6.7,0.5510085836503975,0.31836058536716993,0.8544950589504244,0.3477046545948837
default,Fitting,rulebasedloc200,963,719.3,102.5,-3.988494405561889,-0.23185155973726168,360.3,-69.2,-50.747398382474515,-0.05139786039336358,0.24508870614683562,0.041535634823204964
default,Fitting,sdp,963,339.9,105.1,-1.3884540131252412,-0.4186216856323899,160.4,-12.8,-10.55745086218418,-0.10416298579354177,0.5477262798299587,0.02616149533505546
default,Fitting,starfit,963,445.2,95,-2.0978436966333405,-0.029015905544358622,215.5,-22.9,-18.827427328265717,0.09738485659933405,0.4212779548305821,0.11214490850085986
fitted,Evaluation,gdrom,963,50.4,83.3,0.8402184000686855,0.37024647290037904,6.4,-5.1,0.7459862944285081,0.3055036734669565,0.7975858397296571,0.30586756964896905
fitted,Evaluation,natlake,963,28.8,85.6,0.8946016492380615,0.24810292112258725,4.9,-11.9,0.9168171122672151,0.2675829042773942,0.9241246805522382,0.2800185478952294
fitted,Evaluation,rulebasedloc200,963,139.7,98,0.10939508896344707,0.09225005658028695,48.5,-9.1,-0.952552426029138,0.0402045112547893,0.50648997628922,0.07576854541170919
fitted,Evaluation,sdp,963,57.5,113.9,0.6888007620509502,-0.25213655729792883,-30,28.6,0.668879264293806,-0.29756985780898093,0.8752340920150725,0.008038681387633676
fitted,Evaluation,starfit,963,76,105.4,0.5379682460358655,-0.3969336659739402,-44.7,111,0.4225035522434273,-0.11103160553126434,0.8515812155890052,0.09122592685039763
fitted,Fitting,gdrom,963,34.5,58.5,0.8761657268187526,0.7458048168807354,7.4,-6,0.8806563491936159,0.6578705506715503,0.8967895851842274,0.6591738380351319
fitted,Fitting,natlake,963,34.3,69.5,0.8187862809583683,0.49437582361038557,3.4,-5.3,0.8819870973050145,0.5163190930872084,0.8991480861624538,0.5446979275840464
fitted,Fitting,rulebasedloc200,963,595.8,100.5,-3.1511866054513478,-0.1516021755833552,291.8,-50.2,-34.509021607946146,-0.009406065238195316,0.2888848544237539,0.04246868213819334
fitted,Fitting,sdp,963,148,96.3,-0.14961352286895568,-0.030166358917285807,33.9,13.5,-1.1894542291163042,0.07290486680558461,0.6946715484222783,0.07550321784326058
fitted,Fitting,starfit,963,354.2,95.6,-1.4881494783796745,-0.032125485523705644,168,-5.8,-11.546690611558502,0.08640275678745468,0.5385109515654908,0.09006480333019079
default,Evaluation,gdrom,964,102.3,88.1,0.6320509670018613,0.566757061924035,3.9,-0.9,-0.04726392133177071,0.22350713119924415,0.40361284997061436,0.33277821711765054
default,Evaluation,h06,964,600.7,119.9,-4.261007420956582,0.23621876676498832,9.5,-0.1,-35.09145628068146,-0.4390199882156547,0.21091665776743354,0.056826572872715635
default,Evaluation,natlake,964,471.2,90.8,-1.0773607987100737,0.1368647134243467,-27,2.1,-21.20748024938584,0.17621003647610967,0.42233838485503294,0.1811650215385985
default,Evaluation,rulebasedloc200,964,912.5,109.5,0.20761587280030613,0.4391505347883773,61.2,-4,-82.29022979810927,-0.19903241850328302,0.33251052150424937,0.19870484142249076
default,Evaluation,sdp,964,967.5,154.8,-0.2808804841802872,0.12766940437935348,64.2,-4.8,-92.62391835510138,-1.3963168837599604,0.24086979759126137,0.09439172532939014
default,Evaluation,starfit,964,1283.3,110.2,-1.8495573335406754,-0.4999810758052776,-83.6,82.9,-163.72818799518475,-0.21485463969995533,0.17985148176744647,3.420381483347895e-4
default,Fitting,gdrom,964,65.2,90,0.7017166523536265,0.5392872403744902,2.3,-0.4,0.5752187930196753,0.1897885229586176,0.6216813881236349,0.30496461282891807
default,Fitting,h06,964,347.4,123.4,-1.4499011582046881,0.09989490196205497,14.2,-2.7,-11.069236863664802,-0.5226407196038694,0.07753441106818161,0.01292250348121087
default,Fitting,natlake,964,292.6,84.8,-0.16023363956152425,0.2628836715283649,-25.7,4.6,-7.5639612391941355,0.2803546389306737,0.3788318521969052,0.29544668299366794
default,Fitting,rulebasedloc200,964,544.6,123.4,0.11473546736653073,0.32779278078133056,56.3,-7.2,-28.66531120205806,-0.521870394087113,0.10998775682264492,0.12154825800288184
default,Fitting,sdp,964,575.5,157.6,-0.03556267327333407,0.10293780729193591,58.9,-7.1,-32.12095063678072,-1.4846152574061726,0.09075348060889976,0.0756820512463459
default,Fitting,starfit,964,751.8,104.2,-1.9122528792987974,-0.31563627700503116,-70.5,66.8,-55.52429459586502,-0.08688399730964447,0.12313444136250355,0.034084564155382135
fitted,Evaluation,gdrom,964,140.7,88.2,0.2219421295576245,0.4361044586231342,-0.9,6.4,-0.9792345311852646,0.22225024683205796,0.24262307180488474,0.2651986564330353
fitted,Evaluation,h06,964,588.6,104.1,-4.279784888345425,0.16680225211315913,-0,0.5,-33.654265412934,-0.08366816378736885,0.1864908026719791,0.06314756352588023
fitted,Evaluation,natlake,964,253.4,90.3,-1.056113176409049,0.15223587870755573,-2.7,0.7,-5.4206356238753095,0.18493375172515458,0.41335946358093933,0.1895239128374212
fitted,Evaluation,rulebasedloc200,964,528.8,84.9,0.395657453574516,0.5139572778730273,35,-7.8,-26.968872920462665,0.2797382617245312,0.4239183052238631,0.326538472360408
fitted,Evaluation,sdp,964,633.8,129.4,-3.353599291670072,0.23789951313558733,26.2,-0.9,-39.18562479482812,-0.6752447713409981,0.1369299198449063,0.059950127401022346
fitted,Evaluation,starfit,964,933.9,105.1,-6.428901755268628,-0.12284964334155934,-30.1,23.4,-86.23372231836885,-0.10532456553255498,0.05373658131275231,0.006835681922581227
fitted,Fitting,gdrom,964,114,79.1,0.5348452561669612,0.5552199591484541,-6.1,3.1,-0.30052076887502555,0.3746823903938079,0.4596972137396362,0.3927602545098469
fitted,Fitting,h06,964,307,110.3,-1.2830546957876172,0.12503636729440504,4.6,-1.2,-8.428817417311015,-0.21634143114758264,0.07948340991967107,0.033884149452425405
fitted,Fitting,natlake,964,159.9,84.1,-0.05676908078068621,0.28151749785528823,-2.7,1,-1.558198321918578,0.2920611551657728,0.3796559384492772,0.3051697780642568
fitted,Fitting,rulebasedloc200,964,318.2,93.7,0.4345539628742281,0.4827729346395857,32.2,-4.5,-9.124703827795505,0.12187277783078954,0.2867408675640762,0.25294941825390244
fitted,Fitting,sdp,964,454.9,133.3,-0.7953084448508083,0.19001302850505697,40.2,-1.2,-19.698183976705398,-0.7785082322871661,0.06736455826631758,0.03854178484069173
fitted,Fitting,starfit,964,508.8,110.4,-2.471048635251197,0.0637632711492564,-30.3,17.4,-24.892315452825788,-0.21969481634817467,0.07682908370026263,0.02370302344070406
default,Evaluation,gdrom,965,89.3,97.4,0.5812735651656002,0.4323954964487666,4.2,-0.9,0.2022597265808157,0.05021755548263529,0.34450783655491446,0.20553434913292334
default,Evaluation,h06,965,1171.8,110.3,-4.688579728801552,0.07742545932371325,378.3,0.8,-136.34983390400723,-0.21613942335501357,0.20439258718032413,0.022741051847318273
default,Evaluation,natlake,965,690.7,86.4,-1.7350236747692827,0.24022231206174793,235.9,-1.1,-46.724015327007024,0.2529802533179575,0.42032173022461916,0.261792039516926
default,Evaluation,rulebasedloc200,965,1634.4,94.4,-4.8431960940400804,0.4352077183480283,576.7,0.6,-266.18602411347666,0.10853044524009325,0.22428944707214526,0.22085309764532396
default,Evaluation,sdp,965,1869.1,146.9,-5.6682363224636205,0.15899322417155237,661.9,-1.4,-348.45915714756245,-1.1592835121485416,0.19023343699125775,0.05010438042926521
default,Evaluation,starfit,965,70.9,82.5,0.7164766533167882,0.40613521391187424,0.5,-0.3,0.4976266190837222,0.3193373185304703,0.5322213250172497,0.3201810202046587
default,Fitting,gdrom,965,45.5,59.5,0.8662481331560046,0.7872637488531071,9.7,0.2,0.792901186332242,0.6462984150586795,0.837033316802495,0.6554334127338939
default,Fitting,h06,965,852.8,108.8,-3.364487556801228,0.41084203360445015,386.3,-0.3,-71.7337862842665,-0.1845312155641139,0.10984703957211786,0.16881690248972886
default,Fitting,natlake,965,482.4,86.4,-1.4189848921824129,0.5418710014206394,218.2,-2.1,-22.27073292023803,0.25365636101802025,0.36801628553603966,0.32621834674983496
default,Fitting,rulebasedloc200,965,970.4,98.6,-4.017279009841342,0.5340993861845947,436.3,-6.6,-93.19164226646427,0.026857602949431958,0.020483124762986558,0.29431356205211806
default,Fitting,sdp,965,1080,118.3,-4.395710757451804,0.40240629456178845,497,-7.4,-115.67141997451671,-0.39888992341792595,0.008913345796987973,0.20521955212469958
default,Fitting,starfit,965,116.5,69.5,0.2634607557011709,0.6197600232742677,8.3,0.3,-0.3572836682747753,0.5163077490060809,0.5569412430614485,0.5169301493451167
fitted,Evaluation,gdrom,965,69.3,88.3,0.5822186767727242,0.5085003040239784,0.6,-0.3,0.5197601381936041,0.21959610288985865,0.5211643757532062,0.2952082754761835
fitted,Evaluation,h06,965,515.6,92.8,-1.9559832853760222,0.1359336799186447,143.3,0.2,-25.58955313830347,0.13846002344741049,0.20582815769404153,0.1394571421189446
fitted,Evaluation,natlake,965,77.8,80.2,0.712436484829527,0.42034945372276167,-4.4,0.4,0.3949297577928029,0.35676601539245467,0.5546847190636801,0.35698547253215984
fitted,Evaluation,rulebasedloc200,965,1119,100.8,-5.45176076519093,0.32321031877280904,325.6,-10.3,-124.2399020317748,-0.01697204319967538,0.03765980654314001,0.1398458450986896
fitted,Evaluation,sdp,965,1444.6,116.9,-6.7784820517415465,0.19090864860437728,443.9,-13.4,-207.74091085490153,-0.36644074958480166,0.04017273860012281,0.04657011789161498
fitted,Evaluation,starfit,965,71.3,87.8,0.6851019173014459,0.35826674213699583,5.9,-0.1,0.49157016033307277,0.22952437317029462,0.5331216124409444,0.24264312258952564
fitted,Fitting,gdrom,965,32.9,50.5,0.938641086483491,0.8191981230865417,-2.9,0.4,0.8916984766254192,0.7445263478679247,0.8969833039909373,0.7448906099421548
fitted,Fitting,h06,965,457.2,91.5,-1.6630097791024623,0.48342964321381654,179.9,0.1,-19.90855072309301,0.16173110636241717,0.19049737695856975,0.26246331459255146
fitted,Fitting,natlake,965,62,61.4,0.8101581848100967,0.7177525860342637,-4,0.5,0.6151671757139159,0.6224614308606137,0.6743257555438579,0.6229976313416006
fitted,Fitting,rulebasedloc200,965,780.6,85.7,-3.0476126658534852,0.6301667324852774,346.8,-5.3,-59.94780842613929,0.26614198967104885,0.035050967814397725,0.40193351360616575
fitted,Fitting,sdp,965,1005.8,116.4,-4.331337500283843,0.40050792123941326,445.9,-6.7,-100.1798256370934,-0.3549455968803785,0.01618851831709152,0.18066917482095046
fitted,Fitting,starfit,965,110.4,68,0.3328745619862372,0.607103545919095,10.7,0.1,-0.21907603841321377,0.5376216140867209,0.5664933935033397,0.5381201266463225
default,Evaluation,gdrom,967,89.7,91.2,0.5456291208219939,0.4700583921187319,9.2,-2.2,0.19601235546404228,0.167306982383008,0.47783658071957175,0.25713014104648024
default,Evaluation,h06,967,835.7,110.8,-3.1955404913635297,-0.024039756086814412,121.1,-1.9,-68.85507541555837,-0.2282668490329396,0.1998595337281626,0.005742339039945084
default,Evaluation,natlake,967,337.9,91.9,-0.4579341548535312,0.0905356369130017,49.4,-2,-10.418753034625402,0.15527335849764035,0.4407741338908433,0.1638496113685539
default,Evaluation,rulebasedloc200,967,1322.6,108.5,-1.3584570382153243,0.4189876065939623,229.7,-1.6,-173.9859155933448,-0.17755817908864602,0.46259337681194124,0.1758651802268548
default,Evaluation,sdp,967,1387.4,144.7,-1.4569364541412027,0.16691475507132336,240.8,-3.5,-191.5491343117207,-1.0942271833518857,0.3068564040069596,0.047896690660506135
default,Evaluation,starfit,967,83.8,89.3,0.6541345560299785,0.223711514962041,-1,-1.1,0.2978194713811255,0.2018728669588643,0.538140944639434,0.20191068939557813
default,Fitting,gdrom,967,60.6,72.6,0.7771626330791374,0.6243813399817864,10.5,-0,0.6324707446523357,0.4724938743403323,0.8101029272699092,0.48059010442308836
default,Fitting,h06,967,598.3,127.3,-1.9692743704443538,0.10788512659308036,124.9,-0.9,-34.79837628935292,-0.6205659285090908,0.1509444123064204,0.01268883316650933
default,Fitting,natlake,967,276.2,87.9,-0.3228457918617458,0.2587862222150251,55.3,-0.3,-6.629812262320925,0.22780668762035694,0.41957120866897163,0.2278164039520259
default,Fitting,rulebasedloc200,967,833.6,121.4,-1.4303213100911618,0.30162212005090183,203.7,-7.2,-68.50520103242789,-0.4741165197564239,0.0409861664942744,0.09491262684509692
default,Fitting,sdp,967,843.8,148.3,-1.6708566798008766,0.11082063872214609,203.2,-6.6,-70.21179245681898,-1.199349738314881,0.04027386527601737,0.022823615396755478
default,Fitting,starfit,967,85.8,83.2,0.5777416408589073,0.3232770790465025,4.1,0.8,0.2636668428205622,0.30757190335197326,0.620372768793548,0.31290235484073703
fitted,Evaluation,gdrom,967,72.1,84.1,0.7481619104335626,0.5111422229005963,-2.9,-0.3,0.4794678127991252,0.29226907840475724,0.5630115018875448,0.32815250207525704
fitted,Evaluation,h06,967,368.3,93.5,-1.9722872178926196,0.04961062558756402,18,-0.4,-12.565072064777041,0.12500656575910207,0.24807065907922254,0.12860098254558983
fitted,Evaluation,natlake,967,90.9,85.5,0.5665537052257328,0.26400076326794475,-2.7,0.4,0.17269707390962663,0.26857878120977285,0.5611036833801514,0.2764330961977594
fitted,Evaluation,rulebasedloc200,967,986.2,95.4,-1.0957930657381896,0.39774447021953707,167.9,-11.1,-96.29237195766075,0.09046354005334856,0.03402047880724182,0.20259474631596985
fitted,Evaluation,sdp,967,1043.4,122.5,-2.5769949011527222,0.14311739948695446,168.1,-5.6,-107.90806501968757,-0.501528559009923,0.06262850025255393,0.023629941995612927
fitted,Evaluation,starfit,967,520,99.5,-3.5068408579222625,-0.160000732096915,7.9,20.7,-26.051475764489584,0.00894320753625899,0.13278791628848435,0.024232841271536056
fitted,Fitting,gdrom,967,63.6,65.1,0.8098852000753283,0.6766606681182704,-6.1,0.9,0.5957981198570717,0.5760076866483725,0.7161263778912178,0.5766398422321466
fitted,Fitting,h06,967,342.1,101.6,-1.5175739447040688,0.06776469102070615,34.8,-0.5,-10.705464692754573,-0.031537224095217864,0.18380184036901182,0.046657211007825716
fitted,Fitting,natlake,967,76.8,78.6,0.7012184963389207,0.4397673551398288,-2.5,1,0.4094856387728054,0.3813119207083068,0.5949113259116487,0.3821116875206009
fitted,Fitting,rulebasedloc200,967,644.5,84.9,-0.8704332622503825,0.5265230052510682,156.8,-5.6,-40.55124374308151,0.2783621104305313,0.10269845838147948,0.32990456565261367
fitted,Fitting,sdp,967,711.3,135.5,-2.2103466687521247,0.14642487866210308,155,-1.4,-49.59744587688533,-0.835997962612592,0.06503465935054266,0.02249060409817775
fitted,Fitting,starfit,967,546.9,112.5,-3.0446510209174535,0.09257387194426281,72.1,15.7,-28.917248957467287,-0.2652806777708365,0.1287332041239598,0.025536382871924
default,Evaluation,gdrom,968,148.8,108,0.12652943308870956,0.21155719247468097,6,-0.2,-1.2149929451993975,-0.16734272875672707,0.33355152930097576,0.0655901895782471
default,Evaluation,h06,968,801.7,99.9,-3.5659127050461574,0.2895925499602783,96.3,-1.5,-63.29429218429452,0.002401460026466129,0.09827696234093891,0.1253632726864965
default,Evaluation,natlake,968,208.6,87.8,-0.2248818236809298,0.20186451292522511,18.4,0.6,-3.3530604180089645,0.2294865848672366,0.3696973626494154,0.24041650806549544
default,Evaluation,rulebasedloc200,968,1369.9,109.5,-1.1999403431673028,0.43803616954028113,215.2,-0.8,-186.70626485364417,-0.19872599970417348,0.2971598398856988,0.19586273045293656
default,Evaluation,sdp,968,1316.4,121.4,-1.7369755826000737,0.3218291539115372,203.3,-1.8,-172.34161787462335,-0.47383336414996946,0.07235055107208284,0.10768303737933592
default,Evaluation,starfit,968,485.9,101.2,-1.4958603898723393,-0.2116164652808583,-57.9,43.4,-22.621055178063408,-0.023615187555913186,0.08385750651903105,0.029436943495943255
default,Fitting,gdrom,968,268.4,83.4,-0.5556268233850012,0.6370129888943286,28.9,-1.1,-6.202703223839489,0.3047308143370263,0.0841337150054928,0.4085979667784195
default,Fitting,h06,968,783.3,96.3,-2.728867022701527,0.5234866913424645,134.1,-0.8,-60.360541967507864,0.0724319137833308,0.09862024328741756,0.27485101887958674
default,Fitting,natlake,968,254.1,71.7,-0.41043160547329927,0.6396919763550828,34.5,-0.8,-5.458381845077223,0.48632049105012454,0.358038710112783,0.49481489739861095
default,Fitting,rulebasedloc200,968,987.6,93.2,-2.667466297564536,0.5653488909105183,183.6,-10.6,-96.54673866881025,0.13059133231636,0.060749891132682685,0.33593318845054576
default,Fitting,sdp,968,1017.6,100.1,-3.258383048663756,0.5121754023799927,183.8,-9.3,-102.57057836882181,-0.002726244985083781,0.05082438929286993,0.2740607131302286
default,Fitting,starfit,968,624.4,84,-3.8778875239656294,0.5361774564503321,56.4,18,-37.99284497408839,0.29427773194062135,0.07989794466396914,0.3607737476535846
fitted,Evaluation,gdrom,968,87.3,90.7,0.6352111133933926,0.39489930253401084,2,0.4,0.23742850503400514,0.1769705403477958,0.5171259688565728,0.2263218945398417
fitted,Evaluation,h06,968,381.7,100.2,-2.242701171749273,-0.050716899455112374,5.7,3.7,-13.571484377718754,-0.0040733828129109195,0.2534240515795109,0.02955836241003189
fitted,Evaluation,natlake,968,117.3,82.6,0.569133577833542,0.3466445982320382,-11.3,3,-0.3774644566095853,0.3169490559047925,0.48064249636331396,0.319974143189476
fitted,Evaluation,rulebasedloc200,968,806.7,99.5,-4.681979939129263,0.3593999413783434,75,-15.5,-64.09179945613572,0.009669425947918753,0.016732217116592694,0.16881890033882893
fitted,Evaluation,sdp,968,906.4,102.7,-4.201816375743193,0.34034045438363836,108.6,-12.2,-81.17497580879578,-0.055419330056299954,0.05233463214260919,0.1426551879814976
fitted,Evaluation,starfit,968,457.8,100.3,-1.609181629205366,-0.22439086201186176,-49.1,39.3,-19.961353445390262,-0.007041453998355429,0.057340424846360455,0.033744901589757965
fitted,Fitting,gdrom,968,51.5,52.6,0.8884973894721259,0.8497000186645121,6.4,-0.5,0.7348439980328001,0.7233790986868855,0.8369609061766432,0.7333386392104115
fitted,Fitting,h06,968,401.3,90.9,-2.0763491685454527,0.525070693571527,32,1,-15.110827329454,0.1742351195136509,0.18153755695078194,0.2915560753272344
fitted,Fitting,natlake,968,93.5,57.9,0.5743175113744075,0.7218775135675699,-2.8,0.8,0.12510579684300027,0.664128841271191,0.50479078096381,0.6646700669493413
fitted,Fitting,rulebasedloc200,968,756.1,76,-2.1478197807586605,0.6797304083711662,134.9,-8.2,-56.17822924521662,0.42215210110070467,0.07766030898300269,0.48410270161304825
fitted,Fitting,sdp,968,838,82.3,-4.414906305169466,0.5900369163280056,117.4,3.1,-69.23209523883581,0.3222774316235154,0.06210781462050429,0.3804501060057508
fitted,Fitting,starfit,968,799.9,79.3,-4.9005651450473255,0.562830611598838,91.9,14.4,-62.98904530911776,0.3712812539781153,0.06741761780189855,0.4039562663614629
default,Evaluation,gdrom,972,553.9,146.6,-1.7064785297574527,-0.11841918432924747,45.4,69.6,-29.687267682116165,-1.1497343526137658,0.004015207465555663,0.32869080640912984
default,Evaluation,h06,972,304.9,106.9,-0.7378228635396127,-0.42341176563893135,24.3,65.9,-8.301919453987365,-0.1427169236499637,0.5909063856931289,8.627326250822927e-4
default,Evaluation,natlake,972,429.6,90,0.28322633123171814,0.1005681355425404,-45.3,35,-17.45825456316482,0.18940531660787951,0.7929973265047155,0.21265423014970075
default,Evaluation,rulebasedloc200,972,1838.2,146.6,-1.0133238300409761,0.189599258653529,197.1,-7,-336.9896804126045,-1.1498942958457627,0.9355814512965975,0.11404680434500176
default,Evaluation,sdp,972,789.9,113.4,-0.03607318862086539,-0.493534917874638,-84,115.8,-61.40809814975831,-0.28699485909779643,0.5262956546681261,0.02806897675204597
default,Evaluation,starfit,972,147.8,87.4,0.7118573905304311,0.34752179978302655,-14.8,5.2,-1.185435709407117,0.23610462429008006,0.8232147710380812,0.2453600690033517
default,Fitting,gdrom,972,469.8,90.3,-1.2407983809149825,0.4393103198259194,89.8,-16.3,-21.078882013986057,0.18398710744541236,0.09934462099492841,0.2610832788720516
default,Fitting,h06,972,578,111.7,-1.874051187595458,0.10114340220476947,113,-12.1,-32.416621469985984,-0.24716098514638496,0.17853276172724103,0.027524875778408002
default,Fitting,natlake,972,117.4,77.6,0.6338234445933597,0.5023049581148724,-22.8,11.2,-0.37780655260737595,0.3982621800514552,0.7051373762884369,0.4027804261134436
default,Fitting,rulebasedloc200,972,666.8,150,-1.8960707173807223,0.08492997059129681,138,-29.5,-43.46889805362953,-1.2494654877756086,0.10504190938460624,0.03894218638643991
default,Fitting,sdp,972,292.6,98.5,-0.9867005509100102,0.06014391853641421,34.6,9.2,-7.564802723504499,0.029494116979979945,0.25711227189817243,0.06436542753414218
default,Fitting,starfit,972,120.3,83.8,0.19372112062674618,0.34585380386466025,3.9,3.1,-0.44749487332436066,0.2972065212173889,0.5878755952928355,0.29760996677115603
fitted,Evaluation,gdrom,972,217.2,104.2,0.14247956774462733,0.019903512962403225,-20.5,50.3,-3.716727482222594,-0.08564160463969128,0.793595423013513,0.06614303824196757
fitted,Evaluation,h06,972,517,105.7,-0.2573787216803203,-0.2523715798328532,-53.6,51.9,-25.736678212277823,-0.11699700877441455,0.7943417856119409,0.003572547781501229
fitted,Evaluation,natlake,972,196,91.7,0.3022893514594902,0.04953992176643662,-18.6,37.8,-2.841165164925484,0.15921642245398604,0.770144393936531,0.18487656526328697
fitted,Evaluation,rulebasedloc200,972,206.9,104.9,-0.3624197992164113,-0.26719241519388914,5.2,-17.1,-3.282354924672301,-0.09973279010872815,0.19391005043569895,8.916772522425391e-4
fitted,Evaluation,sdp,972,647.6,107.8,-2.1386873291679116,-0.60138569635159,56.4,-92.4,-40.94702720402939,-0.16196575129148427,0.1311022975434649,0.0014496715212631128
fitted,Evaluation,starfit,972,786.2,147,-0.7947134572306027,-1.9134975694020762,-80.3,266.5,-60.82065854558188,-1.160266498992248,0.03141834550499338,0.003311295153379571
fitted,Fitting,gdrom,972,50.1,56.6,0.8563711328768955,0.799290701953088,-8,5.5,0.7490248323655373,0.680018320623205,0.8885797836784658,0.6872222652871244
fitted,Fitting,h06,972,304.1,100.3,-1.3956673815710516,-0.030070114416785643,22.1,7,-8.251073364911539,-0.0068702657303365555,0.3243848785162472,0.03292511065785376
fitted,Fitting,natlake,972,70.3,82.7,0.7042195635382702,0.5085807723026641,-2.1,4.9,0.5059490292788287,0.3154967302571019,0.6835805346270465,0.3411600138607461
fitted,Fitting,rulebasedloc200,972,504.5,103.5,-1.2163260420287725,0.3458359045054634,101.4,-22.3,-24.45221710825457,-0.07146653350257326,0.11570280830826228,0.15922244454775955
fitted,Fitting,sdp,972,129.3,79.5,0.32631994238087947,0.5846578216268516,18.6,1.3,-0.671671162710257,0.36740145536522795,0.6212449368052563,0.3988354420319295
fitted,Fitting,starfit,972,606.3,100.8,-2.4733725277835874,-0.16038342785341886,107.1,-8.8,-35.7661392788914,-0.01595659812703154,0.08312597803685948,0.011157075597486604
default,Evaluation,gdrom,975,32.4,69.9,0.9506019216709215,0.6822529419439196,1.8,-0.4,0.8946982613928166,0.5111372544556133,0.9104269972086887,0.5248901444702835
default,Evaluation,h06,975,761.2,119.9,-3.95728110322876,0.28622555328394894,89.2,13.4,-56.961946127394,-0.43829130633836666,0.647608845978819,0.08952634891699666
default,Evaluation,natlake,975,215.6,82.8,-0.8245985563644209,0.3043367236207014,12.1,4.8,-3.6510763301407847,0.3149028644253359,0.7442853325589257,0.3308266137252672
default,Evaluation,rulebasedloc200,975,1045.3,113.4,-0.7258852331541197,0.451136122016936,164.5,2.3,-108.29260615602087,-0.285511953645724,0.668986722910505,0.27399103609357656
default,Evaluation,sdp,975,1047.6,147.6,-1.5731146882571347,0.17745405643757273,161.3,9.7,-108.77907190832187,-1.1805504086605128,0.5580715150166453,0.15107121539621943
default,Evaluation,starfit,975,49.1,70.4,0.8740892468893364,0.5583040185155628,-2.1,-1.1,0.7586335173866361,0.5035876908124035,0.806024572285764,0.5056418717930042
default,Fitting,gdrom,975,48.7,68.8,0.8442486413062211,0.6443282382369131,2.6,0.1,0.7624148311602611,0.5262785149696414,0.7947261873573619,0.5283331441334657
default,Fitting,h06,975,664.1,117.2,-2.1083574398106384,0.22534205420237063,80.8,-7.8,-43.115729735455844,-0.37497093497863543,0.1173612581234108,0.056079045653961705
default,Fitting,natlake,975,220.6,83.7,-0.5286221013016021,0.26990275586721135,14.5,-1.3,-3.8653773386414683,0.2998296520321627,0.43655405597025326,0.325935003328965
default,Fitting,rulebasedloc200,975,1033.2,109,-0.9082347557722408,0.4718237751831661,148.7,-8.3,-105.77263924418547,-0.18765173037785754,0.02615435923052255,0.25917256072991646
default,Fitting,sdp,975,1026.9,136,-1.306209138121258,0.26692398282702656,145.6,-8.9,-104.4733961013973,-0.850522101912534,0.02344550762346569,0.13459049350034535
default,Fitting,starfit,975,64.7,71.3,0.7841885258028305,0.5110428038798058,-3.4,0.7,0.5818638125586125,0.49150428324732354,0.7270005918414818,0.50163150093011
fitted,Evaluation,gdrom,975,123.1,70.5,0.1775834868071452,0.6661963824747963,-10.2,5.2,-0.5150242056874808,0.50319878719067,0.7689283512487435,0.5160119256936114
fitted,Evaluation,h06,975,502.2,98.3,-3.6170413091724836,0.058643853291575954,16.9,13.4,-24.222677352067958,0.03427359815709663,0.5562352556814267,0.06809146851045199
fitted,Evaluation,natlake,975,123.3,74.2,-0.0073697826054410775,0.458166905185051,-4.4,2.6,-0.5205838359980524,0.4489311489054981,0.791435133544139,0.4627704283310843
fitted,Evaluation,rulebasedloc200,975,750.1,78,-0.39901649380662896,0.6559081498076952,116.8,-8.3,-55.27543897436153,0.3917519945369635,0.47729277494423167,0.455431512314624
fitted,Evaluation,sdp,975,746.1,121.3,-2.840962170879002,0.31303611134716103,98.6,-1.8,-54.68074454355949,-0.4719869222975961,0.4598472383979403,0.10065528372934089
fitted,Evaluation,starfit,975,58,72.3,0.8568158755260578,0.5211620979474615,3.8,-0.7,0.6632616831620891,0.47731942398217586,0.7478381837190319,0.4811208263383196
fitted,Fitting,gdrom,975,65.6,70.1,0.8106408248071889,0.6344924202904196,-4,0.3,0.5696443942149564,0.5087555280837048,0.7067908554026369,0.5118097612290595
fitted,Fitting,h06,975,455.6,109.2,-2.8691019581779478,0.0015423373761921377,8.9,-7.8,-19.75661028341993,-0.19291740837475557,0.15968043460567488,0.011613396850683548
fitted,Fitting,natlake,975,123.2,76.7,0.18400567245441024,0.42128723599397666,-3.2,0.2,-0.5186285321232227,0.4110539588847294,0.572907040893545,0.4237143386309325
fitted,Fitting,rulebasedloc200,975,783.5,79.5,-0.31638494680174545,0.62652771550403,113.3,-6.2,-60.39802131314884,0.3674875135930902,0.17704659694874253,0.42299371961947935
fitted,Fitting,sdp,975,785.7,121.1,-2.613923200125638,0.2798144590695868,96.4,-4.2,-60.74790646011388,-0.46736722877802706,0.03986740516091203,0.07915737193218868
fitted,Fitting,starfit,975,63.1,73,0.7870378758549007,0.4850412565191897,1.2,0.5,0.6023394564440476,0.467419026548919,0.6991627505711423,0.4782062646399108
default,Evaluation,gdrom,976,16.5,100.5,0.9400508858887044,NA,2.7,-100,0.9726713426063118,-0.009585775447833678,0.9958839481948033,NA
default,Evaluation,h06,976,433.4,118.5,-0.240684678068813,-4.144557056340935,-79.2,500,-17.792838996149364,-0.40371298875171413,0.036864013886352694,0.0011939375623362472
default,Evaluation,natlake,976,417,116.4,-0.352738493140653,-2.7460079552237073,-75.7,354.2,-16.39750830004506,-0.356105649680204,1.7448265062017533e-4,0.005210511161891762
default,Evaluation,rulebasedloc200,976,11.4,100.5,0.9175453223798433,NA,0.9,-100,0.9868894854944603,-0.009585775447833678,0.9955921003879661,NA
default,Evaluation,sdp,976,513.2,180.9,-0.4807073136946478,-7.36822508420674,-94.7,829.7,-25.348377776234074,-2.2737779225374175,0.013372691963367288,0.005503350799522801
default,Evaluation,starfit,976,90.2,100.5,0.6355540255085018,NA,-15.3,-100,0.18601487736252387,-0.009585775447833678,0.9326328229720616,NA
default,Fitting,gdrom,976,2,133.8,0.9928362198882899,0.28108086044490377,0.2,2.1,0.9996055221918388,-0.7894786792280399,0.9996638898111552,0.12116033090591484
default,Fitting,h06,976,108.6,145.3,0.2977838147269666,-5.598130409578399,-51.5,654.9,-0.18055413184788027,-1.1109987313860645,0.6447678932443403,0.04538430375309976
default,Fitting,natlake,976,142.8,176.3,-0.044578052451374583,-6.987485119257407,-67.6,794.2,-1.0401041033365352,-2.108160417655093,0.3835285141391828,0.028262795932922025
default,Fitting,rulebasedloc200,976,10.5,140.8,0.9416202876755109,0.11512489855363939,-5.6,45,0.9889247365491833,-0.9833043384361231,0.9983947750958938,0.17054287210551677
default,Fitting,sdp,976,119.3,153.4,0.2246656815630903,-6.8434924333254585,-59.1,779.2,-0.42366649102863585,-1.3531768857143778,0.672183575316423,0.022009000120089654
default,Fitting,starfit,976,35.8,379.2,0.7459137689970385,-2.3043902715910294,-14.9,161.2,0.8716606806125018,-13.378566563243453,0.9725888850326407,0.006734489752555665
fitted,Evaluation,gdrom,976,238.1,191.3,0.20369531556267817,-12.700151662245755,-42.1,1366.2,-4.670639893484255,-2.6593396304538492,0.8829386833187545,2.129601811972166e-4
fitted,Evaluation,h06,976,49.5,100.7,0.9071094443463092,-0.8675271044220849,-9.2,134.8,0.755016468853673,-0.014793839739201786,0.9951096135757397,0.004313344421371206
fitted,Evaluation,natlake,976,66.7,110.2,0.8569649974971747,-2.424037665280172,-12.1,321,0.5545858593513493,-0.2140939449549033,0.9753590030769542,1.5783065161397357e-5
fitted,Evaluation,rulebasedloc200,976,19.4,100.5,0.9453486208718561,NA,3.3,-100,0.9625033084406629,-0.009585775447833678,0.995840387873651,NA
fitted,Evaluation,sdp,976,19,100.5,0.9448461556817468,NA,3.3,-100,0.9638196206544933,-0.009585775447833678,0.9958491689476683,NA
fitted,Evaluation,starfit,976,16.6,100.4,0.9307369393205198,-0.6936745129990531,-2.2,93.2,0.972370513493475,-0.00832556571940235,0.9909301715245974,NA
fitted,Fitting,gdrom,976,80.2,129,0.4786150795556301,-4.267048458198216,-38,518.5,0.3571187567799897,-0.6645662696803176,0.8474978573716547,0.023801046499334306
fitted,Fitting,h06,976,5.5,128,0.9830325688899437,0.11639254948773858,-1.7,34,0.9970080798824619,-0.6390348149815537,0.9978356432349212,0.033989417654272124
fitted,Fitting,natlake,976,60.8,113.4,0.5965597448382902,-2.4735579762178346,-26.1,336.4,0.6303205035957419,-0.2859431338966629,0.8871424491155381,0.05273657203038563
fitted,Fitting,rulebasedloc200,976,2.4,78.2,0.9867347961795847,0.6275735128259634,0.3,-8.4,0.9994264642496467,0.38827141164745294,0.9996268579290961,0.43482185205695306
fitted,Fitting,sdp,976,2.5,94,0.9936542361766827,0.31912079194200027,0.1,4.1,0.9993774247230419,0.11545469457586977,0.9994228046759717,0.17238526437035775
fitted,Fitting,starfit,976,6.7,161,0.9686057895092641,0.03360701939541022,-1,6.9,0.9955299832704294,-1.5931461047694864,0.996789710820624,0.013289155455987285
default,Evaluation,gdrom,979,63.3,91.5,0.7285815997327453,0.5553066878161194,3.3,-0.2,0.5987848989211675,0.16323652717997783,0.6945234175055863,0.3122139527395687
default,Evaluation,h06,979,583.9,121.8,-3.077293757860253,0.046462107446175294,39.6,13,-33.098730484960996,-0.4836896732524545,0.3033997452951295,0.006646609315847148
default,Evaluation,natlake,979,217.9,88.5,-0.2704988661197061,0.1656867776524985,-15.8,7.5,-3.750165328320361,0.21706298926953416,0.5721727154631081,0.23893523197279906
default,Evaluation,rulebasedloc200,979,853.3,127.3,0.027041658502967025,0.2562204431630577,92.3,-1.7,-71.83586253252,-0.6204389213843433,0.47864189674779195,0.06873112083774886
default,Evaluation,sdp,979,853.9,173.3,-0.47348735044143253,-0.05868685302089016,90.7,4.6,-71.93546273737687,-2.003192630959542,0.26729251749703986,0.0026079499746260123
default,Evaluation,starfit,979,92.4,84,0.5459626545837424,0.35219468511051655,-5.3,2.1,0.14683525973712686,0.29401054981022867,0.7183169174166377,0.2940982253917756
default,Fitting,gdrom,979,53.6,88.9,0.6906306995846032,0.5561501193108582,3.8,-0.4,0.712679654829552,0.20877943313111735,0.8175046124102541,0.3214612553579156
default,Fitting,h06,979,380.7,120.6,-1.4557605503024953,0.0016575928271846951,34,-7,-13.497167717602693,-0.45510004323700004,0.23081462313319495,0.00197025956137713
default,Fitting,natlake,979,154,86.8,0.12432570708856394,0.2002181250015923,-12.6,1.7,-1.3725687546762244,0.2459778991639079,0.5444423285118413,0.27274339852343815
default,Fitting,rulebasedloc200,979,618.5,125.7,-0.106883355022789,0.2154728634358729,89.2,-7.9,-37.265546213260954,-0.5804861238704695,0.1569858214221519,0.048183054122269704
default,Fitting,sdp,979,622,160.1,-0.4233363971180364,0.0019824134238619617,87.6,-8.5,-37.69978728616097,-1.5638402141896912,0.12631832255618286,0.002846842143288638
default,Fitting,starfit,979,64.2,80.9,0.7342908178934608,0.3780535677989647,-2.7,0.7,0.5874018427960632,0.3445964746494501,0.7513909205944127,0.34788744368418806
fitted,Evaluation,gdrom,979,201.1,80.9,-0.14613998681376783,0.43298018280377193,-13.4,8.4,-3.046242207123961,0.3455318885409676,0.4677050546187844,0.3477749733137302
fitted,Evaluation,h06,979,413.3,96.9,-2.64282616015457,-0.0597580031130478,0.1,15.3,-16.088790307231395,0.060153483746009484,0.3204272586399763,0.06502859366588346
fitted,Evaluation,natlake,979,145.9,86.4,-0.015959362373796804,0.22191757478611496,-5.8,4.6,-1.128160750376742,0.2529875519921029,0.6144541603210806,0.27057462572188967
fitted,Evaluation,rulebasedloc200,979,558,94.1,0.309595698876323,0.4168583423953718,59.9,-9.1,-30.14889599553606,0.11376083740452203,0.44593493708336873,0.21698247772995127
fitted,Evaluation,sdp,979,617.7,136.5,-2.3136275081533464,0.05796441356566451,52.8,0.9,-37.16260789867975,-0.8643811629837728,0.26947791544835636,0.003371893465740233
fitted,Evaluation,starfit,979,64.9,82,0.8692997283861461,0.3745793641507902,-4.5,2.6,0.5783697790645053,0.32706011343757346,0.773670629506168,0.328025232507784
fitted,Fitting,gdrom,979,114.1,79.1,0.4758033758311867,0.4374696023233635,-9.3,1.2,-0.3031879259599355,0.373562927187608,0.5777599523644954,0.37392120207644186
fitted,Fitting,h06,979,298.7,103.8,-1.4102584215154605,-0.11730359943095103,-2.1,-4.3,-7.922499964580538,-0.07664943940403868,0.2527249126599246,0.006392962393909412
fitted,Fitting,natlake,979,106.7,84.8,0.35762131771666317,0.25513671052981635,-3.1,0.2,-0.13975362413053705,0.2801650313208921,0.5921062678222465,0.299348765658547
fitted,Fitting,rulebasedloc200,979,420.8,96.3,0.2698595263084945,0.39321699696747203,60.5,-5.7,-16.714328261343248,0.0728635138719238,0.3500769110283066,0.19118834582717237
fitted,Fitting,sdp,979,450.6,138.4,-1.6709323635678555,0.03328600875898757,45.4,-2.5,-19.306083138416913,-0.9150796384390927,0.1676681758454251,0.0011319417984447786
fitted,Fitting,starfit,979,43.1,78.8,0.8777241312682137,0.41830060226260724,-2.1,0.9,0.8141500012650233,0.37852814406228896,0.8342034295637487,0.38171048880444863
default,Evaluation,gdrom,980,74.7,89.9,0.7750645294542883,0.5837386498657955,11.5,-1.9,0.44125094160800615,0.19208307997158947,0.7174390261748594,0.342318955969077
default,Evaluation,h06,980,879.3,131.4,-3.9294543917426816,0.04359981899116849,157.7,9,-76.3413302125988,-0.7275699467096044,0.4645768255882473,0.002750709546491938
default,Evaluation,natlake,980,343.8,84.8,-0.8867044529969454,0.24827026018139187,60,2.2,-10.826227296292842,0.28093037243527974,0.6340544446804312,0.30553628829246865
default,Evaluation,rulebasedloc200,980,1202.9,136.3,-1.6397434418983825,0.22583695851677332,262.5,-0.8,-143.7275609021123,-0.8596008668081172,0.5340658406320627,0.06648736704817404
default,Evaluation,sdp,980,1196,183.7,-1.8954426748480402,-0.12164032623854237,258.5,5.4,-142.08143792762806,-2.37703431385894,0.39959259812970577,0.0022583925499264825
default,Evaluation,starfit,980,355.3,105.9,-0.371666902280938,-0.41214827195331116,-69,86.8,-11.629094180717557,-0.12169187601159814,0.46248538863898314,0.030669020309283288
default,Fitting,gdrom,980,56.4,80.6,0.757603673148502,0.6631305867462657,7.5,-0.4,0.6819062171676638,0.3499544607209695,0.771897713658256,0.44182221646564623
default,Fitting,h06,980,615.3,125.5,-1.5145701480405607,0.0752053917098846,141.8,-7.6,-36.868868875026536,-0.5749661412657743,0.14357794563103415,0.00811983764356438
default,Fitting,natlake,980,261.9,83.1,-0.10250870321644445,0.26700897866019224,56.8,-2.8,-5.860497011333515,0.3095237138363267,0.461140793388146,0.34893983692971137
default,Fitting,rulebasedloc200,980,889.9,131.8,-1.5751004673935047,0.23864601465242752,223.4,-9.2,-78.20974212194176,-0.736256145956991,0.04177431034210298,0.06794549384660571
default,Fitting,sdp,980,903.9,159,-1.8959909423204167,0.035268434843403695,222.8,-9.9,-80.71448023847894,-1.5301020222635735,0.034480062182390823,0.01094694940350646
default,Fitting,starfit,980,347.5,102.6,-1.4187211969431486,-0.30590453535716366,-44.2,65.9,-11.079965635515745,-0.05318830720962864,0.1788647630404508,0.033237995655101216
fitted,Evaluation,gdrom,980,34.8,73.7,0.9138944371360671,0.6453079190693333,0.6,-0.5,0.8790646490036538,0.45693412558763824,0.8798225498042114,0.4759773122121956
fitted,Evaluation,h06,980,533.8,95.5,-3.231421833312459,0.034909665593641503,58.7,6.9,-27.50092636894815,0.08841704056382815,0.3916795614209333,0.09069647244564522
fitted,Evaluation,natlake,980,82.2,76.5,0.46585694029326385,0.467776263622508,0.6,0.5,0.3246138540400041,0.4150174206707199,0.7494303382895511,0.4168460962670735
fitted,Evaluation,rulebasedloc200,980,911.1,100.4,-1.11702116077426,0.42982067172000593,196.7,-12.1,-82.04078623667034,-0.0077734745333839506,0.1917168315078355,0.20305223796087105
fitted,Evaluation,sdp,980,915.7,137.3,-3.3821231863554324,0.059999963217771346,174.7,-2.4,-82.876013368641,-0.886878354487328,0.35542780287830567,0.0036367244316181835
fitted,Evaluation,starfit,980,47.3,76.3,0.889898785366248,0.46916558484191273,1.4,-0.9,0.776468171958099,0.4172808930221794,0.7938018365087856,0.4192596093272872
fitted,Fitting,gdrom,980,33.6,67.7,0.8985936101377926,0.7106515709270191,-1.2,-0.2,0.8867977185196326,0.5413370668515091,0.8895478896816055,0.5552343234646911
fitted,Fitting,h06,980,358.8,103.5,-1.5176554058514173,-0.05191133903236467,43.6,-5.7,-11.875931089326647,-0.07182867416293592,0.13945952607286116,0.015557909296226493
fitted,Fitting,natlake,980,65.8,80.1,0.7861027449656885,0.4434726150143441,-1.4,-0.1,0.5668444039567015,0.35801339793581843,0.6498164877433705,0.3582698259200746
fitted,Fitting,rulebasedloc200,980,691.8,95.1,-1.0012361820213411,0.47778641358799034,172.9,-7.4,-46.87342926264199,0.09514280241697282,0.10042923708999328,0.24626577916709766
fitted,Fitting,sdp,980,765.6,137.2,-2.25919111557506,0.07565127289977713,175.1,-8,-57.6182844350814,-0.8837785404167355,0.055827054084722647,0.006303713441291585
fitted,Fitting,starfit,980,46.3,74.4,0.8725715353503687,0.47260019247936813,-1.2,0.3,0.7857723189066801,0.4468998386458859,0.7903717788084296,0.45489045694125213
default,Evaluation,gdrom,981,37,49.7,0.8342161492772256,0.8178610934506623,3.6,-0.4,0.8627322649227509,0.7528698244546191,0.9223794163440107,0.7529245996584131
default,Evaluation,h06,981,277.4,99.4,-1.4509357684301771,0.5525601138699048,6.7,-1.6,-6.69961603717694,0.011550837030295025,0.5700684948342647,0.3316062495518944
default,Evaluation,natlake,981,143.8,83.5,-0.026076480690286674,0.6287128219550397,17.2,-1.2,-1.0688297530555033,0.3027008045067844,0.7261003673624049,0.40056145949112704
default,Evaluation,rulebasedloc200,981,355.7,89,-1.3983214132291693,0.6303497216899551,57.6,2.1,-11.656309897166107,0.20729161405633134,0.4866044109148795,0.41717001211001215
default,Evaluation,sdp,981,269.1,90.1,-1.3306787525605737,0.5666271558790481,-10.6,-0.4,-6.243832313200627,0.1874255303522504,0.5506099111738607,0.32549979745918817
default,Evaluation,starfit,981,128.9,76.7,0.12432113413410517,0.4778155956876228,4.6,-0.2,-0.6616914800007154,0.4119439150625016,0.5592997119769932,0.41245457232607774
default,Fitting,gdrom,981,58.7,60.8,0.5893630164747379,0.8167134396310096,3.2,-0.1,0.6557625830194052,0.6305088427009982,0.7150423653642491,0.6861563715928699
default,Fitting,h06,981,231.3,95,-0.2913670336033729,0.5880090830654524,43.5,0,-4.352765304208932,0.09741980953696217,0.09636473940994184,0.3743333977394011
default,Fitting,natlake,981,131.6,84.8,0.4434718139072362,0.6568934785959688,27.6,-0.3,-0.7311468656171287,0.28103849080336685,0.3026521863300737,0.438076612831128
default,Fitting,rulebasedloc200,981,275,94.5,-0.11073260338227198,0.5888506781601833,85.8,-1.9,-6.563242562734301,0.10684638365630816,0.08756263057989412,0.42960142680977126
default,Fitting,sdp,981,189.9,91.9,-0.01702051273193894,0.6095139892153545,32.2,1,-2.6071697915415606,0.1560249783265928,0.1219154755993095,0.3916765170681562
default,Fitting,starfit,981,278.5,78,-1.1951927798126554,0.4853221181568176,26.3,0.3,-6.758290372749854,0.3910945296931051,0.343795342703659,0.39153726660710114
fitted,Evaluation,gdrom,981,76.5,45.9,0.524160806915806,0.843270329653723,-9.7,0.3,0.414233028807096,0.7896882860819352,0.8525023865831596,0.7896909285973883
fitted,Evaluation,h06,981,176.6,72.5,-0.1402717911977387,0.59571189830479,-15.6,1.6,-2.121218138583999,0.4736334628891232,0.3717734684824499,0.47625448022843153
fitted,Evaluation,natlake,981,63.2,49.2,0.6978245004223609,0.7573766357653904,-8.5,1.1,0.6009881193198252,0.7577207320732902,0.8455547765866483,0.7643860652863763
fitted,Evaluation,rulebasedloc200,981,281.3,67.6,-1.3924299582251658,0.7541760037962997,14.5,3,-6.914315272138397,0.5422504743920591,0.5034438056371143,0.578888060254328
fitted,Evaluation,sdp,981,174.8,94.9,0.15160642053250606,0.5606447740398051,34,-3.3,-2.054639133159491,0.09850089448654631,0.674969149271207,0.31684304332059304
fitted,Evaluation,starfit,981,70.7,79.7,0.750199686032217,0.6221669662311495,8.8,-0.2,0.49981780539043963,0.3646223792626,0.7320127982066768,0.4158174474330349
fitted,Fitting,gdrom,981,64.4,58.5,0.5529439800796576,0.8225545108621652,-1.6,0.1,0.5846518825024591,0.657925337809453,0.6189450026677824,0.7167867689990921
fitted,Fitting,h06,981,143.3,76.2,0.25711089840029766,0.6797752042060199,18.2,-0.5,-1.0533936873586334,0.41999729207334424,0.11224867915932771,0.4748884223125274
fitted,Fitting,natlake,981,71.5,61.4,0.671844830478806,0.8119953121937379,-6.3,0.5,0.48847933883124617,0.6225130496709039,0.5315583657671781,0.65954203045386
fitted,Fitting,rulebasedloc200,981,190,76.5,0.17359026911826614,0.7144892326968929,55.6,-1.1,-2.6121906632390606,0.41495829826426545,0.1690163009607127,0.5668409542260872
fitted,Fitting,sdp,981,115.7,86.3,0.4887424748911856,0.6435919831465592,18.1,-0.2,-0.3380600673255614,0.2552200041063081,0.2946265111864512,0.4192306039849337
fitted,Fitting,starfit,981,71.9,77.5,0.7152565800142656,0.7006667671961195,4.7,-0.1,0.4824757925755284,0.39971302693537025,0.5351668777891242,0.49095249436201077
default,Evaluation,gdrom,982,54.5,86.3,0.7121787941881834,0.5690679478893972,3,0.1,0.7029792571089839,0.2547384160812204,0.808693834506226,0.34278673643179197
default,Evaluation,h06,982,828.2,134,-4.234810572675118,0.01288881436196243,65.7,9.9,-67.6078206167582,-0.7969184907362257,0.405224077634413,4.719979340535324e-4
default,Evaluation,natlake,982,230.1,87,-0.7293484131993573,0.2055417091757702,-11.6,5.6,-4.295025121369477,0.24317840613389463,0.6078752549179661,0.2627431650120108
default,Evaluation,rulebasedloc200,982,1142.8,185.1,-0.25906600613573505,-0.11202668476492406,122.8,-0,-129.63851468219275,-2.428636700785213,0.5522008001600555,0.01898214007717172
default,Evaluation,sdp,982,1097.2,233.4,-1.588973207892062,-0.4969217182680252,114.1,10.8,-119.4124383184621,-4.4491065950121405,0.32431601472749594,4.99325819114378e-7
default,Evaluation,starfit,982,73.5,79.2,0.645231414197007,0.3927457017751069,-4.4,0.8,0.4598277762908829,0.3720256000733232,0.8171377444336004,0.37951111714041497
default,Fitting,gdrom,982,49.5,79.9,0.7164633373641836,0.6151899066217433,2.6,-0.8,0.7549486480708059,0.3611710420168208,0.8131982257038904,0.41043339037015847
default,Fitting,h06,982,469,155.2,-1.572499498631804,-0.0024347507989814776,52,-6,-21.00457439199869,-1.4097547131101669,0.21679315046321637,4.5574891245744696e-4
default,Fitting,natlake,982,149.9,84.3,0.03483892278883416,0.2570066466501605,-9.3,1.8,-1.2484055047048468,0.2895486821970006,0.5487942981500253,0.31579928436869714
default,Fitting,rulebasedloc200,982,793.5,184.6,-0.4786887580640786,-0.11645065140942346,115.5,-10.8,-61.97363793363551,-2.408061647674406,0.08994658687147138,0.01179811661502373
default,Fitting,sdp,982,751.7,213,-0.9788994047954755,-0.33636275935456017,106,-10.9,-55.520440851747466,-3.5398243296344605,0.12530534712872912,7.516529660585911e-5
default,Fitting,starfit,982,51.1,76.6,0.8558377402091566,0.43320422691777716,-2.5,0.6,0.7383554186413067,0.41382580873212704,0.805895962552308,0.42318915263315215
fitted,Evaluation,gdrom,982,89.5,81.3,0.4431096811705214,0.6296409988100609,-3.1,3.3,0.1987241813431604,0.33820438212282433,0.7411939505198307,0.41170779718748896
fitted,Evaluation,h06,982,485.9,100.2,-3.4518340970247365,-0.09613005837964517,-0.3,11.7,-22.620358390294573,-0.0047278077999828305,0.4076487349343185,0.023649804579426007
fitted,Evaluation,natlake,982,171.1,84,-0.3711738616999958,0.27868233043139967,-4.4,4.4,-1.9283466355387953,0.2947893975571857,0.6462190687281371,0.31102965750167
fitted,Evaluation,rulebasedloc200,982,793,95.7,-0.0466597391228325,0.4334548695261331,84.3,-11.8,-61.89528450107537,0.08362521765236919,0.30465541172731825,0.22114728376013262
fitted,Evaluation,sdp,982,729.6,134.7,-2.9186399795619518,0.015599086081005908,63.1,-1,-52.246212780400434,-0.8137441170570237,0.33521248622361616,3.540913653316226e-4
fitted,Evaluation,starfit,982,56.6,78.6,0.7906210638940345,0.421053571680323,-3.3,0.9,0.6798339025179694,0.381449648855851,0.8469208035254979,0.38473916394113405
fitted,Fitting,gdrom,982,50.3,74.6,0.8151590120227187,0.6901602375283143,0.7,-0.6,0.74740547870191,0.44284838327937104,0.814139287858651,0.49098090974124065
fitted,Fitting,h06,982,339.5,114,-1.8113724672803357,-0.0790537507733804,-5.1,-3.8,-10.527964994408888,-0.30030657721780374,0.2512133265436606,0.00020795020522384423
fitted,Fitting,natlake,982,104.8,81.7,0.3431220774732754,0.333215752498505,-2.8,0.6,-0.09869530022312256,0.3320756090131719,0.6266214406991814,0.3441356561257417
fitted,Fitting,rulebasedloc200,982,583.8,106,0.002883999071396137,0.4056219027133554,85.4,-8.1,-33.084571973721076,-0.12423745171214806,0.2373367163970998,0.17054307262456825
fitted,Fitting,sdp,982,522.8,161.9,-2.8157028488865836,-0.025262109678643174,39.4,5.1,-26.34080327926037,-1.6202433078418297,0.10773191547535528,3.3224816418195064e-4
fitted,Fitting,starfit,982,45,75.5,0.905087295366594,0.4635979431749998,-2.2,0.5,0.7975581350993828,0.42962890809358545,0.8322369887998036,0.43514264363704036
default,Evaluation,gdrom,983,75.1,83.7,0.7536329836782651,0.48913928019203656,4.8,-0,0.4359067985392733,0.2999034500595199,0.6316086717555015,0.3241775623092999
default,Evaluation,h06,983,370.8,100.3,-1.7983896592471948,-0.3526449893863519,20.1,5.7,-12.752868096069008,-0.0067509245280197305,0.3969261417784896,2.1986924717950578e-5
default,Evaluation,natlake,983,247.5,94.9,-0.06121437354381354,-0.04122662707845448,-22.8,11.8,-5.128307687878036,0.09848774598796706,0.6362847232845675,0.1269119455875552
default,Evaluation,rulebasedloc200,983,1154.8,92.9,-0.38291194186100497,0.43649949203389715,127,-18,-132.3979542469321,0.13685337700031341,0.6528292393713395,0.24608902231914728
default,Evaluation,sdp,983,996.5,123.8,-1.6536727614010038,0.14012027065516752,105.1,-9.6,-98.32878882031716,-0.5332319320756478,0.32606418479903454,0.023024811513017475
default,Evaluation,starfit,983,860.8,114.4,-0.038470107307224666,-1.4288711214203147,-94.4,216.7,-73.12124191906821,-0.30955595373793665,0.33402459726687095,0.015728553618138682
default,Fitting,gdrom,983,39.8,80.6,0.8364011289690396,0.507535328075903,1.8,-1.1,0.8419170551073618,0.3495238561956374,0.8939596848414713,0.3615864915564764
default,Fitting,h06,983,354.3,112.2,-1.802058106532293,0.1368863325785763,30.2,-6,-11.554413286147435,-0.2584804909107066,0.49345010596412936,0.03392303508128795
default,Fitting,natlake,983,162.3,86.3,0.120411417621763,0.23042181222095093,-17.5,5.9,-1.6340249218894183,0.2555232545017716,0.4870540251566745,0.26954036836258244
default,Fitting,rulebasedloc200,983,623.5,108.9,-1.921891999888023,0.37422601521268917,102,-22.7,-37.88570410261315,-0.1868236225237334,0.6949342284952625,0.17390649727073929
default,Fitting,sdp,983,567.4,131.3,-2.064210629706844,0.1624798638495094,87.2,-16.7,-31.205642259030384,-0.7243960765488482,0.6356239851235788,0.03269478477400351
default,Fitting,starfit,983,458,108.3,-0.9733752774136126,-0.7256839345399642,-70.9,128.1,-19.97974675663987,-0.17213519757763018,0.1409133685568784,0.007567615701547422
fitted,Evaluation,gdrom,983,223.7,91,-0.1962311625722306,0.27004881276099235,-18,16,-4.003942731537252,0.1717209708092975,0.5860131124070005,0.1900153277974089
fitted,Evaluation,h06,983,317.7,100.7,-1.4940969867465257,-0.32736693226849023,-15.6,17.1,-9.098809719197767,-0.01430806947917529,0.508709602523258,2.091112812053593e-4
fitted,Evaluation,natlake,983,150.7,93.7,0.013469131992195682,0.002507446399473645,-8.6,8.7,-1.2701721208558792,0.12093931013987935,0.661313241793269,0.15068977502011288
fitted,Evaluation,rulebasedloc200,983,775.2,85.9,-0.4897205683528174,0.26238067041914215,83,-33.7,-59.11376710672205,0.2626535715349939,0.20326397522311498,0.27043449282479387
fitted,Evaluation,sdp,983,576.6,99.8,-1.089846756433647,-0.28002850237359733,57.4,-18.4,-32.25055190419333,0.004261332118309813,0.36731544738820787,0.0075291016498357744
fitted,Evaluation,starfit,983,696.8,100.7,-1.2157790888094588,-0.48502583456214254,-71.1,95.1,-47.56353157739549,-0.015234430221874318,0.2708659956981842,0.03858402265385082
fitted,Fitting,gdrom,983,162.1,82.3,0.22456486445278068,0.4939745085928202,-22.4,5.9,-1.628312228586207,0.3227936103687473,0.6496872414720609,0.34103590424784574
fitted,Fitting,h06,983,301.4,107,-1.5816910583849317,0.1036034153040426,-3.5,-0.5,-8.088636101161134,-0.1444768179467335,0.4180014008494116,0.036220715854233226
fitted,Fitting,natlake,983,113.2,83.1,0.3182354722491586,0.3058462285518898,-5.8,2.1,-0.2824136557737318,0.3087571808850018,0.5799359887878663,0.3202982149497178
fitted,Fitting,rulebasedloc200,983,444.6,79.6,-1.056783306821663,0.5233103002952214,72.7,-17.7,-18.77274934480095,0.36689732980976664,0.7570232208423805,0.3897334523427522
fitted,Fitting,sdp,983,384.6,113,-1.7031061759842028,0.15349846036519332,43,-3.4,-13.792182488954841,-0.27678546320205855,0.44640725497735184,0.036691773580978686
fitted,Fitting,starfit,983,368.5,98.7,-1.9428719084983612,-0.13187850663120715,-21.8,42.1,-12.583843306577712,0.025846859932078248,0.2582776453291325,0.04734135566159427
default,Evaluation,gdrom,987,198.1,55.7,0.35909110484347206,0.8110695486358581,-41,10,-2.9240756245501673,0.6900184022525945,0.271126099553652,0.7115868675818637
default,Evaluation,h06,987,434.9,84.1,-0.9632696997501673,0.36196810547893543,83.6,3.6,-17.922581205524494,0.2923237665594409,0.1137327777556085,0.29350493428549107
default,Evaluation,natlake,987,263.9,81.6,-0.026733127588150607,0.3359603741352477,50.7,1.6,-5.963912126070144,0.33328403209116864,0.027311329320887437,0.34499293178432305
default,Evaluation,rulebasedloc200,987,373.2,61.9,-1.8638003240490102,0.7188386516094492,49.4,1.1,-12.93392349908417,0.6164992630656503,0.6272436656878267,0.617617112698234
default,Evaluation,sdp,987,467.1,90.2,-0.578971283318445,0.2588041992515029,99,3.4,-20.827206351681294,0.18569352454740806,0.01013705962496212,0.19260761612852692
default,Evaluation,starfit,987,195.2,64.6,-0.12542787483294315,0.7577037726489869,-32.7,12.6,-2.809862807877468,0.5823717334007827,0.6713169492580017,0.6734046066519305
default,Fitting,gdrom,987,48.3,37.1,0.8309202934026991,0.9187556148954399,-3.3,0.6,0.7668142968183704,0.862026712649576,0.7749726531587462,0.8630680965034883
default,Fitting,h06,987,357.9,63.6,-0.4248335144296089,0.6868207157582238,123.7,0.5,-11.812579667871152,0.5948528610662794,0.3451633400780633,0.5950799231544224
default,Fitting,natlake,987,229.4,71.5,0.06133909166082363,0.5606586804985036,75,-2.3,-4.26401995886283,0.48830265567114606,0.18976200147792197,0.488998006072648
default,Fitting,rulebasedloc200,987,331.4,46.4,-0.90681150797258,0.8752875410218949,98.6,-0.4,-9.98703131288204,0.7850147536284617,0.5690562906935245,0.7883481784970103
default,Fitting,sdp,987,377.5,70.7,-0.47523733050246064,0.6322057387937909,131.4,-4.2,-13.253944260183474,0.5001649654083703,0.1531949756627768,0.5055580700779959
default,Fitting,starfit,987,148.8,60.9,-0.27322870393513754,0.7877131908086792,20.5,3.6,-1.213736252084633,0.6286250870058168,0.8571986284552483,0.6452518122136354
fitted,Evaluation,gdrom,987,126.7,56.8,0.4023698631767776,0.8050971253889964,-11.5,8.7,-0.6065903201339842,0.6777728094442874,0.320776059193995,0.7431488126804839
fitted,Evaluation,h06,987,155.2,60.4,0.3970892698286389,0.64901504327879,-25.2,9.5,-1.4103829045128662,0.6347596879135695,0.2342458589618216,0.647730350226062
fitted,Evaluation,natlake,987,124.4,63.3,0.10735127532893085,0.6254155524955469,-12.8,1.5,-0.5467985370089368,0.5997348626384487,0.028731474551261047,0.6063939043826212
fitted,Evaluation,rulebasedloc200,987,262.2,56.5,-1.139461014683997,0.810465164722028,24.8,2.1,-5.874800883822164,0.6809497034988219,0.630658903514278,0.6891223323341436
fitted,Evaluation,sdp,987,266.9,79.3,-0.2565107138268963,0.4255070956297238,45.5,1.3,-6.124354925481844,0.3708391150023429,0.1795638452012037,0.3719411050614409
fitted,Evaluation,starfit,987,187.9,66.5,-0.21095454391710433,0.7526956175950956,-26.2,13.1,-2.532953432851745,0.5578579766962903,0.6133883035975535,0.6354020800459774
fitted,Fitting,gdrom,987,311.7,34.5,-0.4447094537816745,0.9278672521953448,95.1,-3.5,-8.717601494347473,0.8807549007208834,0.16108792995497587,0.8885822066585403
fitted,Fitting,h06,987,57.5,52.7,0.7824076407911396,0.7027431519808289,6.2,0.3,0.6688151556010411,0.7223232892624076,0.6983585664648574,0.7366181805685517
fitted,Fitting,natlake,987,93.7,56.9,0.2216456996684124,0.7247441795116412,1.2,-0.4,0.12165443180212465,0.676207105958244,0.1447625618463711,0.6773592630874864
fitted,Fitting,rulebasedloc200,987,219.5,51.1,-0.2637143070743675,0.8691457271412055,62.5,-0.1,-3.821080921886834,0.7386645859924065,0.6547180415946169,0.755432147066511
fitted,Fitting,sdp,987,116.2,81.6,0.34450125018377964,0.456105198149823,6.4,0.7,-0.3497688003702799,0.3343227744953218,0.46691666363569917,0.3391538423015145
fitted,Fitting,starfit,987,155.1,62.1,-0.3211934315415794,0.7662609619108025,22.5,3.8,-1.4074181744680678,0.6147725172712182,0.8544853857286964,0.6274016035672534
default,Evaluation,gdrom,989,48.1,60.2,0.8773756459856977,0.799219044891717,-2.2,-0,0.7689211516759683,0.6378369826295259,0.7830022117844933,0.6544943596053154
default,Evaluation,h06,989,795.3,115.9,-3.241074857859177,0.2958292949445811,159.1,7.7,-62.2673963334236,-0.34260102705111795,0.1415240421473752,0.0908322050928446
default,Evaluation,natlake,989,572.3,83.2,-1.265695225895441,0.500029211929658,128.5,1.5,-31.763002862013074,0.30808360842264104,0.4392707613099142,0.33286283922817667
default,Evaluation,rulebasedloc200,989,951,96.9,-1.773975938841426,0.5310441568240964,226.1,1.1,-89.46179101305847,0.06062449530877301,0.12756963355027554,0.2821563311950162
default,Evaluation,sdp,989,1139.3,121.9,-1.9438010613202121,0.3807948458050373,278.4,-0.5,-128.8461320055424,-0.4858924434634555,0.10306800225863805,0.19378353234727216
default,Evaluation,starfit,989,51.8,59.2,0.8555369144092833,0.7287707390940454,-2.9,-0.1,0.7318615945030137,0.6491296800274933,0.7853431447514743,0.6491554054124763
default,Fitting,gdrom,989,45.7,52.3,0.8267034265270476,0.85406467719339485,-1.7,0.1,0.7907287673355502,0.7265376305570788,0.7935316032041126,0.7374651972628559
default,Fitting,h06,989,504.7,111.6,-1.6330186360404264,0.3373557835463421,147.5,-2.4,-24.476119457853592,-0.24655715196634098,0.1314954614264251,0.11581578030457229
default,Fitting,natlake,989,381.1,80.6,-0.5927857132797092,0.5056730989438039,124.2,-2.5,-13.525349315858813,0.34964166078079484,0.3746111932780427,0.3615376407777569
default,Fitting,rulebasedloc200,989,626.1,111.2,-1.3821023527703988,0.426659441075405,213.6,-3.7,-38.20419739831282,-0.23590396579727413,0.07286696010329093,0.18855518705968405
default,Fitting,sdp,989,755.8,128.7,-1.8140250706623724,0.32354030234441733,264.7,-4,-56.13901298959948,-0.655920226187878,0.002297819681204228,0.15065633540225337
default,Fitting,starfit,989,56.5,58.3,0.8238666122405669,0.7260830154185389,-1.5,0.1,0.6809960230285159,0.6603193116325969,0.6949119708119972,0.66047773263366
fitted,Evaluation,gdrom,989,41.3,55.6,0.9041099735525759,0.8101752331555624,-1.3,0.1,0.8293995039910937,0.6902467321034682,0.83441344501729,0.6956812382087889
fitted,Evaluation,h06,989,189.3,68.6,0.019677113838254545,0.6417024563604431,23.5,0.3,-2.582672482538736,0.5297150615923241,0.14115156831254902,0.5311011446551213
fitted,Evaluation,natlake,989,93.9,66.5,0.4509373918966074,0.6893817279547552,-2.7,0.3,0.11762600615181074,0.5575178671236125,0.6368527326677128,0.5619495061029801
fitted,Evaluation,rulebasedloc200,989,699.9,82.8,-1.2912664169263155,0.606451006171601,162,-3.2,-48.00343813058011,0.3144251724192476,0.14131100805276262,0.38779669017001656
fitted,Evaluation,sdp,989,1082,120.8,-1.7579713741975342,0.36874150460322686,263,-6.5,-116.11137602463218,-0.46042849350260684,0.039032764936381886,0.16049081333757031
fitted,Evaluation,starfit,989,49.8,58.1,0.8792216901616433,0.7361813214021927,-2.8,0.1,0.752216937844765,0.6617822971289662,0.7859954753742727,0.6617833633231325
fitted,Fitting,gdrom,989,47,52.1,0.7886465070301183,0.8297865663356861,-1.2,0.1,0.7788742088471108,0.7283541939480156,0.7838761977459355,0.7314086687835772
fitted,Fitting,h06,989,140.2,81.3,0.2891006983768265,0.5534466722755943,19.6,-0.3,-0.9654177833441246,0.33829224189530316,0.13621116499586022,0.3698633822549877
fitted,Fitting,natlake,989,75.1,66.7,0.7206583785646727,0.688346687076575,-2.5,-0.3,0.4354801482809233,0.5549731571600423,0.5210998597943779,0.5596582898753512
fitted,Fitting,rulebasedloc200,989,464.7,82.7,-0.8146184936472638,0.6375367155304572,154.8,-2.9,-20.59582571868826,0.31569652085266653,0.13166338614289408,0.412107797926725
fitted,Fitting,sdp,989,732.6,127.4,-1.706778973481669,0.3286249806111884,256.2,-4,-52.677118670933986,-0.6233846296981158,0.016311362516379067,0.14535556525392926
fitted,Fitting,starfit,989,51,56.4,0.812170480484147,0.7480868254666573,-2.1,0.1,0.739985813258923,0.6813794862970437,0.7434555628104813,0.6814316840570007
default,Evaluation,gdrom,991,64,64.9,0.7618409521475156,0.7618620057767963,-2.3,0.4,0.5903819185418182,0.5792493706343937,0.6084377108526935,0.6007761929220836
default,Evaluation,h06,991,599.7,116.5,-3.982125161153176,0.3596599220251273,419.2,1.9,-34.96952384725375,-0.35695424145508814,0.10632088179682084,0.13173872033681872
default,Evaluation,natlake,991,540.4,97,-3.5015966273374888,0.49297142097994984,433,0.4,-28.210236853476463,0.059568702095817105,0.29358855473181433,0.24766002459419503
default,Evaluation,rulebasedloc200,991,780.5,109,-5.562701158763432,0.4699707058351892,650.4,0.1,-59.93340944010121,-0.18828604336275978,0.07841033795076753,0.24020270279944567
default,Evaluation,sdp,991,885.5,124.5,-6.549027137787008,0.3648005099174614,748.5,-0.4,-77.4305594703442,-0.5496587746130353,0.09448620466507208,0.20058587182934712
default,Evaluation,starfit,991,90.9,67.9,0.5882833803918104,0.5850301837350367,1.6,3.5,0.17424735915089984,0.5390357313337271,0.5129091774194724,0.5425041510793197
default,Fitting,gdrom,991,38,53.4,0.8822126827147637,0.8423986301438231,9.7,-0.1,0.8558937592166029,0.7143879835894071,0.8710870349508445,0.7240101352473137
default,Fitting,h06,991,503.1,110.6,-3.426174017106389,0.45986685342118006,395,0.4,-24.319757907003915,-0.22239559573855217,0.10900391154050808,0.23436354054237926
default,Fitting,natlake,991,458.8,102.6,-3.13509155002981,0.5142890224486669,403.1,-1.9,-20.05430958098849,-0.05252782843235648,0.24157405672910998,0.2749607649947524
default,Fitting,rulebasedloc200,991,673.4,108.7,-5.180153902352137,0.4858450046607856,611.2,-3.5,-44.34989419021428,-0.18237882558107654,0.02850372266944799,0.299303493223453
default,Fitting,sdp,991,754.9,116.5,-5.998135974933466,0.4239768390600648,692.9,-3.7,-56.00213420190907,-0.3584598319371055,5.278876802265909e-4,0.28733074729728386
default,Fitting,starfit,991,87.2,69.1,0.5007595554797035,0.6556823474673208,4.8,1.5,0.2396404090202663,0.522447959983576,0.661267055582041,0.5269076238170637
fitted,Evaluation,gdrom,991,67.7,60.1,0.7043825063440248,0.7543197712984615,-19,1.5,0.541300860539313,0.6386307199532741,0.6141855722523728,0.6417830641495436
fitted,Evaluation,h06,991,289.7,74.7,-1.2617035218275108,0.608915301227329,206.4,0.9,-7.397017437178615,0.4421911578364284,0.028410709449442417,0.45432772399031385
fitted,Evaluation,natlake,991,69.2,62.1,0.7631694138169753,0.7265511820918034,-4.9,0.5,0.5215042395147825,0.6146808474071557,0.5939800541853182,0.6167462282104952
fitted,Evaluation,rulebasedloc200,991,605.5,86.9,-4.045399029473743,0.6171770135308587,495.6,-4.1,-35.6731160706795,0.2450608360667479,0.09816199470913736,0.3837131495588575
fitted,Evaluation,sdp,991,850.9,123,-6.185400862571729,0.36843351004237357,713.6,-5.6,-71.41970318046074,-0.5123708671966318,0.032531305680252254,0.18257326748560526
fitted,Evaluation,starfit,991,71.4,65.9,0.7388910221830578,0.6502597889189091,-9.1,0.8,0.4899937897251465,0.5656531639670259,0.5720626716216598,0.5656765403207409
fitted,Fitting,gdrom,991,49.2,50.6,0.8449306203674933,0.8178688758042992,-10.4,0.5,0.7581618318817458,0.7444103501740649,0.7910531037789175,0.7447129218028236
fitted,Fitting,h06,991,217.4,77.4,-0.7510869419098982,0.6381788895826463,158,-1,-3.7271508900292565,0.4010900208576673,0.08689502785525727,0.4414170498875848
fitted,Fitting,natlake,991,56.3,55.4,0.830671107232979,0.8039039674453327,-5.5,0.2,0.6827609061736333,0.6929087536468073,0.7067670094279276,0.696524953261305
fitted,Fitting,rulebasedloc200,991,536,88.9,-3.8862942236492977,0.6329714052314208,482.1,-2.9,-27.734633604894366,0.20989888745778185,0.07622796960586897,0.4455732535071352
fitted,Fitting,sdp,991,739.8,116.1,-5.8476013805400084,0.42835172394178456,678.4,-3.7,-53.74559518732205,-0.3487066891978481,0.004456141775283593,0.28134621531264714
fitted,Fitting,starfit,991,70.2,62,0.6671536243158536,0.6735287241411649,1.4,0.2,0.5064256283189166,0.6158076293206826,0.7095618771663565,0.6167912810506813
default,Evaluation,gdrom,998,70.1,55.7,0.7321847588306134,0.7521399314999004,17.8,-2.1,0.5087824309883348,0.6893962303607384,0.666339217167999,0.6897191086895401
default,Evaluation,h06,998,1384.2,89.2,-7.537593759931726,0.12100375465370572,800.5,-22.7,-190.65474036501053,0.20381931674080755,0.21280429070478754,0.30353376316049846
default,Evaluation,natlake,998,759.4,94.5,-3.5394397447786954,0.0022554339106027887,443.2,-16.6,-56.68596247512938,0.10621596787622312,0.08533239593848488,0.13426711149121007
default,Evaluation,rulebasedloc200,998,460.3,55.9,-1.7901623154664552,0.7165913184517914,266.3,-10.6,-20.195099017843162,0.6873355873738822,0.6293843754928214,0.6942984268181741
default,Evaluation,sdp,998,812.5,84.1,-4.261585625471175,0.22391419023046433,436.6,-14.2,-65.03356977815662,0.2921627605919064,0.17269498873646022,0.3749403814094333
default,Evaluation,starfit,998,126.5,76.7,0.22764961737351086,0.4259991337250887,-66.3,49.4,-0.6004380353101699,0.4117148056134583,0.6494350471821038,0.5492373571444029
default,Fitting,gdrom,998,14.8,58.6,0.9798876956910627,0.8050911837291906,0,0.3,0.9779816198362655,0.6565762384811447,0.9787501744094959,0.6691712970745858
default,Fitting,h06,998,232.2,107.1,-0.9539931776241015,0.4788824867535625,193.8,-9.7,-4.393650845622942,-0.147688389937775,0.8307176244434434,0.2579245891663997
default,Fitting,natlake,998,93.4,82,0.266889883587747,0.3907993542622128,58,-8.9,0.12726468178565675,0.32679040274746085,0.6183986718813359,0.3307232844557831
default,Fitting,rulebasedloc200,998,170.5,95.8,-0.43401286972064823,0.5624144992916045,126.5,-6.3,-1.9092144561155684,0.08126357304504572,0.840336412391997,0.3272786000540387
default,Fitting,sdp,998,152.1,73.7,-0.2728065443957066,0.5878086556335065,115.4,-6.9,-1.3148119609783513,0.4563489653431084,0.8642530381529956,0.4633271537214564
default,Fitting,starfit,998,118.8,80.2,0.07945286340372137,0.5648064142460769,50.9,11.4,-0.4108373283918352,0.3567318185755066,0.7408323478730401,0.3944832661004214
fitted,Evaluation,gdrom,998,75.3,70.1,0.720713641618091,0.6699753668258683,-6.7,-0.2,0.4323218634541749,0.5088896447512361,0.5331455802985008,0.519552439843885
fitted,Evaluation,h06,998,564.6,85,-2.4827567160513224,0.2195723998189002,310.7,-12.8,-30.884834981912046,0.2764620307879633,0.19285227422819207,0.3337057108326782
fitted,Evaluation,natlake,998,412.9,94.9,-1.4631103555795413,-0.0011208327649958605,224.3,-14.6,-16.05281310233706,0.09887129887246893,0.0446849916137424,0.11593052704685704
fitted,Evaluation,rulebasedloc200,998,185.4,55.4,-0.3344751771054919,0.7344379968577518,62,-2,-2.4372120952901817,0.6927771456069508,0.5820701084886999,0.6945106637692736
fitted,Evaluation,sdp,998,391.6,83.4,-1.6664733510632792,0.2462136120580467,173.6,-8.6,-14.340518800295468,0.3039503555382891,0.22522306118157584,0.36557566241719164
fitted,Evaluation,starfit,998,94.2,70.5,0.47848636644675646,0.5190258604092527,0.2,24.3,0.1116364482101726,0.5025366400001343,0.5970182793088492,0.5345308285046099
fitted,Fitting,gdrom,998,29.8,66.6,0.8066983920859391,0.7041691980359686,-18.9,1.8,0.9111198107080192,0.5563069329320192,0.9599844306968823,0.5644823574913341
fitted,Fitting,h06,998,101.5,93.8,0.26817605852993676,0.26158723114767934,66.9,-5.1,-0.030033328063421738,0.12040862084950887,0.7410091808948609,0.15593303513195972
fitted,Fitting,natlake,998,63.6,85.1,0.5493769775224036,0.3096057266222343,10.6,-3.9,0.5948701030344834,0.2757352308110256,0.6496568305568496,0.2772415144789614
fitted,Fitting,rulebasedloc200,998,112.7,68.2,0.06720787821327168,0.6911457550295884,67.4,-1.6,-0.2697631055431877,0.5343164707836445,0.8591179319916534,0.5443766620522196
fitted,Fitting,sdp,998,39,83.5,0.7463924913455929,0.4086453737279122,15.4,-0.2,0.8479314904765055,0.3030705064821707,0.9341662414901213,0.306496028528127
fitted,Fitting,starfit,998,159.3,103.6,-0.32091513038080555,0.4853737218656051,92.8,1.4,-1.5368156790968883,-0.07374638709438308,0.7598156191920923,0.23773723369576705
default,Evaluation,gdrom,1000,60.4,63.2,0.6753751958578726,0.7662805507502756,1.1,-0,0.6354925320034097,0.5999905725895535,0.6496362108637989,0.6155595605902915
default,Evaluation,h06,1000,951,116.9,-2.597380857195334,0.24245534789839907,97.6,4.3,-89.46890636093465,-0.3677904605700524,0.106916004895286,0.062324399736011137
default,Evaluation,natlake,1000,312.9,80.3,-0.957606075873106,0.3244001649817424,22,2.1,-8.793864430508735,0.3554356498221689,0.32652709499446847,0.39022446524815324
default,Evaluation,rulebasedloc200,1000,1164.9,92.1,-0.5377535512438611,0.6054387140729733,132,-0.2,-134.73554279219107,0.1514039505245156,0.17213112295481806,0.3814539376796582
default,Evaluation,sdp,1000,1306.1,158.6,-0.6065759739771976,0.09213638702990579,148.7,-1.4,-169.64199791390058,-1.5170367759698387,0.1596058326524638,0.1310437896066657
default,Evaluation,starfit,1000,77.9,64.5,0.6959980360786128,0.5941824857140507,0.4,-0,0.3924944637798663,0.5842490391092762,0.5749435366069444,0.5958107791953899
default,Fitting,gdrom,1000,50.2,68.2,0.6964645444717914,0.763807597644158,0.8,-0.1,0.7478903843270642,0.5351177864173877,0.7770357266078302,0.5840811282915686
default,Fitting,h06,1000,731.6,136.8,-1.6241720180022483,0.11259522455225013,87.2,-3.7,-52.537551928573855,-0.8707113325238327,0.09074522951608732,0.013237817508024045
default,Fitting,natlake,1000,218,79.4,-0.16740688000339388,0.33551612490991467,19.3,-1.5,-3.75227528786694,0.36870575499820846,0.43930008246596053,0.40665267249368064
default,Fitting,rulebasedloc200,1000,986.4,131.6,-0.612362036230681,0.30780711116579573,129,-6.9,-96.31047715465866,-0.7311072454162373,0.051148368469114115,0.17582289822606348
default,Fitting,sdp,1000,1108,190.3,-0.7837749474709415,-0.16187804963991304,145.2,-7.5,-121.79314502250197,-2.622828667328335,0.017927457180135515,0.05641955580593882
default,Fitting,starfit,1000,46.5,63.9,0.8494697631316637,0.6341150042658426,-0.7,0.1,0.7833744545585252,0.5913868166153498,0.7866938420793951,0.5945821140783709
fitted,Evaluation,gdrom,1000,62,58.2,0.7388464446030265,0.7664157895417135,-0.6,-0.1,0.6152463239708821,0.6607618844132639,0.6212334805307814,0.6627417671563479
fitted,Evaluation,h06,1000,510.3,82.6,-2.3680642729559165,0.26137833799928667,34.3,2.7,-25.0463278443623,0.3173121285449847,0.06631663570615845,0.37626535214334356
fitted,Evaluation,natlake,1000,158.1,70.2,-0.121753789699387,0.4904313539371198,-1,1.1,-1.501742248601912,0.5069187583204062,0.4581467978241816,0.5333965813857587
fitted,Evaluation,rulebasedloc200,1000,802.9,71.1,-0.5296378198845053,0.675731185608399,89,-6.4,-63.47578127173945,0.4950183666636172,0.12742946320253531,0.5151768370153107
fitted,Evaluation,sdp,1000,1047.9,133,-2.513432062077949,0.2692373815341489,110,-7.4,-108.83636967559718,-0.7696296679477326,0.059853803733128534,0.10023861978944434
fitted,Evaluation,starfit,1000,63.7,59.8,0.749122793575798,0.6626730776988667,-0,0.1,0.5941233915193188,0.6425762849895209,0.6052191801327961,0.6492221599911506
fitted,Fitting,gdrom,1000,43.1,59.5,0.7745130204326749,0.8111186741875761,-0.8,0,0.8142574211121527,0.6459923194178314,0.8326766014812625,0.6659146306791527
fitted,Fitting,h06,1000,301.3,88,-0.9700316994807929,0.22718247800127433,18.6,-1.5,-8.081607811562291,0.22627504817603128,0.12309076075451916,0.22870655724545247
fitted,Fitting,natlake,1000,105.9,71.6,0.3911249130738377,0.5155221614512906,-1.8,-0.5,-0.12209725847262654,0.4866503216159024,0.5505029816669476,0.4939574101175728
fitted,Fitting,rulebasedloc200,1000,711.7,91.2,-0.13711498570988656,0.6064340872370129,92.9,-5.2,-49.66454003834376,0.168348193485921,0.17435877945021563,0.3815473488319059
fitted,Fitting,sdp,1000,973.3,168.3,-0.8892535564300801,0.01755084838493104,125.9,-7.4,-93.75598382349517,-1.8316877657818713,0.0657470383306215,0.04260747022018311
fitted,Fitting,starfit,1000,42.4,60.3,0.7639483437031328,0.7044851336694011,-0.8,0.2,0.8203237921824973,0.6357681776691846,0.8430185926677922,0.6359288050869559
default,Evaluation,gdrom,1001,28.6,67.9,0.8939900612318644,0.7505158182571882,-0.6,0.5,0.9180442732785435,0.5386115663200745,0.9251302668566852,0.5732368783286506
default,Evaluation,h06,1001,363.8,129.8,-2.18188489421101,0.1780801032196705,-2.3,11.2,-12.239311805835692,-0.6856899670746812,0.3760027729194146,0.034764601985743
default,Evaluation,natlake,1001,398.3,86.5,-0.28947719894679413,0.1897839752276267,-39,9.7,-14.864869301944873,0.25139145300054977,0.5868276299623022,0.29343704424842926
default,Evaluation,rulebasedloc200,1001,430.5,151.6,0.5279028225609489,0.14901414085687192,45.7,-5,-17.534632644048934,-1.2986920872442456,0.8388870088832893,0.08285369332195804
default,Evaluation,sdp,1001,384,197.4,-0.4644384727258064,-0.20779536943880594,36,3.1,-13.745861831792894,-2.8981435600702676,0.480223310698169,0.015815196292325653
default,Evaluation,starfit,1001,115,86.2,0.41913547859759626,0.25305325633417497,-7.4,2.4,-0.32308804779684763,0.2573104714831471,0.6779259552149162,0.263753691924156
default,Fitting,gdrom,1001,45.3,74.8,0.78111647074892,0.704319270281089,1.4,-0.2,0.7950993432735468,0.440352184195296,0.8431172796911381,0.5010910901719908
default,Fitting,h06,1001,409.7,105.2,-2.3836157877816424,-0.013481975466629992,-4.7,-3.7,-15.785643306648257,-0.10755765958191676,0.14650564479091854,0.016810107286687134
default,Fitting,natlake,1001,532.6,89.6,-0.4739248438354551,0.12948786146282731,-38.5,12.5,-27.37215695574799,0.19789595049775643,0.47863287034690466,0.2235488041455984
default,Fitting,rulebasedloc200,1001,606.1,146,0.16412659048240763,0.184634365065662,45.6,-11.1,-35.746788276800565,-1.1314612703431757,0.26275760155193867,0.09176794256792474
default,Fitting,sdp,1001,584.9,174.8,-0.8605744439715028,-0.04637730397409645,40.9,-10.5,-33.221639691303395,-2.0544322041446352,0.1929229037573503,0.0152204798064371
default,Fitting,starfit,1001,140.1,84.8,0.36746403049751974,0.28900846848772077,-6.6,2.2,-0.9631315924141273,0.28051437693303793,0.4980180441823161,0.28567769681529165
fitted,Evaluation,gdrom,1001,177.6,72.7,0.10541394839617346,0.5960395286707529,-14.1,7.5,-2.156499373115656,0.4710862518195372,0.6701490432664946,0.4756142515687628
fitted,Evaluation,h06,1001,342.6,146,-1.9617934735504736,0.12153475789117185,3.8,10.4,-10.741761748524969,-1.131539493457109,0.3850385940096722,0.025624645488002723
fitted,Evaluation,natlake,1001,190.3,84.9,-0.5381502584158913,0.24292577151500783,-2.7,5,-2.6222021646559415,0.2795450399181548,0.5638658854161113,0.30626146413221633
fitted,Evaluation,rulebasedloc200,1001,211.3,79.4,0.7692836680976334,0.6358891558731189,22.3,-6.8,-3.466581056308022,0.3691345664214928,0.8855250865614388,0.43018873000964175
fitted,Evaluation,sdp,1001,297.8,156.7,-0.9499670790670234,0.07353909772609957,18.8,0.4,-7.869741607638568,-1.4564169603909178,0.4014355274517612,0.02189974258332555
fitted,Evaluation,starfit,1001,75.8,83,0.6670347191057884,0.3073269244019897,-3.7,2.1,0.4248327420320812,0.31140217161721295,0.7408863568063492,0.3237187555657867
fitted,Fitting,gdrom,1001,139,67.4,0.30548191162908034,0.6676333763986625,-6.8,1.9,-0.9324067819504962,0.5459677238997868,0.6111032580052146,0.5487257014612075
fitted,Fitting,h06,1001,381.6,112.3,-2.139728773047733,0.050523500260472476,3,-5.4,-13.565768491612486,-0.2612689805132362,0.15796917904304741,0.01458175171982275
fitted,Fitting,natlake,1001,209.3,90.7,-0.6228046067932445,0.10599666735581392,-2.4,1.2,-3.382201064611123,0.17650656033909018,0.4328498899682733,0.19741298768912757
fitted,Fitting,rulebasedloc200,1001,321.5,85.6,0.686745197799402,0.6090325820519108,24.3,-6.2,-9.339331723711524,0.26754575338362874,0.6690995607585919,0.38057033789826056
fitted,Fitting,sdp,1001,404.4,133.8,-1.2289557571336642,0.11526761633611304,22.2,-6.1,-15.35589030659617,-0.7906316282799382,0.21281526929309028,0.013806409726817187
fitted,Fitting,starfit,1001,92.7,82.5,0.5949305187362615,0.3289985478947207,-2.6,1.1,0.13992878911677076,0.31981252066880694,0.5724007233086079,0.3278887442243841
default,Evaluation,gdrom,1003,33.5,60.3,0.8819438821244687,0.7756435782488477,-1.3,-0.2,0.8874721059785206,0.6360733554653667,0.8898175988681729,0.644281682383565
default,Evaluation,h06,1003,778.1,167.2,-5.759563015727445,0.018287622773960788,588.6,4.4,-59.555129216995454,-1.7978051034460316,0.155765242987876,0.028192502388814322
default,Evaluation,natlake,1003,633.9,114,-4.508327442880381,0.3451790507492142,523.9,0.7,-39.188084984894545,-0.3007325266307108,0.3849035366340011,0.11919615602961182
default,Evaluation,rulebasedloc200,1003,1067.7,175.4,-8.38333874493589,-0.03457565564670895,936.3,-0.6,-113.02623304337428,-2.0787436674878195,0.1893172829607377,0.05929850046635035
default,Evaluation,sdp,1003,1134,203.3,-8.98706081210822,-0.26058081468617167,994.8,-0.7,-127.62487566295815,-3.1359400462465556,0.09965608728008625,0.02851412145946303
default,Evaluation,starfit,1003,51.8,67.2,0.8247590059118752,0.5756136931296958,-1.6,-0.2,0.731326089484394,0.5488496180709121,0.7919277763550487,0.5561735986335727
default,Fitting,gdrom,1003,52.1,66.5,0.8541440674889131,0.7236853199368327,-4.5,0.3,0.7282956340188751,0.5575321456849034,0.7453158756440253,0.5708968885511192
default,Fitting,h06,1003,1074.6,156,-6.582701830960017,0.10816778131900828,648.3,-0.7,-114.50364063239587,-1.4337406460123483,0.09820439177662889,0.05235591007851796
default,Fitting,natlake,1003,825.8,115.3,-4.630668025344234,0.3616404018312255,524.4,-3.5,-67.20902635325318,-0.32965155228173293,0.2764951277816674,0.13256979580782455
default,Fitting,rulebasedloc200,1003,1443.3,159.3,-8.646155094357251,0.08985782842223644,956.9,-5.7,-207.35142030156737,-1.537679253167644,0.014465803981416978,0.11061604556605449
default,Fitting,sdp,1003,1519.5,183.5,-9.157623152156983,-0.10767905515287968,1007.6,-6,-229.9228698969062,-2.368542441972938,0.0012220826340249597,0.07041644511189483
default,Fitting,starfit,1003,99.8,72.2,0.49402391587094074,0.5403827681904744,-1.5,0.3,0.0033554461268203717,0.4790569313131521,0.5009085844526325,0.4802902187375448
fitted,Evaluation,gdrom,1003,42.5,57.1,0.8758424254302789,0.7624310083632817,-8.7,0.1,0.8192315476137885,0.6739514162671956,0.8421233868122576,0.6744475249843072
fitted,Evaluation,h06,1003,530,78,-3.5067286871664827,0.4425846727511702,391.1,1,-27.09750774282901,0.39155279746470706,0.17441144408824424,0.3932840989909623
fitted,Evaluation,natlake,1003,55.1,62.6,0.8102112033738911,0.6942575944725324,-8.4,0.3,0.6962216440303048,0.6085660888579272,0.7630750766125858,0.6086236498978442
fitted,Evaluation,rulebasedloc200,1003,854.1,106,-6.463654176166333,0.5012778576435144,743.2,-6.4,-71.96965758429558,-0.12459358395813092,0.1385367793133207,0.29618521624966015
fitted,Evaluation,sdp,1003,1073.3,192.5,-8.375223928654645,-0.17131906791008222,931.1,-7.6,-114.23521019764337,-2.706833680726851,0.027269321160131674,0.026390811784243753
fitted,Evaluation,starfit,1003,47.8,69.1,0.8326075506216257,0.5764076231917674,4.6,-0.1,0.7714655631497473,0.521772191693478,0.824395035873171,0.5237815649281415
fitted,Fitting,gdrom,1003,57.8,60,0.7801008487719245,0.7381918954566269,-11.2,0.2,0.665958598871691,0.639873811102563,0.7653073054234388,0.6407746962326356
fitted,Fitting,h06,1003,544.9,75.6,-2.7611065513281683,0.4650352164164522,309.4,-1,-28.70034836438525,0.4280584988452292,0.0876196369637402,0.4328537580537986
fitted,Fitting,natlake,1003,74.8,63.4,0.6388691249846439,0.6709718270879661,-11.1,0.1,0.4405836962902694,0.5980031041572129,0.6879366516442827,0.5981464847883023
fitted,Fitting,rulebasedloc200,1003,1180.3,104.8,-6.880761722516603,0.5143022186060466,781.8,-4.7,-138.3358451015181,-0.09873430973311081,0.05100776152303077,0.3362557697912946
fitted,Fitting,sdp,1003,1464.9,179.9,-8.794505326125474,-0.07511178263496787,969.3,-6,-213.62617116288646,-2.2365614062887538,0.014403288806498554,0.06737288956682738
fitted,Fitting,starfit,1003,105.4,72.1,0.4462633693842696,0.5459230232043086,4,0.2,-0.1109992489007956,0.47944137516920116,0.4796868962924725,0.480198080785223
default,Evaluation,gdrom,1006,77.1,86.2,0.7757599338577744,0.5067133802083379,5.2,-1,0.40554827120052284,0.2562067397490039,0.6264897199738534,0.3089963924441677
default,Evaluation,h06,1006,347.5,121.9,-0.5515478974634787,0.07761237440167079,38.3,2.6,-11.075738165977008,-0.48576961747475145,0.30024442455604294,0.009852559975226787
default,Evaluation,natlake,1006,186.1,77.2,0.47508001666411714,0.38267588503151717,-23,2.8,-2.4651498047927443,0.4041926440681509,0.7179240688499839,0.4345601627141721
default,Evaluation,rulebasedloc200,1006,501.5,112.3,0.2415803269769311,0.41365227454700904,67.6,0.2,-24.160386554906342,-0.260876052065973,0.4468221609919289,0.17565608409218392
default,Evaluation,sdp,1006,597.9,189.7,0.07785811440500756,-0.1479112567593055,81.1,-0.6,-34.761043812373806,-2.597867276000989,0.4140661237815821,0.012948724728208821
default,Evaluation,starfit,1006,51.1,72.8,0.8654210278106806,0.508652995217002,-1.3,0.8,0.7389173516595078,0.4704641172936289,0.7813951169008544,0.4754296825252534
default,Fitting,gdrom,1006,70.8,88.5,0.7529287016147657,0.5006964522006982,4.9,0.2,0.4988117849159144,0.21648803595725719,0.6605812448457782,0.28995003561270344
default,Fitting,h06,1006,396.3,152.2,-0.6745307571752945,0.007567844432659565,39.6,0.1,-14.710045389387052,-1.3165525566279026,0.1963934908800453,4.932015790207682e-4
default,Fitting,natlake,1006,194.4,79.2,0.42676982637177796,0.3518968712942635,-20.5,2.9,-2.7813451848717996,0.3725791191547154,0.5725853157121807,0.40078494859492214
default,Fitting,rulebasedloc200,1006,584.8,151.8,0.10461490079076852,0.12412752564377783,70,-5.8,-33.20417144121541,-1.3061503288593825,0.20099964135942602,0.0429724134013899
default,Fitting,sdp,1006,682.4,196,-0.09345161999773066,-0.20235759875152026,81.7,-6.5,-45.57684138028016,-2.8411744494992446,0.0848936717393557,0.003109664563720343
default,Fitting,starfit,1006,53.1,76.1,0.8577603570162778,0.45728822125065605,-0.1,0.6,0.7175515581791961,0.42018552119568686,0.7510604770121564,0.42483587971607345
fitted,Evaluation,gdrom,1006,46.1,73.6,0.8565538318065735,0.6390469411659285,-0.2,0.1,0.7869697127459232,0.45823628217057377,0.787766532659519,0.47461958865842074
fitted,Evaluation,h06,1006,246.5,107.3,-0.7201274843853391,0.02178857188903216,15,4.2,-5.077378807139558,-0.15127359775166882,0.36788352337299385,0.01818539771955541
fitted,Evaluation,natlake,1006,76.8,75,0.598080645855078,0.42922355592655115,-3.2,3.2,0.4092814129895017,0.43721460178783744,0.7316645768388633,0.4596589577914137
fitted,Evaluation,rulebasedloc200,1006,302.9,90.4,0.4785533941295895,0.5294036108110027,39.8,-4.6,-8.179679471212745,0.18338663786216913,0.4643617505572792,0.29838621986926345
fitted,Evaluation,sdp,1006,420.1,125.5,-0.6266313410231739,0.12023718711971443,49.6,-4.6,-16.653276331073926,-0.5751952773851752,0.28644154002709865,0.016282804697157153
fitted,Evaluation,starfit,1006,48.1,69.5,0.7975971689822379,0.5896769000726705,-2.4,1.5,0.7682032765473917,0.5174536315483094,0.8033719554656479,0.517914085147285
fitted,Fitting,gdrom,1006,48.3,78.2,0.7436437651481469,0.6180598833497817,-0.1,0.6,0.7665088266798038,0.3886448235416433,0.7787666329972591,0.42506913071450997
fitted,Fitting,h06,1006,306.2,113.2,-1.001877851839268,-0.051340230714392865,19,0.7,-8.376077299498787,-0.28247739066756106,0.18940795173713743,0.0015633736730751942
fitted,Fitting,natlake,1006,84.3,78.1,0.5816183105302544,0.37769857366078907,-1.3,0.8,0.2885366508055617,0.3897989212881988,0.6257146956765792,0.4129264659478568
fitted,Fitting,rulebasedloc200,1006,363.3,104.8,0.42704956680904904,0.42940788144730213,43.2,-3.6,-12.202011477695716,-0.09869156622839825,0.40705787170078733,0.1863108982983072
fitted,Fitting,sdp,1006,498.5,169.6,-0.682284083666773,-0.048337991272948466,53.9,-0.9,-23.855435395216386,-1.8768359874197302,0.12970214157138377,0.001022406779679144
fitted,Fitting,starfit,1006,44.3,74.1,0.8163638182385471,0.5238763361471696,-1.6,0.7,0.8038278420698108,0.4506789710922995,0.8246963996842158,0.45097085424281075
default,Evaluation,gdrom,1007,37.9,69.9,0.7627382964808582,0.6900110862650163,-9.3,-0.1,0.8561056139289114,0.5112218824858159,0.892031985215892,0.5276031003743836
default,Evaluation,h06,1007,550.6,198,-3.595304880146232,-0.21300423936896395,395.6,2.2,-29.327770136896792,-2.9209452938611298,0.13990623987196563,0.00745576357879541
default,Evaluation,natlake,1007,438.6,144.4,-2.667267429493543,0.1676846889539111,351.2,0.7,-18.242773078263802,-1.084423939224934,0.3542524614539598,0.046699160190312346
default,Evaluation,rulebasedloc200,1007,775.3,207.2,-5.656926776663243,-0.2912782548215558,661.6,-0.8,-59.133062927286424,-3.2957654357891535,0.149028955418861,0.02310384371706317
default,Evaluation,sdp,1007,831,233,-6.164132371393017,-0.5045113798326306,709.6,-0.4,-68.07463697075134,-4.430782464024251,0.08087783576037755,0.00889132355043888
default,Evaluation,starfit,1007,44.5,68.5,0.8952093430606283,0.5765008920917372,-2.8,-0.2,0.8022397783653681,0.5312368620976557,0.8203321460090237,0.5346547523168388
default,Fitting,gdrom,1007,57.8,77,0.6168479910623805,0.6201698774906543,-16.6,0.1,0.6658121564622748,0.4064499763442343,0.7489913689266886,0.435590104175944
default,Fitting,h06,1007,718.9,139,-4.359212170835835,0.10825308186063021,487.2,-2,-50.68691627617111,-0.9314361382692271,0.08269211593023754,0.012641806468407494
default,Fitting,natlake,1007,523.8,113.6,-2.8542528994213963,0.19939421326780704,367.4,-3.5,-26.439043357683815,-0.29155098499257304,0.26603090392841555,0.04999103580396772
default,Fitting,rulebasedloc200,1007,897.1,172.1,-5.633838453917763,-0.011908458241054687,654.1,-5.8,-79.49811987261813,-1.962259864931604,0.039793212289292994,0.03537947696863338
default,Fitting,sdp,1007,960.5,198.3,-6.115374469756402,-0.21581397018833504,704.6,-6.1,-91.2736403692583,-2.9327520245311938,0.0195747223807328,0.01640508625950899
default,Fitting,starfit,1007,51.2,74.4,0.8111149742934274,0.5402704972775682,-5.1,0.2,0.7374715592580726,0.4459046863123026,0.7425133023008746,0.44610697705191493
fitted,Evaluation,gdrom,1007,30.8,62.1,0.9358923760614211,0.7169814783522463,-1.3,-0,0.905186881161073,0.6142051101818047,0.9055012321828155,0.6152485430371231
fitted,Evaluation,h06,1007,437.5,84.2,-2.5769977270584272,0.3986243228156455,308.5,1.3,-18.14264587143101,0.2904583862514535,0.14039329667490222,0.294882824855963
fitted,Evaluation,natlake,1007,57.9,73.8,0.8106742754891594,0.6097741180318232,-10.2,0.6,0.6651147725369534,0.45545812172285705,0.7199230949854273,0.4642118502748859
fitted,Evaluation,rulebasedloc200,1007,617.2,145.4,-4.255611578246911,0.19777023150783724,522,-6.4,-37.10558839995218,-1.1160249854071629,0.15042570822825335,0.10845029937811274
fitted,Evaluation,sdp,1007,781,221,-5.655172656684599,-0.4018539243639969,660.2,-7.2,-60.01445272759522,-3.88509563388525,0.03506940777505523,0.009120279099232968
fitted,Evaluation,starfit,1007,38,68.8,0.9121827909264526,0.6121208988834845,-5.2,0,0.855769898714063,0.5266878808218589,0.8639992511096317,0.5266878809153754
fitted,Fitting,gdrom,1007,44.6,68.4,0.7904204972169814,0.6774401035561874,-4.1,0.1,0.8012244582017589,0.532591982301069,0.8106762020280266,0.5393954648955785
fitted,Fitting,h06,1007,324.8,88.3,-1.2882068415861645,0.33989346439703794,195.7,-1.9,-9.548613852956827,0.2196239733774933,0.09337493171348711,0.2318821909874892
fitted,Fitting,natlake,1007,70.3,81.6,0.7478564529005294,0.4801669562766784,-10.2,0.1,0.5058147850093493,0.3334935503979589,0.6020068710359051,0.34341281694022774
fitted,Fitting,rulebasedloc200,1007,730.9,120,-4.391071076159709,0.36895512969875854,531.5,-4.8,-52.42392328499844,-0.4394754512169736,0.08361058780354529,0.1536275295291563
fitted,Fitting,sdp,1007,910.8,191.7,-5.73447308802025,-0.1638743706612047,659.3,-6.1,-81.97398476235963,-2.6750420719361117,0.03511748502461071,0.01572330859133786
fitted,Fitting,starfit,1007,46.5,70.8,0.8034745563135129,0.5973832869969952,-5.8,0.1,0.7837197072392792,0.49933201734911303,0.791585634478797,0.4996279252102325
default,Evaluation,gdrom,1016,141.6,57.1,0.17779578669294804,0.814471226371746,-27.5,2.7,-1.0044316411818932,0.6744001294544111,0.6354032896716032,0.6861395171501279
default,Evaluation,h06,1016,1979.3,81.8,-6.1641300361510805,0.2960999599454651,621.7,1.9,-390.86568866961414,0.33044534225779776,0.40005871978092733,0.36539056983813056
default,Evaluation,natlake,1016,667.6,87.9,-1.2917540015127589,0.17783439676014423,208.3,-3.1,-43.58442210965807,0.2278798561311216,0.2937897328207536,0.2531738046164878
default,Evaluation,rulebasedloc200,1016,1804.5,72.8,-5.682220050448841,0.6742338668977435,563.4,-1.7,-324.70434306525067,0.4702709725927282,0.28315755681237503,0.4960560361753066
default,Evaluation,sdp,1016,1893.4,77.1,-5.783767404132371,0.37779049017727673,595.5,-0.4,-357.5933536011955,0.4053375984943194,0.3829235528438533,0.44028168676059526
default,Evaluation,starfit,1016,124.5,55.9,0.04970248098489782,0.7732430793476619,1.4,5.9,-0.5496316176903628,0.6874686632035065,0.6812737766608263,0.6901724195898269
default,Fitting,gdrom,1016,79.8,72.7,0.5060478017289293,0.6257977625849713,-43.4,2.6,0.36236949265878227,0.4718160281180569,0.7465195877700064,0.48084269914108824
default,Fitting,h06,1016,673.9,89.9,-3.735623705277855,0.23975916630634864,454.8,-14.4,-44.41802028534039,0.1909587503089939,0.3167039284931446,0.20164951118577162
default,Fitting,natlake,1016,249.6,92.1,-0.6718895575880861,0.1374012245876195,159.1,-8.9,-5.230350351000373,0.15238639784352703,0.24287811628902162,0.15567773700095083
default,Fitting,rulebasedloc200,1016,483.8,73.3,-2.476455623884163,0.5665732129389485,312.5,-12.6,-22.407576316214183,0.4626884365894339,0.5236335492348742,0.471002656621202
default,Fitting,sdp,1016,560.3,86.6,-3.0501286092998487,0.2683976378359655,353.8,-14.8,-30.403743169847736,0.25018523366851375,0.3660496970645675,0.2602435185823808
default,Fitting,starfit,1016,70.3,65.5,0.6697704070481163,0.642745134657164,-8.1,2.2,0.5060512808475497,0.5712058431993751,0.5301245495899111,0.5716645450071578
fitted,Evaluation,gdrom,1016,91.7,77.6,0.4365575500041875,0.7121074737119721,-3.5,2.1,0.15906516354192768,0.39759690242225065,0.6767006945839165,0.5253555992287297
fitted,Evaluation,h06,1016,696.6,85.4,-2.4569558336596904,0.280687367767645,196.7,3.9,-47.533169013667674,0.2699407089529674,0.3713589876768203,0.2745255840056699
fitted,Evaluation,natlake,1016,105.3,73.5,0.4594244419001391,0.42500723027299603,12.4,-1.2,-0.10849568407686205,0.4599890463352555,0.23096448594924135,0.5014152877549554
fitted,Evaluation,rulebasedloc200,1016,749,69.8,-2.825985905326788,0.6869191622444124,206.6,-3.8,-55.11641344972875,0.5133315041001103,0.2084570120949172,0.5292696201387009
fitted,Evaluation,sdp,1016,281.4,85.6,-0.8319758711694425,0.2084150989919512,51.8,-0.4,-6.917962544770044,0.2678135771252288,0.3044178462184017,0.3187054388285632
fitted,Evaluation,starfit,1016,510.6,69.7,-2.3219652191743028,0.641631095005239,118,5.6,-25.073592402762127,0.5135419191796089,0.39632382760361146,0.5190450525692637
fitted,Fitting,gdrom,1016,37.3,79,0.9123331248596014,0.6640311136703517,4.5,-0.9,0.8608155629708379,0.3750578354178399,0.8665122766198391,0.44827823431807423
fitted,Fitting,h06,1016,267.4,89.2,-0.8219490103987686,0.18653203874998114,164.8,-7.5,-6.149975956611809,0.20353679715749573,0.4331443660201674,0.2093294913984772
fitted,Fitting,natlake,1016,95.5,82.1,0.14833123596241637,0.40553264597425553,-2.6,-0.2,0.08746576387670368,0.32511875681814617,0.1093683795715366,0.3254631742222225
fitted,Fitting,rulebasedloc200,1016,352.1,71.5,-1.5613209529177459,0.5890716736505313,211.1,-8.8,-11.399475859776066,0.4881071297011723,0.5216510511865592,0.49214677854611855
fitted,Fitting,sdp,1016,137.9,88.2,0.14474982201541842,0.1404425263755683,65.7,-3.8,-0.9010689473264617,0.222776183297141,0.5313146212580399,0.302705054865842
fitted,Fitting,starfit,1016,259.4,72.3,-0.9054745640299138,0.5214994942664039,146.4,-4.3,-5.731057422185887,0.47766629844793695,0.6154961188426094,0.48200704478466133
default,Evaluation,gdrom,1017,30.3,57.7,0.9049012113335979,0.8047049545736499,8,0.1,0.908081420973408,0.6674306499545475,0.9117230789781968,0.6766163302655962
default,Evaluation,h06,1017,412.4,134.3,-4.361611161402591,0.1424369774834039,523.3,-0.2,-16.013642075365045,-0.8054505326180008,0.14471267400151455,0.020759471364956986
default,Evaluation,natlake,1017,459.3,168.2,-5.40656154643797,0.015034752175705268,639.1,0.2,-20.103741932349767,-1.8282730894250383,0.3024573297391421,0.03091735655075335
default,Evaluation,rulebasedloc200,1017,639.2,205.8,-8.005073423236821,-0.28528597520260335,896.2,-0.3,-39.87195959340954,-3.234481374335634,0.049553053840873974,0.035387689243357494
default,Evaluation,sdp,1017,700.9,222.4,-8.990439682541865,-0.4397218091831543,985.8,-0.2,-48.14623033345737,-3.946318444632616,0.0805220908388032,0.040387539622538673
default,Evaluation,starfit,1017,30.3,55.6,0.7990833241465009,0.7577190766222763,-15,1.7,0.9079667020277348,0.6912581836345834,0.9274790218568025,0.6915045647604202
default,Fitting,gdrom,1017,38.2,65.2,0.7774310816509783,0.7876836496668499,-9.5,-0,0.8537729559440068,0.5752269625162385,0.8781694261600362,0.6204460946994725
default,Fitting,h06,1017,591.3,156.7,-4.9707318453280545,0.029035484379684062,566.4,-0.2,-33.968223527720916,-1.4569668457913587,0.12307137142969207,0.004901690018165985
default,Fitting,natlake,1017,614.2,134.1,-5.438876667774633,0.2092970561096521,640.3,-2.6,-36.73501763468616,-0.7995464488779658,0.2559544244493484,0.04973188251951573
default,Fitting,rulebasedloc200,1017,817.5,182,-7.5535069725623245,-0.08620854032894298,847.4,-3.8,-65.84879380241031,-2.3135008454962986,0.02495991872087966,0.031110659968512495
default,Fitting,sdp,1017,922.6,221.7,-8.77760612486369,-0.4162668184284557,973,-4,-84.13276324044429,-3.9164319849390195,0.0012264401761617359,0.02050217643480158
default,Fitting,starfit,1017,45.2,70.5,0.7127412368247902,0.670293223364687,-19.7,1.5,0.7955969419655898,0.503547759631231,0.8418099902144284,0.5160544865511867
fitted,Evaluation,gdrom,1017,35.2,55.8,0.792217610229428,0.8088109763073843,18.1,0,0.8763422041555926,0.6888067581653259,0.9113165806300391,0.6941952901090228
fitted,Evaluation,h06,1017,264,103,-1.697497664925654,0.3216158127201564,228.5,-0.5,-5.971488206712673,-0.06093749560750017,0.18006709539223387,0.12638724004915233
fitted,Evaluation,natlake,1017,74.5,94.1,0.4003981164385182,0.5715924046256795,24,-0.3,0.4445648319213633,0.11382763656608275,0.5044684177170812,0.32851217761528656
fitted,Evaluation,rulebasedloc200,1017,459.7,153.6,-5.069840290554467,0.13728806131717763,596.3,-4.6,-20.13568500020948,-1.3599811257442807,0.047071650441496145,0.09740461935542487
fitted,Evaluation,sdp,1017,677.1,222.2,-8.466198800169437,-0.43419853315026735,942,-5.9,-44.864893353003524,-3.9386154961040702,0.004510946560645323,0.03528418049099055
fitted,Evaluation,starfit,1017,24,51.2,0.8742484552893597,0.7495533029092276,-7.5,0.5,0.9424648172925223,0.7373808058530191,0.9505424660189099,0.7423341774134157
fitted,Fitting,gdrom,1017,30.8,59.5,0.7955658468675288,0.8178444631611945,-4.7,0,0.9054157381597899,0.645911684136335,0.9337276237421317,0.6710825437141714
fitted,Fitting,h06,1017,300.2,92.7,-1.7665541377499432,0.32369128002293723,237.9,0.5,-8.013457394727704,0.14014850431522796,0.2594219915311879,0.18388520622039387
fitted,Fitting,natlake,1017,77.6,87.4,0.462492215632747,0.5823412992635217,25.7,-0.3,0.3970570819236289,0.23530853106927196,0.4555882304942853,0.3473058763225479
fitted,Fitting,rulebasedloc200,1017,651.5,127.2,-5.744112279393257,0.3289152489880761,664.5,-3.1,-41.45599753399569,-0.6172555025203887,0.04019379983016847,0.14241820287439716
fitted,Fitting,sdp,1017,922,220.7,-8.768526715086079,-0.4077682692744782,972.1,-4,-84.02417484319686,-3.872794459117568,0.0012840252605631755,0.020812438182430715
fitted,Fitting,starfit,1017,43.6,67.1,0.6901748358304557,0.6833137742906125,-17.1,0.5,0.8099826142136652,0.549606243881819,0.8685396854065531,0.5543104808777666
default,Evaluation,gdrom,1020,36.8,57.5,0.8515507046689148,0.8160193210475616,14.6,-0.4,0.8642256827583545,0.6687533972404064,0.9530500738515046,0.681988085486557
default,Evaluation,h06,1020,926.4,146.2,-4.196510632313808,0.1603749456919943,417.6,5.9,-84.83820631013643,-1.1376219558423255,0.13693324355520978,0.049622058583583185
default,Evaluation,natlake,1020,608,102.4,-2.2273608780691365,0.424207015065975,284,-0.3,-35.975436790032994,-0.04803043119369921,0.45768089019773484,0.18548965977703472
default,Evaluation,rulebasedloc200,1020,1335.6,157.6,-5.599231977583135,0.10028802764398759,657.6,-1.7,-177.4216696689928,-1.4846201746061967,0.23001691405620045,0.1338365285274766
default,Evaluation,sdp,1020,1407.9,189.7,-5.964918261740993,-0.15820111020263994,693.3,-1.4,-197.2831971389962,-2.601044236636671,0.14358682577020232,0.06321246407937553
default,Evaluation,starfit,1020,58.6,65.7,0.6749119042688951,0.6065863352716361,-1.1,0,0.6564860220391963,0.5678549713740664,0.820948864227006,0.5721185975268712
default,Fitting,gdrom,1020,36.3,55.6,0.8088927815490493,0.8069345013001985,-0.3,-0.2,0.8678981972162375,0.6911891993303991,0.8825063584598716,0.6957064828222561
default,Fitting,h06,1020,948.8,128.2,-3.949331985173039,0.16708270329375996,374.7,0.9,-89.03264666815973,-0.6435241031310361,0.13333702427413638,0.02796682496629067
default,Fitting,natlake,1020,622.9,86.7,-2.0727824533789136,0.31439564977351064,252,-3.7,-37.806671677908085,0.24852380461206713,0.3812161317270459,0.24994231197077724
default,Fitting,rulebasedloc200,1020,1279,119.2,-4.597933438229377,0.3762728149328025,548.8,-7.8,-162.61374645388588,-0.42211761290015226,0.029163161944312174,0.16374833194372743
default,Fitting,sdp,1020,1356.2,150.8,-4.934943664145289,0.14557789205146077,582.3,-8.2,-182.94908770870384,-1.27415258098651,0.006870987882522069,0.06607559634947752
default,Fitting,starfit,1020,62.8,63.5,0.7959876123897313,0.6351968865279093,-13.3,0.3,0.6051655050223137,0.5971444079910637,0.7419532697913415,0.6010719720918855
fitted,Evaluation,gdrom,1020,31.6,55.5,0.9142370839279514,0.8346033321982447,7.6,-0.6,0.9002026570898408,0.6922774131879886,0.9264804706623961,0.7060312721252139
fitted,Evaluation,h06,1020,450,75.2,-1.8164300304115382,0.4243429634413879,171.3,1.9,-19.254820016493333,0.43375008366343126,0.19767697188013625,0.4566293313335385
fitted,Evaluation,natlake,1020,68.7,61.7,0.6571868246566699,0.7378252827731736,-3.1,0.4,0.5273721234546938,0.6196115091246646,0.7361061837814897,0.6226659920662996
fitted,Evaluation,rulebasedloc200,1020,1010.4,101.1,-4.058039539652858,0.5294061771384231,489,-11.6,-101.11045384865014,-0.022623639349067082,0.14018040984200075,0.3334930094650215
fitted,Evaluation,sdp,1020,1201.8,165.3,-5.285991766474047,0.035968176360417825,567.9,-13.4,-143.48170741124804,-1.733424054918514,0.06101802881923711,0.05481820905205376
fitted,Evaluation,starfit,1020,44.8,64.7,0.8230743888246419,0.6348275139386783,5.6,-0.3,0.7995499686803961,0.5815939136117052,0.8622597344470508,0.5833826528447392
fitted,Fitting,gdrom,1020,48.5,58.1,0.7558823420857201,0.8105828228185307,-6.8,-0.1,0.7648501984948448,0.6622110647734217,0.8003389944780964,0.675257009353528
fitted,Fitting,h06,1020,464.5,78.9,-1.5579308455155108,0.39773614760163967,165.5,0.1,-20.575559411076153,0.37668706162370336,0.13373581459804926,0.3842652648755317
fitted,Fitting,natlake,1020,85.3,69.6,0.5844336661521019,0.5937687399414306,-8,0.2,0.27206771644905636,0.5150910651700347,0.6204014573822004,0.5151909286354157
fitted,Fitting,rulebasedloc200,1020,1035.8,78.1,-3.528915226384359,0.6564119585860947,443.8,-6.5,-106.31497971537436,0.3893597657099601,0.09339420943704556,0.4519284670831647
fitted,Fitting,sdp,1020,1273.9,144.4,-4.6179372369437806,0.17717647257712477,544.2,-8.1,-161.32268540987377,-1.0843412512260158,0.034606038771352064,0.05880499892672262
fitted,Fitting,starfit,1020,50.9,65.3,0.8435076547231655,0.6361667330004148,-7.2,0,0.7409208787035193,0.5730645988638741,0.7716091765868214,0.5738968169049713
default,Evaluation,gdrom,1021,138.3,22.5,0.005742554500874464,0.9532455014563006,-8.9,3.6,-0.9144660267516267,0.9493904815170959,0.5984237974898443,0.9497130233364653
default,Evaluation,h06,1021,875,73.5,-5.819398629446746,0.48599282038392255,141.9,5.6,-75.58157531488135,0.4603419652265909,0.229803986528201,0.4683409049806196
default,Evaluation,natlake,1021,980,62.5,-3.8950012221783803,0.7517871947759098,248.5,-3.7,-95.06190842018427,0.6086623943483395,0.4271969581409686,0.6177488390360746
default,Evaluation,rulebasedloc200,1021,1282.9,74.5,-7.647195593391981,0.7299701707697035,270,4.2,-163.6387176041843,0.44504660956611164,0.2558791795231058,0.5646867834944482
default,Evaluation,sdp,1021,1803.8,93.4,-4.303416094696292,0.5522908390581281,515.8,-4.4,-324.4660279147845,0.1271554629173013,0.28748327903262594,0.5198722123438684
default,Evaluation,starfit,1021,97.3,59.4,0.37552942367404574,0.6721840200747523,-3.7,0.4,0.05225502277133398,0.6465359808404109,0.6723698112935728,0.6518011700449223
default,Fitting,gdrom,1021,34.4,21.1,0.8816735654758926,0.9760900115500064,1.4,-0.1,0.8819124087343864,0.9552782695203108,0.9074146269928339,0.9562484313819004
default,Fitting,h06,1021,729.3,77.7,-3.1448427570724915,0.7120095172025442,208.4,-1,-52.19847532292164,0.396247998514044,0.12306185072613268,0.5242668851836866
default,Fitting,natlake,1021,788.4,87,-2.267838974216665,0.6291757994440941,263.4,-2.7,-61.17258042626793,0.24305885117203385,0.2333761540664001,0.5149503066964616
default,Fitting,rulebasedloc200,1021,920.4,91.9,-3.2136588409437525,0.5751273904863711,295.9,-2.9,-83.73177103736074,0.1551570561908192,0.05690981279147012,0.5137414712932726
default,Fitting,sdp,1021,1104.8,99.4,-2.975785185504553,0.4986833973584075,386.5,-2.9,-121.08742746534158,0.011791645658564387,0.005516755459155378,0.5002579450085497
default,Fitting,starfit,1021,356.1,71.3,-1.9716887817995024,0.545953184454013,22,0.2,-11.679500994136124,0.4909609919667587,0.2748115661924818,0.49296803507219206
fitted,Evaluation,gdrom,1021,131.6,22,0.11423498286452272,0.9332043462314163,-16.6,4,-0.7333425202688633,0.9517089130896121,0.6677109138735915,0.9525657977839702
fitted,Evaluation,h06,1021,261.9,66.2,-1.0488127218867236,0.574759653844332,-13.1,4.7,-5.862169699554209,0.5622128498881493,0.3068502986908867,0.573222911622629
fitted,Evaluation,natlake,1021,180.4,40.4,-0.2169255637530667,0.7613158631298267,-31.1,3.4,-2.254344779296764,0.8364131256180805,0.6934658573739181,0.8597381829388695
fitted,Evaluation,rulebasedloc200,1021,949.2,57,-5.322514833965793,0.8339693951125733,198.9,-3.6,-89.12635292865419,0.675531792172845,0.2913335686180647,0.7021443867507048
fitted,Evaluation,sdp,1021,1659.9,91.5,-4.696844721322736,0.5737101379495517,462.8,-8.4,-274.5997937705676,0.16228273533102877,0.11208305020963082,0.5123474071538225
fitted,Evaluation,starfit,1021,134.6,64.1,0.024837316038113344,0.6287489964612509,10.5,-0.3,-0.812647398649258,0.5890918883699348,0.6399661568519746,0.592858437002024
fitted,Fitting,gdrom,1021,43.4,18.5,0.8357888372032417,0.9820703119020869,-5.7,0.1,0.8115335629277973,0.96581435681076655,0.878829148943539,0.9659595023708284
fitted,Fitting,h06,1021,353.8,62.7,-1.5502815995292978,0.6733782565741926,58.7,-0.5,-11.518087173584005,0.6068472485127904,0.18122248438871713,0.6072541833893361
fitted,Fitting,natlake,1021,124.8,33.2,0.020781706851025983,0.83854008950384,-7,0.4,-0.5588207112053751,0.8897468549060744,0.7232016826405797,0.9001172718676639
fitted,Fitting,rulebasedloc200,1021,690.9,65.7,-2.0694501113052093,0.7461081331015474,222.4,-3.1,-46.741907849071886,0.5678000821848239,0.11960687811252924,0.6946571962358508
fitted,Fitting,sdp,1021,1095.2,99,-2.9338967133807423,0.5023954856869359,383,-2.9,-118.96385044329425,0.02043271128131008,0.014005786636635311,0.5020024909655912
fitted,Fitting,starfit,1021,186.8,62.2,-0.39205898384060234,0.69558071454597,19.9,-0.3,-2.490422204054719,0.613638230836681,0.5055866336357185,0.6136498387040195
default,Evaluation,gdrom,1023,132.4,67.2,0.227899125004128,0.7500616048754278,-7.1,0.8,-0.7543119165223824,0.5485388493792951,0.40917691189050887,0.5776373244790203
default,Evaluation,h06,1023,568.4,110.2,-2.8218354978274593,0.45300657724265125,88.6,3.1,-31.31714741557638,-0.21459768686783498,0.1160520345589138,0.22014445079125
default,Evaluation,natlake,1023,459.7,99.7,-0.9072130047374625,0.5265154823119449,100.2,0.6,-20.136824049317575,0.0059945233238660744,0.2874718172243712,0.28046074343748345
default,Evaluation,rulebasedloc200,1023,662.7,114.5,-2.539366582513688,0.4396223415647159,130.7,2.5,-42.92472235196391,-0.31235523459892245,0.09940314121842957,0.24455460212423202
default,Evaluation,sdp,1023,905.1,117.1,-1.4891407295937316,0.4086678750330831,223.1,-0.4,-80.943098576640807,-0.3725600917053782,0.0530742189603422,0.32629516232665207
default,Evaluation,starfit,1023,82.3,65.6,0.5433840208531608,0.6567376251447632,-4.2,0,0.32167152618653494,0.5693842223571826,0.6973072794560152,0.5694133767322207
default,Fitting,gdrom,1023,184.3,97.8,-0.20541512226443337,0.5633498567398881,11.1,0.1,-2.3956013486195413,0.04366314451030462,0.27602093482561074,0.33777031457994916
default,Fitting,h06,1023,557.8,108.1,-1.9351936370256286,0.4624833814371935,113.4,1.9,-30.118582248825444,-0.16892217985158453,0.11168285492890208,0.22246086275502172
default,Fitting,natlake,1023,479,100.8,-0.6834411637103093,0.5201865243192128,114,-1.3,-21.950371519952817,-0.01563642037760382,0.27589143511786784,0.27523343886722423
default,Fitting,rulebasedloc200,1023,654.3,117.9,-1.8453854088590234,0.4163781207688281,146.2,-2.4,-41.81514338826684,-0.39029562129979856,0.042827274089214024,0.24934195082294344
default,Fitting,sdp,1023,838.6,131,-1.357800664952876,0.30911996853528245,213.1,-2.7,-69.34492149636779,-0.7174319548013564,1.5534936604406066e-5,0.23228234765150074
default,Fitting,starfit,1023,85.6,71.8,0.6045885226233726,0.6553791053622884,-2.5,0.2,0.26659867084552025,0.48508654438617504,0.5813506600919469,0.49822236728419683
fitted,Evaluation,gdrom,1023,59,57.4,0.8289946979528575,0.7801830091988288,-0.9,0.3,0.65189880974975,0.6704626902456656,0.6962101018880504,0.6732350307295535
fitted,Evaluation,h06,1023,146.4,67.5,0.2017936824625396,0.6404418858862048,5.5,1.2,-1.1424448483765461,0.5436229544518677,0.17249274100743708,0.5439597215134029
fitted,Evaluation,natlake,1023,106.4,60.4,0.4472853400089277,0.7577523846766081,-8.4,0.8,-0.13323659848579972,0.6352059122167983,0.5352982484872955,0.6393856573309508
fitted,Evaluation,rulebasedloc200,1023,473.7,86.2,-1.5065314192096335,0.6488603161815942,89.6,-0.7,-21.44953656507882,0.25668535279205207,0.10864954022099595,0.43190885120967887
fitted,Evaluation,sdp,1023,880.4,116.8,-1.362409775162964,0.41232853790177915,215.7,-4.7,-76.53360701623548,-0.3635754230621311,0.0014578180756663975,0.32203818659491146
fitted,Evaluation,starfit,1023,84.5,65.8,0.4419510284941707,0.6499424523482726,0.1,0.1,0.28540805520672197,0.5671766121315924,0.7449675727294905,0.5671788091571262
fitted,Fitting,gdrom,1023,50.8,57.1,0.8517536458081394,0.7944218451968414,1,0.1,0.7419676940264092,0.6744129672569789,0.7489922047080478,0.6792255706624569
fitted,Fitting,h06,1023,130.6,72.5,0.295419179818606,0.6351320958018463,5.8,-0.2,-0.705562985922656,0.4740043515765415,0.10663592885447826,0.48444658508273697
fitted,Fitting,natlake,1023,79,60.3,0.6782931107928869,0.7749933765088398,-1.7,0.2,0.3752554587312289,0.6358178092576551,0.5860296777950785,0.6439011414046948
fitted,Fitting,rulebasedloc200,1023,459.7,95.7,-0.8348598726670013,0.5838415479028405,103,-1.9,-20.133469861995874,0.08351708414436243,0.08587159294870081,0.39607754092218495
fitted,Fitting,sdp,1023,834.5,130.6,-1.3439218433313598,0.3130334793778926,212,-2.7,-68.64783248090038,-0.705248952305324,2.361773061458595e-6,0.23317690409071273
fitted,Fitting,starfit,1023,95.5,71.4,0.4659410019363549,0.643366039626501,2,0.1,0.08866978546598092,0.4896312117552727,0.5982589681870175,0.49819640093899675
default,Evaluation,gdrom,1026,90.4,74.6,0.7653271659630567,0.7115882459249556,5.1,-0.8,0.18285503312689977,0.4429916501733697,0.6588181792165134,0.5087789340025244
default,Evaluation,h06,1026,369.8,98.1,-2.0477351994884465,0.2893356372299335,-7.6,1.9,-12.677358536882872,0.03729469254733708,0.2801021626969214,0.13447828386658217
default,Evaluation,natlake,1026,359.7,78.8,-0.11014815255777366,0.37970720311996886,-27.9,1.5,-11.940854346914481,0.37919258763417474,0.7180544075969837,0.3949123801168216
default,Evaluation,rulebasedloc200,1026,378.5,97.7,-2.055375885041932,0.5472945534708755,1.5,0.5,-13.327832794557262,0.04520845119105166,0.10111703714910317,0.30394663415336887
default,Evaluation,sdp,1026,508,157.8,-0.024438815152640014,0.0236882174592411,41.6,-1,-24.812196872887085,-1.4906910947887275,0.321011118852545,0.27425211267389565
default,Evaluation,starfit,1026,59.1,80,0.8325100181260703,0.6503436783234205,-0.9,0.2,0.6502652798168693,0.35914625632660246,0.7064696718820427,0.43257446096920155
default,Fitting,gdrom,1026,146.2,75.4,0.5011980301592329,0.7023486179129244,7.3,-0.3,-1.1390876425031475,0.4320579299908198,0.2590504237315327,0.497101405932272
default,Fitting,h06,1026,390.7,103.9,-2.2702880891081296,0.2060455141219092,-1.2,-1,-14.269764614861042,-0.07870880631460708,0.17799825027875238,0.07686717341127691
default,Fitting,natlake,1026,389.8,77.9,-0.384948425662645,0.4284577089788759,-23.2,1.6,-14.195202199370273,0.3934556712188959,0.5056060582267584,0.3982369710964215
default,Fitting,rulebasedloc200,1026,411.2,87.6,-1.5448687335475002,0.5506690281633555,16,0,-15.908614589957654,0.23173457637022055,0.05085380160984062,0.323871639841303
default,Fitting,sdp,1026,669,142.1,-0.010280274553217561,0.21827143640395685,44,-2.9,-43.77050814967838,-1.0191937547617136,0.013258303526611661,0.20218272969683346
default,Fitting,starfit,1026,95.3,75.1,0.6237840231285596,0.5515741913728828,2.2,-0.3,0.09143288487989043,0.43545931630448964,0.46669129627295375,0.4374555795660519
fitted,Evaluation,gdrom,1026,62.5,70,0.8161739721006405,0.667822392870193,-1.8,-0,0.6087576554338998,0.5105613393290342,0.6746803279462634,0.520186822993996
fitted,Evaluation,h06,1026,249.4,73.5,-0.8061486416400447,0.5323561668393775,0.6,-0.4,-5.221213925818133,0.4592975619122972,0.14536123663304795,0.4595956517920968
fitted,Evaluation,natlake,1026,140.5,77.1,0.10696508980936403,0.5464449774352338,-6.5,1.2,-0.9734588587101669,0.405134555205781,0.7096941494273505,0.4117154682270627
fitted,Evaluation,rulebasedloc200,1026,322.6,68.7,-1.169613687690183,0.6117453198653022,-13,2.9,-9.411888916317944,0.5279208941749681,0.17185202533138386,0.5284196161523478
fitted,Evaluation,sdp,1026,475.7,156.3,0.3001149604805744,0.05179061671048313,39,-5.1,-21.631676803912036,-1.4449865279905394,0.2603330978929146,0.25353769215494215
fitted,Evaluation,starfit,1026,58.5,73.4,0.839021127984639,0.5687960342743152,-1.4,-0.2,0.6575705175896724,0.4605354605414733,0.7318226746897207,0.46157724427397356
fitted,Fitting,gdrom,1026,59.4,66.2,0.7595036206123201,0.7547135363339577,-0.5,0.2,0.6473189890845963,0.5620802127042568,0.6541025006799969,0.5873369089914984
fitted,Fitting,h06,1026,330.3,78.5,-1.1583968927052553,0.4992249254500969,9.8,0.9,-9.914243055113934,0.3834564018532849,0.0452215611215034,0.3861334889775302
fitted,Fitting,natlake,1026,157.7,79.8,-0.15922501490970586,0.4591904701863202,-1.7,0.1,-1.4875063888069842,0.36247141479771383,0.5305152676485582,0.3633811155916382
fitted,Fitting,rulebasedloc200,1026,328.8,75.9,-1.4234124296434105,0.6147862130797773,-4.8,1.3,-9.814086148712697,0.42453647187152255,0.05950870762654118,0.4444772942320317
fitted,Fitting,sdp,1026,650.8,137.3,0.18131478904257736,0.25964952490539417,42.9,-2.8,-41.363234463275155,-0.8854841493955952,0.10051996464124031,0.20818051070489854
fitted,Fitting,starfit,1026,75.7,70.7,0.7296736048119048,0.5851630570734362,0.8,-0.2,0.42702098099499464,0.5007546898263435,0.5393109122700079,0.5007631739862063
default,Evaluation,gdrom,1027,272.2,74.9,-0.9335814693111608,0.6104110353645911,-7,6.5,-6.41377306129676,0.43896490479029404,0.08512836500779736,0.4545114088624727
default,Evaluation,h06,1027,485.9,106,-3.0411126687663117,0.317625119855131,19.8,5.4,-22.61336712253596,-0.12445167329108875,0.16279256525873448,0.11629269026092363
default,Evaluation,natlake,1027,252.4,98,-0.9453315868181,0.3866078293523797,5.3,2.4,-5.3733222461188035,0.04018955731617824,0.2870413876537619,0.17857291789067373
default,Evaluation,rulebasedloc200,1027,611.8,117.7,-2.4715567350761516,0.3797261281057738,66.7,7.2,-36.44371673180687,-0.38510364211731307,0.04333672753313339,0.15938863071469314
default,Evaluation,sdp,1027,556.9,127.7,-2.193087419197269,0.29760373914592475,60.8,3,-30.02678484448869,-0.6302642110383301,0.12218987181523325,0.10305100668497041
default,Evaluation,starfit,1027,181.1,81.6,-0.17945426641713125,0.3570469326762984,-8.1,1.4,-2.2818592697468856,0.33473992132787533,0.3272432369489311,0.3400027851227059
default,Fitting,gdrom,1027,89.9,71.5,0.6010313592315146,0.6745111223557401,2,-0.3,0.19228037306677037,0.4890922059666839,0.3635988897105459,0.5074249025120868
default,Fitting,h06,1027,558.6,84.7,-3.435888682865399,0.4369349243849294,21.1,1,-30.21270317841738,0.2816319908023228,0.08142727500304339,0.29694578335406296
default,Fitting,natlake,1027,340.7,77.9,-1.590034070160657,0.4338066227340279,10.9,-0.6,-10.608843248908759,0.3935580198995411,0.17805866585500452,0.3970144134619869
default,Fitting,rulebasedloc200,1027,853.2,90.7,-0.17682033073097814,0.5522518857172893,84.6,-7,-71.80878280107872,0.1766198899100262,0.07469464347693176,0.3165195238266223
default,Fitting,sdp,1027,719.1,93.6,-1.3323460480559701,0.48158783072202915,65.9,-4.9,-50.7175125784952,0.12288842193215399,0.0858035276963151,0.25269247506298265
default,Fitting,starfit,1027,208.3,78,-0.2360215585434149,0.451894692727975,-9.5,0.7,-3.341077198226481,0.39167311530998494,0.22794519239632216,0.3924415218585132
fitted,Evaluation,gdrom,1027,340,68.3,-1.1165482784246845,0.5988854002117032,-30.4,11.8,-10.562310696911442,0.5336912883250355,0.18810393405653664,0.5355578968506909
fitted,Evaluation,h06,1027,456.8,74.9,-2.806831855950113,0.41176178108447226,12.2,4.2,-19.86843199814402,0.4383275090975305,0.12358126019173772,0.4723011243730178
fitted,Evaluation,natlake,1027,185.7,77.2,-0.28967264133920234,0.5159291327933437,-7.5,3.3,-2.4485752107066925,0.4036511664921506,0.3875675031527823,0.4057662678224578
fitted,Evaluation,rulebasedloc200,1027,436,96.7,-2.0016520392108825,0.5300800162517871,32.2,6.2,-18.01285266585144,0.06444476694575907,0.04289296863995089,0.2853954452543944
fitted,Evaluation,sdp,1027,350,121,-1.0560642590579064,0.2803327764393553,34.5,-1.4,-11.251833396208776,-0.4640277913934818,0.21356202131787697,0.07878545953770848
fitted,Evaluation,starfit,1027,183.6,71.4,-0.17185989626679388,0.511888675916194,-11.8,3.2,-2.371730846036529,0.4907292013375394,0.4061556417372685,0.5001747835341156
fitted,Fitting,gdrom,1027,240.7,70.7,-0.15910762392578914,0.6387318285933294,-15.7,1.3,-4.797101404200326,0.4999830249824986,0.15268577356766466,0.5053490475908784
fitted,Fitting,h06,1027,533.9,79.7,-3.12014029073842,0.42094163611213065,21.3,1,-27.506485163314604,0.36436163776504404,0.05594770252841854,0.3651114348378112
fitted,Fitting,natlake,1027,224.6,71.6,-0.6065758548658531,0.504393853630859,-4.6,0.4,-4.045926210133808,0.48692762920423005,0.254018506874604,0.4977812137900276
fitted,Fitting,rulebasedloc200,1027,550,74.5,0.17053293310208206,0.6649457187887766,54.1,-4.6,-29.253149511959105,0.44540825397294526,0.14158029956572846,0.47942293376815165
fitted,Fitting,sdp,1027,509.6,84.5,-2.60834632575009,0.4646994746510872,26.4,-1.4,-24.97757293775956,0.2856130244418179,0.06676485419604895,0.30771292992624505
fitted,Fitting,starfit,1027,227.1,76.3,-0.5128674540008695,0.4821343118566209,-7.7,0.5,-4.15894278412421,0.4173958044414947,0.2189250542239009,0.4180282786006609
default,Evaluation,gdrom,1028,41,116.5,0.7980986356514165,0.4270832221326851,1.6,0.1,0.8314695175729854,-0.35852984816703826,0.8490041999341001,0.2531457130122938
default,Evaluation,h06,1028,1446.8,100.3,-5.059403784086098,-0.29811416987969697,272.3,21.2,-208.37293767662874,-0.007273875145717756,0.29078083520036974,0.0033735968199179673
default,Evaluation,natlake,1028,378.2,91.1,-0.8957316139633571,0.10005486731445001,65.3,4,-13.309368459290766,0.16938320909458904,0.6291560324137143,0.1856725690589558
default,Evaluation,rulebasedloc200,1028,2382.2,125.6,-3.9289137133424887,0.34041579090028584,491.1,10.8,-566.623111929279,-0.5769835278092288,0.7891031546732745,0.1658619908252386
default,Evaluation,sdp,1028,2202.2,209.5,-4.28092087144828,-0.33856584138777657,448.9,31.4,-484.10916051848835,-3.392049408425245,0.30243489888242486,0.003991245477908771
default,Evaluation,starfit,1028,83.5,87.8,0.7340053454128739,0.30642707916780176,-13,2.9,0.30301117429565017,0.2288143990030429,0.7961791768762566,0.23225305070376603
default,Fitting,gdrom,1028,46.9,101.3,0.744898140876512,0.5166440637598675,4.1,-0.4,0.7801777850564672,-0.02538358648611183,0.8599008292776468,0.2716724869217673
default,Fitting,h06,1028,1994.4,140.8,-3.8814358076395488,0.017626211798563052,353.4,-7.4,-396.8194463193336,-0.9828612806288128,0.07927904316568621,4.195472014433517e-4
default,Fitting,natlake,1028,591.6,93.6,-0.9844315975220834,0.019458024587611367,99.4,-7.8,-34.00122584847238,0.12419312514642866,0.3783679890836872,0.14209568832037459
default,Fitting,rulebasedloc200,1028,2368.8,145.1,-4.658211430529967,0.1594531460231785,420.4,-14.4,-560.2031651921147,-1.1067754221269572,0.0055748506082331575,0.053132255989719525
default,Fitting,sdp,1028,2320,189,-5.75215664869072,-0.16857303356633158,404.2,-15.5,-537.3428554043318,-2.5725570954801533,0.008041675554464483,9.146692945671892e-4
default,Fitting,starfit,1028,88.8,87.6,0.5378889049776003,0.22960372287234965,0.5,-0,0.21076785807818132,0.23321874409744092,0.6050844690089372,0.23698917362872393
fitted,Evaluation,gdrom,1028,145.5,72,0.3570072622034042,0.6072768071503785,-24,10,-1.117830668731361,0.48074091338485203,0.7495097768223676,0.48705528098587414
fitted,Evaluation,h06,1028,589.2,100.2,-3.3310268219528156,-0.1763417015301305,75.1,17.4,-33.72931197934077,-0.004094700156902054,0.46247745652915956,0.014129142059986883
fitted,Evaluation,natlake,1028,124.1,83.1,0.3779455864844079,0.3046407157268035,-18.2,7,-0.5404375564406085,0.30941739537972546,0.7485287953632085,0.32125856587162993
fitted,Evaluation,rulebasedloc200,1028,1496.8,101.3,-7.320490776359291,-0.02150592469035284,247.1,-41.8,-223.10638707019962,-0.02612133431541186,0.0012139732416024279,0.05318235637120936
fitted,Evaluation,sdp,1028,1005.2,99.5,-4.568035250065471,-0.27049025946257865,164.9,-16.7,-100.0726787358421,0.01067892620728994,0.06230656134375793,0.014259685676962232
fitted,Evaluation,starfit,1028,52.1,88,0.892290226137894,0.3655221462175211,-6.5,1.2,0.7283462933524216,0.22542934437826645,0.8358005381527298,0.24192559324721682
fitted,Fitting,gdrom,1028,59,70.9,0.7150485489153926,0.5962954462202261,-3,0.2,0.6524229805149007,0.49743690283316155,0.8127062935370944,0.49777288695683963
fitted,Fitting,h06,1028,1037.6,101,-3.583132397100968,-0.3238856814167601,164.4,-5.9,-106.68578683346436,-0.019608437415021385,0.07981831888868317,2.6467655658629713e-6
fitted,Fitting,natlake,1028,107.3,87.1,0.2896469404677131,0.2433772195179178,-1.4,-0.1,-0.15204416619749805,0.2415778100655367,0.6349183602975624,0.24498240809264563
fitted,Fitting,rulebasedloc200,1028,1926.8,96.3,-3.248344774102092,0.4228062444205627,343.6,-15.7,-370.32609040300093,0.07222845828906033,0.025633305352694816,0.21804720569073388
fitted,Fitting,sdp,1028,1261.4,100.3,-5.255053100358009,-0.38914297242420237,190.9,-10.6,-158.14401782536086,-0.005681945661424548,2.513601077195268e-4,1.0761682831534169e-4
fitted,Fitting,starfit,1028,64.5,86.2,0.7636640965499725,0.29714613732102313,2.3,-0.2,0.5834765276415075,0.25698184456330564,0.7096577090886115,0.2570457227536136
default,Evaluation,gdrom,1032,56.4,58.3,0.8443663316503167,0.7946577540448901,-3.3,0.7,0.6816634052586781,0.6597098499498406,0.7407892134181743,0.6677551629319994
default,Evaluation,h06,1032,493,115.9,-2.0088586758743614,0.38858892573657056,82.4,5.3,-23.309069207365763,-0.3431850876063973,0.18259304708938007,0.1607093847816597
default,Evaluation,natlake,1032,335.4,95.4,-0.5638605145066966,0.5293825543503985,66.7,0.3,-10.251877814082869,0.08906036743654477,0.4424227204387585,0.2813449340518575
default,Evaluation,rulebasedloc200,1032,646.1,108.4,-0.6616541115736454,0.4862241763161622,151.5,-0.4,-40.75620938118943,-0.17594757876376854,0.2358069833343128,0.2777429193358396
default,Evaluation,sdp,1032,752.3,133.3,-0.9152107014487387,0.29749033726238516,178.8,-0.4,-55.603672963388874,-0.776366627198833,0.22693369428916874,0.18730828621739312
default,Evaluation,starfit,1032,62.5,60.8,0.7553041200419877,0.7107084812636872,-4.2,-0.1,0.6096050977216496,0.6302041353409672,0.7518975053340773,0.6302145555050019
default,Fitting,gdrom,1032,78.1,80.4,0.7152049217179544,0.638468486681343,-3,-0.4,0.3895542499138651,0.353046148522267,0.5521985327426258,0.42179598316740624
default,Fitting,h06,1032,524.8,111.9,-1.9801042435113474,0.28129999209544876,80.8,0.4,-26.54964184898562,-0.2516756494745038,0.18830539697997625,0.08559545017337132
default,Fitting,natlake,1032,380,90.6,-0.7244696833237316,0.37627695149376295,66,-1.3,-13.441927447175322,0.17989202131459736,0.4207272128352174,0.22072574243423493
default,Fitting,rulebasedloc200,1032,758.5,107.8,-0.7735474295216807,0.4482522549461181,153.2,-3.4,-56.53752351242145,-0.16240229482227186,0.13790892766697033,0.20464270437757667
default,Fitting,sdp,1032,868,126.9,-0.9514007895387713,0.3315032642386283,177.1,-3.7,-74.34950211018855,-0.6094556704068901,0.03305202386537566,0.14494680547338265
default,Fitting,starfit,1032,55.6,63,0.8475857015907591,0.6619361763305402,-4.5,0.2,0.6909899857254592,0.6031512074758425,0.7459561037645309,0.6041507449530948
fitted,Evaluation,gdrom,1032,43.3,61,0.8862869709810559,0.7903692160066665,0.6,-0.3,0.8126865760815595,0.6274146012695961,0.8390832261725872,0.6437660439239593
fitted,Evaluation,h06,1032,191.8,63.1,-0.19334863323682439,0.6660693224847345,2.1,0.8,-2.679534854487115,0.6023137264190015,0.09581180212035041,0.602934429871052
fitted,Evaluation,natlake,1032,82.7,62,0.5507126307432191,0.7455406168486873,-3.3,0.4,0.3152751914143517,0.6158441596873148,0.6794656982834004,0.6209377348732891
fitted,Evaluation,rulebasedloc200,1032,453.5,85.9,-0.26658741407014763,0.6458546419961055,103.6,-3.9,-19.56869637407035,0.26168063463861224,0.2489214621267272,0.4260646133289755
fitted,Evaluation,sdp,1032,712.4,128.5,-0.8021120081989277,0.33235627373260734,168.1,-5.2,-49.762887081555675,-0.652300615103073,0.12798359968952547,0.18920380216440777
fitted,Evaluation,starfit,1032,58.7,60.2,0.8140221571068076,0.7044789694331889,-3.9,0.1,0.6554441965857927,0.6369907424685377,0.7478483693241863,0.6371919664952271
fitted,Fitting,gdrom,1032,47,65.4,0.8304396707066329,0.7431085902289971,-1,0.2,0.7795156408180196,0.5724391705923584,0.7817142065163737,0.5881132063587965
fitted,Fitting,h06,1032,143.4,75.2,0.23458849829077988,0.55142794258988,-6.7,0.4,-1.0566647442176098,0.434337909490233,0.10437591225488622,0.43646155801140957
fitted,Fitting,natlake,1032,96,69.7,0.4726016393555368,0.6071276849231384,-3.3,0.1,0.07786268866541524,0.5134588073357671,0.5964793611040748,0.5135851502324699
fitted,Fitting,rulebasedloc200,1032,537.3,84.5,-0.324626553796582,0.6156918896903985,106.9,-2.6,-27.872477740219953,0.28515655260409967,0.18645763644718213,0.3862084106954509
fitted,Fitting,sdp,1032,832.1,124.7,-0.8639654949244397,0.3397400997828245,169.3,-3.7,-68.24917088428687,-0.5543248267561078,0.07639731454001453,0.13999361082627124
fitted,Fitting,starfit,1032,54.4,63.8,0.7378463719271345,0.6817229472358401,-4.4,0.2,0.703822966013337,0.5934784572321988,0.7582757572872897,0.5935628547329939
default,Evaluation,gdrom,1033,42.9,80.4,0.9045934681384495,0.552275463856694,-0.8,-0.3,0.81550944423457306,0.3529824666732465,0.8252217378227148,0.3777768733523909
default,Evaluation,h06,1033,270.6,99.6,-0.2666603664174092,-0.22062385630631853,-22.5,2.8,-6.322269613231052,0.008262363920986449,0.4836076739470436,0.011836757802733938
default,Evaluation,natlake,1033,470.5,91.1,0.483522885700545,0.12928468310362562,-49.5,1.7,-21.145210200203557,0.1698963147825534,0.8371460305764443,0.17407995501462015
default,Evaluation,rulebasedloc200,1033,92.3,95.9,0.7669942201267951,0.53129980523101,6.6,-0.1,0.14704226347037286,0.08008263872211752,0.6065521380278893,0.282658872352701
default,Evaluation,sdp,1033,210.6,173.5,0.3947496729174579,-0.0824043046830425,21.1,-2.1,-3.4365214684912875,-2.0124555018547317,0.6714462905885563,0.19462934560692788
default,Evaluation,starfit,1033,52.7,83,0.5841377583849213,0.5774896208182352,0.4,-0.8,0.7225756120595446,0.31174120197014465,0.8205917786039532,0.3684513833914358
default,Fitting,gdrom,1033,68.6,100.4,0.845836037099312,0.43413927575964206,3.9,-0.4,0.528812180970403,-0.008309768564897846,0.7560250088980215,0.19684872219497698
default,Fitting,h06,1033,224.1,98.3,-0.32470308667297365,0.08961132129704164,-10.2,0.3,-4.0211144839380255,0.034210407735595694,0.3317793504980607,0.07136621628363593
default,Fitting,natlake,1033,556.3,91.2,0.3387670661986849,0.1903233164595537,-44.9,5.8,-29.951861295358437,0.16741203729005905,0.5869863424799436,0.1701903166375618
default,Fitting,rulebasedloc200,1033,156.4,100.5,0.6467730399092639,0.4545682760370854,11.7,-1.9,-1.4473932299741312,-0.010043068213048567,0.6067017531334379,0.21110138068113077
default,Fitting,sdp,1033,281.1,168.6,0.2175324312563106,0.004894660473105605,22,-2.7,-6.904899456199769,-1.8424264942626052,0.30239371957343,0.12494093639025065
default,Fitting,starfit,1033,57.7,96.7,0.6997725342063223,0.39217436195917865,1.7,-0.1,0.6665228327758684,0.0651206706339662,0.7224218542140223,0.1871646026216695
fitted,Evaluation,gdrom,1033,37.5,86.6,0.9281986979209776,0.6012566760340529,-0.8,-0.1,0.859052519297374,0.2505455004441558,0.867683652649439,0.366108286251635
fitted,Evaluation,h06,1033,133.9,103.1,0.14304988132119412,0.1836487328899714,-2.8,2.7,-0.7925478510735211,-0.06309505838781626,0.49185258562254036,0.07248405916158537
fitted,Evaluation,natlake,1033,69.4,88.2,0.7457414118459788,0.3012337465429412,-4.3,1.4,0.5183305012429571,0.22267785218938918,0.7983632598511126,0.22657701398433508
fitted,Evaluation,rulebasedloc200,1033,81.3,87.1,0.7757600949453594,0.381815470931568,-4.8,-0.7,0.339632748146806,0.24047072929866153,0.622927170366547,0.2556771831388695
fitted,Evaluation,sdp,1033,136.4,132.6,0.7253902084458945,0.2987468813130444,12.3,-4.3,-0.8619932963859065,-0.757854346129667,0.5794618259650794,0.21511012221565898
fitted,Evaluation,starfit,1033,57.8,88.8,0.6169342937155591,0.33870022023104474,-2,-0.5,0.6655478258091881,0.2121252749859046,0.7509745811126153,0.22664404339474248
fitted,Fitting,gdrom,1033,115.5,111.5,0.6813823093034479,0.3753794426272663,6.9,-0.1,-0.33518296493287414,-0.24244901074940728,0.4746859033016282,0.14092818421926961
fitted,Fitting,h06,1033,140.5,111.8,0.36340876380928355,0.27643056551273304,6.6,-1.5,-0.9750166643387224,-0.25004299669475216,0.43856456468214994,0.08353298912964623
fitted,Fitting,natlake,1033,75,96.2,0.642067547945324,0.37097442275916526,0.3,0.2,0.4379700388052442,0.07350480979482665,0.6777959746681171,0.17926560930179747
fitted,Fitting,rulebasedloc200,1033,58.6,90,0.7234215611752879,0.3944992121982205,0.5,-0.3,0.6562103462739461,0.18896941573911652,0.6595264031353275,0.23160350818305125
fitted,Fitting,sdp,1033,228.5,127.9,0.6206288348274767,0.33474251576299197,17.9,-2.6,-4.22204091332732,-0.6356896376458798,0.5492866192323742,0.16832934879779604
fitted,Fitting,starfit,1033,57.4,91.3,0.6897976585446488,0.35784623481275635,-0.9,0.2,0.6706432350699851,0.16546756598213896,0.6927497389377345,0.2073164022571422
default,Evaluation,gdrom,1036,44.9,77.5,0.9005796515034082,0.5825404659435574,1.1,0.7,0.7987770215462375,0.39987411711511833,0.8122166088561761,0.41747962141943207
default,Evaluation,h06,1036,214.5,95.5,-0.09617092202174016,0.3604000424845173,24.5,3.3,-3.6008234010497455,0.08678308170994276,0.23957445334591113,0.17911606124294152
default,Evaluation,natlake,1036,95,76.9,0.7631009746675548,0.451122154498495,-13.1,1.8,0.0975700920268715,0.40848103548786674,0.6636467822427954,0.4120782421514136
default,Evaluation,rulebasedloc200,1036,222.4,107.6,-0.2577646077878828,0.3114980964288452,20.2,-0,-3.946802940208247,-0.15896742190358726,0.1339583263152812,0.10822184205017582
default,Evaluation,sdp,1036,384.5,160.6,-0.4078662794721515,0.08281816610976767,68.9,-0.3,-13.789672165506001,-1.5812925300442475,0.06674932536971616,0.07999776503947187
default,Evaluation,starfit,1036,40.7,70.1,0.9164578391841266,0.5128731364048424,-0.4,1.2,0.834251578241579,0.5087379665103944,0.8451395851224313,0.5247029243478808
default,Fitting,gdrom,1036,86.4,94.9,0.7270192998485663,0.4332578889106746,6.8,-0.3,0.25406276241592973,0.09961187004154093,0.6055415470436023,0.21740133508455922
default,Fitting,h06,1036,328.3,113.7,-0.4687810289112755,0.07072441612346314,36.9,-0.3,-9.780153518954965,-0.29395831564655484,0.16637652783073129,0.015982258601520433
default,Fitting,natlake,1036,100.5,86.5,0.5920642380457913,0.33956329134107965,-6.4,0.1,-0.010565036935264116,0.25239327445633963,0.5047801187437514,0.25559691377732086
default,Fitting,rulebasedloc200,1036,334.6,99.7,-0.48910747959768375,0.29001647494454574,36.7,-0.6,-10.195048766002644,0.005233396495680442,0.06474255397950851,0.12616833253639456
default,Fitting,sdp,1036,534.4,145,-0.2648111896851031,0.16558629591925822,76.1,-4.1,-27.560955144827837,-1.1037953643937057,0.0022987996289698617,0.04807217299357468
default,Fitting,starfit,1036,81.3,79,0.7351813474475064,0.4024905098244099,5.8,-0.5,0.3389668038294247,0.37510425168980477,0.6261324932973473,0.38088853456553357
fitted,Evaluation,gdrom,1036,36.2,87.9,0.9290072757880901,0.6134033385963388,-3.7,0.4,0.8685684456590028,0.22748382975907178,0.9083929805803646,0.3762847814927707
fitted,Evaluation,h06,1036,148.7,93.9,0.20517048666250404,0.28203963769334495,-6.3,0.8,-1.211298240561732,0.11721551937422436,0.13006509803676128,0.15983411189120794
fitted,Evaluation,natlake,1036,69.2,78.1,0.7732937258759198,0.49826044090538735,-7.3,1.1,0.5212925047300166,0.38921483589000916,0.6807197414597719,0.39101801612619985
fitted,Evaluation,rulebasedloc200,1036,141.9,96.1,0.22037154347553478,0.3946653206941575,2.9,1.3,-1.0128195178295,0.07623290298732677,0.22349555523227643,0.1914206856329743
fitted,Evaluation,sdp,1036,358.3,158.9,-0.06842995148470732,0.0923123120923589,63.9,-6.3,-11.842256118091559,-1.5259144904366488,0.08510607404252353,0.06546381848882415
fitted,Evaluation,starfit,1036,49.4,75.3,0.7987063805268145,0.5233904747809861,-6.3,0.7,0.7560750195342368,0.4334381597485377,0.8878080982985642,0.43357101884909466
fitted,Fitting,gdrom,1036,49.5,88.2,0.7392124951959227,0.608532955316359,-0.1,0,0.7550757587296355,0.2225972318412296,0.7660292885697088,0.37038787581357363
fitted,Fitting,h06,1036,200,92.9,-0.23177591451680302,0.2659126652296262,4.7,1,-3.002097136759332,0.13703705696789203,0.0687734944064312,0.16422582948410258
fitted,Fitting,natlake,1036,77,88,0.7159212588550805,0.3681466068545911,-0.6,-0.3,0.40645484655399844,0.2246796041760034,0.5217718073205985,0.24213944860105954
fitted,Fitting,rulebasedloc200,1036,202.6,101.5,-0.049861098136660065,0.3050689459139163,15.4,-0.3,-3.104414375881083,-0.03067756551663714,0.12953136194372328,0.12450576418803337
fitted,Fitting,sdp,1036,528,142,-0.21007248744829776,0.17500144600793532,75.2,-4.1,-26.879597702885498,-1.016512676007383,0.010752768008040764,0.04503205743297184
fitted,Fitting,starfit,1036,53.4,77.1,0.7744303014568023,0.4789801383675899,-1.3,-0.2,0.7145826358439689,0.4049693106622111,0.7231376673931252,0.4050663786421802
default,Evaluation,gdrom,1042,35.2,81.8,0.8976867692199488,0.599417183845792,2.8,-0.3,0.8762882025685305,0.33044571226928277,0.9091472936457842,0.388411957482059
default,Evaluation,h06,1042,117.4,98.2,0.37174729935081896,0.05540005335925802,6.3,-0.3,-0.3786213075983822,0.034843632053447204,0.49749280745602725,0.06375406053672579
default,Evaluation,natlake,1042,155.4,81.6,0.7207365105963806,0.37791082373608986,-23.2,0.8,-1.4151210809225794,0.3343172919650116,0.7584339101080562,0.3358185013987395
default,Evaluation,rulebasedloc200,1042,185.3,122.4,0.05754445802261321,0.29771602373920314,16.8,-4.9,-2.434176744606088,-0.4983485568520989,0.297158899483524,0.09173207329675571
default,Evaluation,sdp,1042,377.1,247.1,-0.3766513156517466,-0.6439491473801422,57.2,-0.7,-13.223854629637719,-5.105827447313702,0.05033478221792393,0.017818318475626673
default,Evaluation,starfit,1042,39.3,79.6,0.8256897166852537,0.4133849029411826,0.7,0.1,0.8454742217249833,0.365714499345394,0.8539229027478586,0.36738401466152504
default,Fitting,gdrom,1042,100.3,99,0.5117010563433408,0.435815083458862,0.3,-0.1,-0.005911666140044236,0.019825345962679708,0.46843167794955987,0.2020662506040738
default,Fitting,h06,1042,244.2,114.8,-0.8505891134149848,0.0735880066453537,5.6,-0.3,-4.963997117159713,-0.3171751696945395,0.30572642683418116,0.015251589990878863
default,Fitting,natlake,1042,212.6,86.8,0.5231368786034072,0.33835166721133025,-22.4,2.1,-3.5186444685953706,0.24629657076749345,0.6348657882346314,0.2510233677052772
default,Fitting,rulebasedloc200,1042,332.3,110.8,-1.1670065412975568,0.2146284828319588,18.9,1.4,-10.04587838709814,-0.22726626824403606,0.10685027056294678,0.06036346412276681
default,Fitting,sdp,1042,513.8,208.3,-0.21633903333491422,-0.2939797013255867,57.3,-4.2,-25.40120847574796,-3.3411922468268296,9.195312601902123e-4,0.005856365934895103
default,Fitting,starfit,1042,55.3,82.3,0.8482602396008961,0.3688740961447572,1.6,0,0.6941148344473396,0.3225655643883809,0.7549631885557211,0.323435331857262
fitted,Evaluation,gdrom,1042,38.8,78.9,0.9272396912905991,0.6209168308456569,1.4,0.2,0.8496252756112648,0.37776779025519847,0.8624028420258107,0.4210887161706303
fitted,Evaluation,h06,1042,110.7,94.9,0.5158318973497875,0.19787420662069066,-5.9,-0.8,-0.2259778581792906,0.09978120142813474,0.3081304522143144,0.12703570104590148
fitted,Evaluation,natlake,1042,51.5,80.8,0.805620005993641,0.4204331107906023,-1.2,0.6,0.7347216431499111,0.34688499706358833,0.7404194221475979,0.34692647349833683
fitted,Evaluation,rulebasedloc200,1042,90.6,90.5,0.6628233126574089,0.4711410382654033,8.7,-0.6,0.17854779560059153,0.18056214528989267,0.506247522991434,0.261886128488532
fitted,Evaluation,sdp,1042,344.7,240.1,0.09063468934837637,-0.5851014264918655,52.2,-6.5,-10.883044653369002,-4.765718251838596,0.1545599823557422,0.021864597018122718
fitted,Evaluation,starfit,1042,47.4,80,0.7488616333427944,0.48644848156752896,-1.8,0.3,0.7750333689084056,0.3605624551572394,0.8042992941572027,0.3652331335182138
fitted,Fitting,gdrom,1042,56.7,79.5,0.8293080116234023,0.6216185018574496,2.2,0,0.67875290659285,0.3675248132066429,0.773223235068822,0.4167714374987355
fitted,Fitting,h06,1042,219.4,100.2,-0.5018258802217246,0.1564411493130735,-3.1,0.9,-3.816152182990346,-0.004699521417394825,0.16082880731342425,0.07724034020783695
fitted,Fitting,natlake,1042,76.4,87,0.658900543205949,0.34384061120895126,-0.6,0.2,0.4161242468030698,0.2421444115736775,0.6450703436204929,0.24834497639728617
fitted,Fitting,rulebasedloc200,1042,193,102.2,-0.25590939782061906,0.277642197943442,5.3,0.5,-2.724720334991105,-0.04494538404617088,0.23684012590923081,0.11010956582420021
fitted,Fitting,sdp,1042,490.3,198.8,0.03994635061962748,-0.21924352066595443,54.8,-4.2,-23.039128007652945,-2.9525756717702976,0.08126866811894229,0.007365213734172663
fitted,Fitting,starfit,1042,41.9,82.4,0.7913112463905475,0.4289990367797061,-1.5,0.2,0.8246542487476157,0.32044340411590244,0.8568710697125321,0.3236581207223821
default,Evaluation,gdrom,1048,73.9,45.7,0.7441568794340299,0.8817198644344463,-11.1,0,0.4531991713459943,0.7909510803475889,0.6971543652313021,0.7947310440066077
default,Evaluation,h06,1048,518.3,69.6,-2.1832216296679037,0.7178718184424742,111.5,2.3,-25.866011168966917,0.5157729677702857,0.20419570476500903,0.5429340197198387
default,Evaluation,natlake,1048,593,71.5,-1.2923392222894061,0.7530700301519939,165.3,0.6,-34.175032966608065,0.48847994036184894,0.324416383030109,0.5826104139965511
default,Evaluation,rulebasedloc200,1048,636.8,74.7,-3.0300436115909424,0.7309970020571235,136.4,2.8,-39.56218914525576,0.44208218883922856,0.16352467673670182,0.5577403181813414
default,Evaluation,sdp,1048,910.2,69.7,-1.9530674625901536,0.7312952196967757,270.1,-0.5,-81.87106865293966,0.5142721199179157,0.06319410549518993,0.6586314047560856
default,Evaluation,starfit,1048,73,53.6,0.7029754889815824,0.8239519231229362,-2.3,-0.2,0.4673393753099019,0.7121455241323285,0.6480745264405919,0.7166575059029116
default,Fitting,gdrom,1048,78,50.2,0.7566262025410346,0.8647702042217383,-11.7,0.1,0.39116436904632224,0.7484431840709327,0.6269245468825331,0.7570013282014563
default,Fitting,h06,1048,496.1,61.9,-1.2405942804150878,0.7975280763037154,118.4,-0,-23.62041158085478,0.6172955452533646,0.08284090326693344,0.6424229865394663
default,Fitting,natlake,1048,582.4,68.3,-0.9243025800216855,0.7702783339235557,156.9,-0.9,-32.925013700197475,0.5328800113836067,0.21568210186887823,0.6249188735984061
default,Fitting,rulebasedloc200,1048,630.9,72.4,-1.6585945255673535,0.7358221467550692,157.5,-1.3,-38.80543783530504,0.47567216341973184,0.04034754360047604,0.6098341197632011
default,Fitting,sdp,1048,777.2,75.3,-1.4042223946908958,0.6953510452436715,216.9,-1.4,-59.421922694699326,0.4327349458643729,8.12162094261544e-5,0.6180702598205561
default,Fitting,starfit,1048,92.1,52.8,0.6109687616419655,0.815248350031603,-8.2,0.1,0.15111325623781113,0.7209911918877208,0.5246309067398061,0.7227392784201284
fitted,Evaluation,gdrom,1048,63.4,47.9,0.7970950961122889,0.8803182436151451,8,0,0.5974749651495841,0.7705290716582046,0.6814478621222623,0.7792332108336596
fitted,Evaluation,h06,1048,89.4,54,0.5816450420998722,0.7894566607562552,4.3,0.3,0.20064180638825102,0.7078636963056493,0.34591339619990774,0.7082599354221731
fitted,Evaluation,natlake,1048,109.6,50.7,0.25955897704783715,0.8406969692195239,-3.1,0.4,-0.20097382209541004,0.7429566761163248,0.6411648196852289,0.7458876739219951
fitted,Evaluation,rulebasedloc200,1048,455,67.4,-1.638523577341561,0.7786541473940075,99.5,0,-19.70929775899153,0.5450852425370161,0.16799489613165464,0.6133098914896308
fitted,Evaluation,sdp,1048,898,70.2,-1.85779605871434,0.7290339276320055,265.7,-3.1,-79.66139296337724,0.5074149791850491,3.32427668443039e-5,0.6527422493531898
fitted,Evaluation,starfit,1048,92.6,56.8,0.5611850831434582,0.8071502131484045,13.4,-0.3,0.14159260782765815,0.6775030537515931,0.658392488792072,0.6849113626137515
fitted,Fitting,gdrom,1048,70.6,49.5,0.6958474542574277,0.8786244580271185,-2,0,0.5013692678820537,0.7552785249379501,0.5271473976620105,0.7742456885640407
fitted,Fitting,h06,1048,146.2,57.7,0.17126653587482443,0.7678155399425117,5.8,-0.2,-1.138775985816694,0.6666316052628938,0.05325412440245795,0.6681674650418933
fitted,Fitting,natlake,1048,97.9,43.9,0.4260980724824581,0.8760141399174997,-0.3,0.1,0.04146575318275325,0.8071331337826348,0.6056657005875428,0.807995659628978
fitted,Fitting,rulebasedloc200,1048,428.2,61.9,-0.9430684105990343,0.8003132597580769,100,-1,-17.339683209217053,0.6165802408083139,0.08910776413576141,0.6926087522715355
fitted,Fitting,sdp,1048,776.7,75.1,-1.3992573769008647,0.6968526303389576,216.7,-1.4,-59.3428071968205,0.43545881881738513,1.7317495637570677e-4,0.6189731924544618
fitted,Fitting,starfit,1048,108.3,55.3,0.40103225955864064,0.7896454029742253,5.3,-0,-0.17374531816467087,0.6946595754810898,0.5148366584071659,0.6959722515450685
default,Evaluation,gdrom,1050,54.2,80.2,0.7074948214450342,0.5921918775602781,13.6,-2.4,0.7057884149538497,0.3573857967968691,0.8602008219620431,0.3972518070350849
default,Evaluation,h06,1050,449.6,101,-1.5001567344547961,-0.06802323200762883,155.2,10,-19.22022070211123,-0.021278634292679843,0.8808477298608949,0.023351313646814174
default,Evaluation,natlake,1050,95.1,87.9,0.5957055459747231,0.23200967381569138,31.5,-2.6,0.09577966301645902,0.22773404403196584,0.8563928065955818,0.2297956810274499
default,Evaluation,rulebasedloc200,1050,752.9,95.2,-1.9331662707040675,0.541262085002419,291.1,4.8,-55.70581437365362,0.09284063367485562,0.8546955774281862,0.29579978193478296
default,Evaluation,sdp,1050,518.3,101.5,-1.8592954954262217,-0.03149831025687444,179.9,20.3,-25.869819074176977,-0.030027817430793302,0.8813126077664367,0.03266349149789788
default,Evaluation,starfit,1050,40,81.6,0.8813915802794652,0.41092702377021106,-5.5,-2.1,0.8396345614769242,0.33468407891678453,0.859965300554872,0.3349092250208576
default,Fitting,gdrom,1050,93.8,72.1,0.35047408248038847,0.6922217129474588,10.4,-0.2,0.12023423736494743,0.4803455051463602,0.4372320989669236,0.5099268232679312
default,Fitting,h06,1050,954.6,95.4,-1.953419502930485,0.3806869091302756,181,1.2,-90.15059921040354,0.09029155765041619,0.4651761330688175,0.18870970486235147
default,Fitting,natlake,1050,266,83.3,-0.09098716199787393,0.3220508436647669,44.8,-1,-6.07494383042655,0.30559027606034306,0.5435154565560192,0.310645561927631
default,Fitting,rulebasedloc200,1050,1141.8,91,-2.3531576290515863,0.5529119687271928,217,-12.1,-129.4004071537448,0.17127449164779862,0.19618801276459474,0.32699688989964804
default,Fitting,sdp,1050,828.5,95,-3.404413263264301,0.31669174843342685,135.9,-7.4,-67.6459033127598,0.09753824772228059,0.3713559646838362,0.16677384399230538
default,Fitting,starfit,1050,123.5,75.7,0.31759560643128615,0.4766321182210854,9.3,0.9,-0.5258007301869627,0.4266038832221769,0.5055740744018755,0.4289842522681132
fitted,Evaluation,gdrom,1050,85.1,78.1,0.516470808778945,0.42514529136508017,-26.6,14.7,0.2750665702520363,0.3898898851046887,0.9349216308126846,0.39796497509234846
fitted,Evaluation,h06,1050,138.7,109.9,-0.07979552857366823,0.008413852506545916,1.9,4,-0.9236428829797363,-0.20851636579722865,0.6526260696255796,0.011148352761483958
fitted,Evaluation,natlake,1050,48.4,80.5,0.7457470339732775,0.44302621547418564,-5.7,-1.8,0.7661469228594491,0.3518123989615335,0.8023927615256942,0.35256064026153705
fitted,Evaluation,rulebasedloc200,1050,511.7,90.4,-1.12004416107444,0.29374680963479793,188.1,-18.9,-25.1926292175982,0.18289567536646556,0.19968639299088806,0.20974960075619498
fitted,Evaluation,sdp,1050,304.5,98.2,-0.9132449030857381,-0.1639234246497019,87.8,3.3,-8.273318727566556,0.03525920577718722,0.5709320952473981,0.036219946113825466
fitted,Evaluation,starfit,1050,42.3,82.3,0.8316904052318701,0.3979083499721513,-2.3,-1.6,0.8208195071841192,0.32281163669699553,0.8268941536769644,0.32303067439576366
fitted,Fitting,gdrom,1050,112.4,69.8,0.4692883951487272,0.5831191128607291,-14.3,2,-0.26318897077273795,0.5120518021502007,0.6848417654093472,0.5126756934234074
fitted,Fitting,h06,1050,459.7,106.8,-2.4051890701460934,0.02536319528856612,51.4,5.1,-20.13811039708547,-0.1407490474808415,0.3993782898845329,0.020075033245862583
fitted,Fitting,natlake,1050,73.7,75,0.7232817889047851,0.49790504808420843,-1.6,1,0.4562582329395116,0.43671626931170393,0.6135243695787632,0.43782577876436324
fitted,Fitting,rulebasedloc200,1050,929.7,81,-1.3653612942188489,0.5955558253899531,178.6,-9.4,-85.44946898086518,0.3442192839660877,0.15812201014210736,0.40016164512174807
fitted,Fitting,sdp,1050,585.6,97.3,-3.6690005536968355,0.17048753631209967,56.9,1.9,-33.29910683140598,0.052418065986294726,0.3348121159921061,0.09948629329896062
fitted,Fitting,starfit,1050,104,74,0.5130878338309092,0.4973348231763176,7.9,0.5,-0.08184993780944261,0.45247518902628514,0.5255257880152046,0.45595509517626426
default,Evaluation,gdrom,1053,66.3,44.1,0.7582845331176868,0.865665895633689,-3,0.1,0.5600737480445418,0.8052650303783613,0.5960870460637819,0.8055107776074192
default,Evaluation,h06,1053,419,64.7,-0.9369747435447815,0.6710136721959146,92.7,1,-16.564419269914445,0.581257762655813,0.0883162480758786,0.5814085982985732
default,Evaluation,natlake,1053,592.9,70.3,-0.9532424363408094,0.7600578810848109,153,0.3,-34.16386676245653,0.5060057129297776,0.1422512261124821,0.5832974538491317
default,Evaluation,rulebasedloc200,1053,579.2,71.5,-2.345811717979267,0.7431422434688891,116.4,0.9,-32.55335056962196,0.48883819196454326,0.0661326877546224,0.5525367847223324
default,Evaluation,sdp,1053,764.7,70.9,-1.4209127494474059,0.7546963436735838,206.5,-0,-57.48663909314968,0.49695525676459795,0.02978078435440357,0.6016488233768174
default,Evaluation,starfit,1053,92,51.6,0.5622238632811918,0.7692988451201254,-5.5,0,0.15398080817698523,0.7331850951694764,0.5615340579602924,0.734647726121422
default,Fitting,gdrom,1053,68,47.2,0.7763801883678235,0.848325071669197,3,-0,0.5376589240329861,0.777159741909895,0.6076645314089918,0.7776889643213346
default,Fitting,h06,1053,381.7,58.4,-0.5357853099862606,0.7197399510800673,94.1,-0.4,-13.575536626402117,0.6592088500024831,0.1174666624988977,0.6596247983124129
default,Fitting,natlake,1053,605.2,65.1,-0.9367658358612279,0.7910882179454554,165.7,-0.9,-35.63494713241618,0.5766249864681079,0.11172798382450691,0.6271632084583231
default,Fitting,rulebasedloc200,1053,584.8,66.6,-1.8749713423396552,0.7760452765486883,137.4,-0.9,-33.20139921446912,0.5566042197671561,0.05735931883536591,0.6027741488365276
default,Fitting,sdp,1053,745.8,64.1,-1.3397430616378192,0.7978120771612173,210.1,-0.9,-54.63529393542006,0.5887547672710816,0.0010398983762899732,0.6550039297578311
default,Fitting,starfit,1053,101.1,49.7,0.4883989260883228,0.7826574739904884,-1.5,0,-0.022650997695530917,0.7528739018635078,0.4900411089778598,0.7546285337624521
fitted,Evaluation,gdrom,1053,61.3,48,0.7514955805469639,0.8595022498933672,-5.9,0.1,0.624717589077311,0.7693985712313088,0.6725927832869176,0.771963403531645
fitted,Evaluation,h06,1053,180.6,62.6,-0.04285762741460197,0.6812973181635893,11.8,0.1,-2.2610771815228246,0.6077908703389288,0.07251963329349444,0.607890057990821
fitted,Evaluation,natlake,1053,148.9,48.6,-0.01850308794981692,0.798650157263492,-7.5,0.3,-1.2183016126872044,0.7634412976410725,0.4820940105101552,0.7644444066118217
fitted,Evaluation,rulebasedloc200,1053,369.7,64.2,-1.0148937047446909,0.7840461324810154,72.1,-0.7,-12.67376587525586,0.5874423658213914,0.13130896030040964,0.6192964481009839
fitted,Evaluation,sdp,1053,759,71.5,-1.3437302927526216,0.7521958504892604,204.9,-1.4,-56.62817890041812,0.48802395877664206,0.005289433802229179,0.5873833097296113
fitted,Evaluation,starfit,1053,81.1,52,0.709244540722587,0.7740011642899842,-7.2,0.1,0.341668793023745,0.7299549234589472,0.5466062164882307,0.7307416085060712
fitted,Fitting,gdrom,1053,58.5,43.3,0.8261868282182879,0.8695377833698821,-0.9,-0,0.6580724680155596,0.8127018356274133,0.6840368083086561,0.8128646583112065
fitted,Fitting,h06,1053,184,62.8,-0.05253659923193599,0.6815481160885659,15.2,0,-2.3863780760730835,0.6055587923716645,0.06672491183728216,0.6056040284737351
fitted,Fitting,natlake,1053,138.1,43.7,0.05188987390451716,0.8215106820425919,0.1,-0.1,-0.9088786159800046,0.8089422554012249,0.508534206515822,0.8113534336995315
fitted,Fitting,rulebasedloc200,1053,357.8,56.7,-0.7246204979172011,0.8319017542593184,80.2,-0.6,-11.807929617145989,0.67871587783226,0.14730774812092318,0.696889246353901
fitted,Fitting,sdp,1053,744,64.1,-1.3284745583820836,0.7982802849518517,209.6,-0.9,-54.369667642987956,0.5896300607511483,0.0017886074602404148,0.6553550499886986
fitted,Fitting,starfit,1053,90.2,49.9,0.6124450858837777,0.7810790031125766,-3.1,-0,0.18703351254855416,0.7508325488050708,0.4947655126587101,0.7525792711786031
default,Evaluation,gdrom,1060,69.1,71.1,0.7951357328588449,0.7049526054680719,2.7,-0.4,0.5226633615196449,0.4941643293556156,0.6375878363819396,0.5239156501066742
default,Evaluation,h06,1060,442.3,103.5,-2.5259824256617036,0.14239896852638367,18.2,3.6,-18.57009071799907,-0.07054811736272049,0.23385617832124037,0.0585585939062448
default,Evaluation,natlake,1060,167.5,77.4,-0.3118212305864039,0.40781333689894006,2.5,0.9,-1.806662923452977,0.40140932038821153,0.579890001471701,0.41537803790905986
default,Evaluation,rulebasedloc200,1060,529.7,103.4,-1.0746000550932586,0.49509307594014573,49.4,0.8,-27.07059642132986,-0.07017504509377437,0.1181240568667661,0.24928920128924734
default,Evaluation,sdp,1060,824.1,134.8,-0.32266774946680443,0.28061619692483153,89,-0.5,-66.92521014634157,-0.8171076843155625,0.3573530340452522,0.2145111122226865
default,Evaluation,starfit,1060,92.2,67.8,0.5983257675963983,0.5309192246176584,2.2,-0,0.15012574777319398,0.5407560095917961,0.5114834078519054,0.5622625034975964
default,Fitting,gdrom,1060,77.2,80.2,0.6881305016744661,0.6366562342583921,1.2,-0.2,0.40340550465044833,0.3561556517782253,0.48105863352862777,0.42157285848514614
default,Fitting,h06,1060,476.2,111.6,-2.2241718981721985,0.1171002681769776,27.5,-3,-21.676875299015496,-0.24565559367774803,0.18191125019233667,0.029489696072292338
default,Fitting,natlake,1060,195.3,85.8,-0.38174239459393466,0.36397910658378907,7.9,-0.4,-2.8134637432029916,0.26419144084613033,0.5125120086852544,0.2686150174715125
default,Fitting,rulebasedloc200,1060,655.8,101.5,-0.26638859005921733,0.48201132697599125,61.8,-2.7,-42.01054517783339,-0.030370314211247473,0.182416502564846,0.2330573713668782
default,Fitting,sdp,1060,857.8,134.2,-0.3243533155565199,0.28916862667359733,83,-3,-72.59348399553389,-0.801080540617823,8.109900095103977e-5,0.16045079575143661
default,Fitting,starfit,1060,83.5,71.2,0.6341657928335915,0.5090685915320909,1.8,-0,0.3029982488047156,0.49269804841547604,0.5991447135140345,0.5039114513123112
fitted,Evaluation,gdrom,1060,66.6,61.1,0.7865292292257877,0.7546930435973251,0.9,-0.2,0.5557996486435464,0.6262048948093417,0.6277474558507704,0.6313101657302156
fitted,Evaluation,h06,1060,186.1,77,-0.10252823008044021,0.49509060801020477,-3.7,0.4,-2.46456409939869,0.40709886062710376,0.07055372455978229,0.4072033817479727
fitted,Evaluation,natlake,1060,115.4,66.6,0.2370300520589277,0.5442333045050793,-4.9,0.6,-0.33260310842749097,0.5565044818780511,0.6954497501663238,0.5785511908968113
fitted,Evaluation,rulebasedloc200,1060,324.8,78.7,-1.0418125005924659,0.5880109947158184,19.2,-1.8,-9.552940082523769,0.3799881857927143,0.1344651441062655,0.407433404384597
fitted,Evaluation,sdp,1060,793.7,131.3,-0.09512303054461557,0.3104031731081638,85.6,-5.8,-62.00738794727381,-0.7237581961900286,0.14435713333592043,0.2047193263115336
fitted,Evaluation,starfit,1060,96.1,70.1,0.5930069739587444,0.5416774633613886,3,-0.1,0.07663266648540623,0.507893740246826,0.48185674112514176,0.5138577143840015
fitted,Fitting,gdrom,1060,66.8,73.6,0.7294082925503702,0.665715776319765,0.9,-0.1,0.5540753672401155,0.45810964516689634,0.5769251357457083,0.4849361225715703
fitted,Fitting,h06,1060,218.3,78.8,-0.2879388094333668,0.4651066924931333,9.2,-0.1,-3.7681175665511493,0.3795635654732996,0.1471157267941283,0.37969034072892716
fitted,Fitting,natlake,1060,125.7,73.1,0.12560994149485172,0.49851483356851634,-1.6,-0,-0.5815062066160472,0.46487261776770705,0.596002426879769,0.47085650218934844
fitted,Fitting,rulebasedloc200,1060,377.5,80.8,-0.03808263021018421,0.613372146784981,33.5,-1.8,-13.255478454892701,0.3477389426929475,0.24622687761178597,0.40392492938612157
fitted,Fitting,sdp,1060,846.1,131.9,-0.23641354727104624,0.30593695161389656,81.9,-3,-70.60531234907998,-0.7412533812631248,0.00811796694717896,0.16433201365195166
fitted,Fitting,starfit,1060,81.6,72.8,0.6739661072729382,0.5186915420925655,1.8,-0,0.3346576388287513,0.47040486859536246,0.5788719459115134,0.47337900166898217
default,Evaluation,gdrom,1067,25.9,73.6,0.9603897680063397,0.6836702099276739,-0.2,0.3,0.9331370018177241,0.4575481709958532,0.936592702075776,0.49358640089456046
default,Evaluation,h06,1067,206.5,125.7,-0.3933577435130846,0.012938314092466152,6.7,-0.9,-3.265278543067323,-0.5801828058453935,0.28746715524907895,0.0011676107414822798
default,Evaluation,natlake,1067,366.7,82.5,0.5238083814980876,0.33654727167102394,-38.5,2.4,-12.45191978608394,0.31872842714757443,0.6961808778354862,0.3247384300442106
default,Evaluation,rulebasedloc200,1067,284.8,149.5,0.5147813297791054,0.15097100275040132,28.8,0.3,-7.115402314214608,-1.2356318145347034,0.3762158165455637,0.056846900213724294
default,Evaluation,sdp,1067,417.9,280.3,0.23246249013625608,-0.9394046000718401,43.8,-0.2,-16.46819050586037,-6.860113543475712,0.42318377819851793,0.008801514724143644
default,Evaluation,starfit,1067,38.8,75.6,0.8919401617621999,0.476815828902572,0.3,0.9,0.8491523924179767,0.4281790578743896,0.8502167809287902,0.43081888157511666
default,Fitting,gdrom,1067,43.7,84.6,0.8713077219615185,0.5834181363535332,0.5,-0,0.8085930295021582,0.28363837842153916,0.8134878897670801,0.36134060266637996
default,Fitting,h06,1067,269.2,99.9,-0.9854366944100523,-0.2166100357252998,-2.5,-1.2,-6.249106073910771,0.001655825234240016,0.14218859591548358,0.009434311780544765
default,Fitting,natlake,1067,527.1,88,0.2576945975069679,0.2939019224265548,-39.8,5.3,-26.78514355968528,0.22492740600574457,0.5816600513961409,0.22949184784133486
default,Fitting,rulebasedloc200,1067,402.7,107.2,0.22787196026843148,0.3397828625108519,29.3,-5.2,-15.215687042372767,-0.14945813402542196,0.2515956794892725,0.12511117560966342
default,Fitting,sdp,1067,620.3,204.2,0.24032388610828825,-0.2651043904293915,47.2,-6.3,-37.48445901745052,-3.1710897791731503,0.18237975619062952,0.0203148993354565
default,Fitting,starfit,1067,47.4,81.2,0.8918737190001779,0.39102691339651285,0.7,-0.3,0.7750843546649464,0.3408057505557873,0.7963477475710474,0.34170287854373144
fitted,Evaluation,gdrom,1067,47.2,75.1,0.8947614523942399,0.5935189330841586,-2.6,0.5,0.7773244137376337,0.43633259650069844,0.8558792265005762,0.4459584524306319
fitted,Evaluation,h06,1067,203.3,119.8,-0.43397441793807645,-0.006460680411870312,3.3,-0.7,-3.1355651433906013,-0.43592325213321703,0.28317085458202146,0.0015327866196304973
fitted,Evaluation,natlake,1067,79.6,83.5,0.6192187222025944,0.2993373279870267,1.4,1.1,0.36590500561604733,0.3024658183234721,0.653249706570456,0.31362788067468417
fitted,Evaluation,rulebasedloc200,1067,112.4,110.1,0.5857480314736068,0.35628170024723815,6.4,-2.4,-0.26449891057032926,-0.21151537801969278,0.3943754447769701,0.12909085030200085
fitted,Evaluation,sdp,1067,307.2,215.3,-0.014197750989795477,-0.3494853261787667,28.1,-6,-8.438363463589491,-3.634775759991813,0.2664784684897123,0.002938733742879467
fitted,Evaluation,starfit,1067,308.6,98.8,-1.1366706860006763,0.07623418316483,-9.6,0.8,-8.523526548389285,0.023114392032706044,0.0368098182992751,0.06422135416674575
fitted,Fitting,gdrom,1067,61.4,81.3,0.8785993965739235,0.5619420470959446,-2.9,0.1,0.6234691277625181,0.33839398265646115,0.7788232850051889,0.3734570442868435
fitted,Fitting,h06,1067,275.7,99.8,-0.9427714414509427,-0.20647564979881805,-6.6,-0.9,-6.6022427189356065,0.0035807843722885924,0.15318645144120308,0.011031302891518638
fitted,Fitting,natlake,1067,101.3,87.7,0.40624547578786363,0.207328022592424,-0.3,-0.3,-0.026829411238057155,0.2301067380492462,0.5840754234282919,0.23914337028573154
fitted,Fitting,rulebasedloc200,1067,160.3,99.1,0.3474073757979763,0.38752257435727144,7.9,-2.3,-1.569723845834404,0.018663926200327974,0.3110751605816579,0.17441556437919556
fitted,Fitting,sdp,1067,515.3,149.4,0.22048798861242735,0.09706777910384878,38.4,-6.2,-25.55353699898104,-1.2328743899600991,0.28210111463992027,0.01830284472880031
fitted,Fitting,starfit,1067,698.1,97.1,-4.789106743856316,0.11254069408225564,-16.6,16,-47.75003840663538,0.057192463970405116,0.02497262440255558,0.09920279306127565
default,Evaluation,gdrom,1077,55.7,54.2,0.8241547785869855,0.8375831534929334,3.9,-0.3,0.6901581420779781,0.7057900024737782,0.7790481793884533,0.7161089457975028
default,Evaluation,h06,1077,367.5,104.1,-2.1450018596956686,0.37119031242843514,7.9,7.2,-12.511248989944532,-0.08321666932969318,0.33753313612276453,0.1511930865662768
default,Evaluation,natlake,1077,163.6,72.9,-0.3406772351169085,0.5518314581107008,-2.5,1.5,-1.6783324688662122,0.46804909234503966,0.6564042307246435,0.46813353943126784
default,Evaluation,rulebasedloc200,1077,437.8,88.4,-1.0793871961446562,0.5273122243883515,46.6,0.1,-18.17366443801953,0.21796602012991206,0.2559251606929875,0.3052214487507008
default,Evaluation,sdp,1077,716.4,127.5,-0.13942338101816976,0.3369761625841601,94.4,-1.9,-50.332306860287474,-0.625754489831607,0.4260754772101578,0.24808072727288596
default,Evaluation,starfit,1077,60.1,60.1,0.8210799946017323,0.6987210708959608,2.2,-0.9,0.6382360938108785,0.638679662412612,0.7273439127994195,0.6393003145597435
default,Fitting,gdrom,1077,63.2,58.8,0.8063133485593651,0.7939459196880925,-0.8,-0.2,0.6005198584823267,0.653955501153201,0.6564655715153193,0.663211839815955
default,Fitting,h06,1077,379.2,105.6,-1.3724468528372364,0.46953211063830835,28.4,1.1,-13.380704838411614,-0.11497150144836699,0.2325234041668083,0.22315526973729405
default,Fitting,natlake,1077,202.3,77.5,-0.5067456789984606,0.5928584406211229,8,0.1,-3.092297732089061,0.39965192691483997,0.4971299936503203,0.42081888474228
default,Fitting,rulebasedloc200,1077,515.8,94.6,-0.3594619439393587,0.5880892001054427,56.9,-0.7,-25.60719271031749,0.10537990585952572,0.11953901221713095,0.3649860331515412
default,Fitting,sdp,1077,655.6,126,-0.24077149326888891,0.35391347564437226,77,-2.5,-41.98773706091931,-0.5872049364657941,0.01258441364934061,0.21962331741205746
default,Fitting,starfit,1077,76.1,64.6,0.6273221526537089,0.6785681642117078,-0.3,0.1,0.4213074675327293,0.5825175561878886,0.677028202438736,0.5828755858283081
fitted,Evaluation,gdrom,1077,50.6,53.8,0.8422251938475663,0.829701304330297,1.5,0.5,0.7442229087953829,0.7109325954475751,0.8068734780870891,0.7171594209199231
fitted,Evaluation,h06,1077,263.1,66.4,-0.1131762081124712,0.6153152049176422,-26,1,-5.9229960758252576,0.5589909034387166,0.17314443269236005,0.5606142417041903
fitted,Evaluation,natlake,1077,123.7,59.2,0.17228502292853043,0.6568169719033573,-8.4,1.5,-0.5295775131892138,0.6497536272028909,0.7612580275172134,0.6596389975245432
fitted,Evaluation,rulebasedloc200,1077,259.1,75.2,-0.5604314638219328,0.6517608813706282,21.2,0.4,-5.716530994240102,0.4336971005042829,0.3828045792765941,0.4649025751899959
fitted,Evaluation,sdp,1077,634.8,113.8,-0.05709599973632429,0.4444456203896161,82.4,-7.1,-39.31281455800389,-0.2945744265322736,0.23242594000740316,0.26911987040712093
fitted,Evaluation,starfit,1077,79.4,61.2,0.8070485247636123,0.6806228780904144,7,-0.9,0.3688410335670297,0.6254157510377782,0.7094568495712655,0.6265579603177766
fitted,Fitting,gdrom,1077,37.4,58.5,0.9063481838950563,0.8260271287784886,-0.8,0,0.8601759650963632,0.65723036458355,0.865278028003957,0.6830885429420555
fitted,Fitting,h06,1077,302.4,76.5,-0.5791347659594119,0.5723680237383186,23.7,1.5,-8.14399167110077,0.4145036384925298,0.11771809358968194,0.42473694743146634
fitted,Fitting,natlake,1077,126.5,58.3,0.09588385805332544,0.6991704815239497,-3.3,0.2,-0.6009289450755237,0.6598767725767805,0.6427493045506988,0.6624004301283456
fitted,Fitting,rulebasedloc200,1077,307,65.8,-0.20246885523709346,0.781076531908893,29.4,-0,-8.425698635862469,0.5671392970023861,0.1872249756442738,0.6104749797911431
fitted,Fitting,sdp,1077,637.5,122.1,-0.05758414622722441,0.3841101245957911,74.9,-2.5,-39.652578875104815,-0.4909167024272785,0.09868350795441602,0.23202759669249506
fitted,Fitting,starfit,1077,84.1,61.7,0.5909503782095147,0.6639773541694467,3.2,0,0.29284461510285476,0.6187102394112016,0.6638485926865602,0.6210999441987145
default,Evaluation,gdrom,1078,2171.5,11.4,-16.08196311046486,0.99157992810691,-19.3,0,-470.67301518481423,0.9870690811109044,0.018277062538526123,0.9872099308756982
default,Evaluation,h06,1078,4301.9,37,-21.24497628394935,0.9053093058525311,-59,0.1,-1850.1272270803986,0.8633640537689926,0.006757559408617735,0.8634275452187079
default,Evaluation,natlake,1078,412.9,9.1,-0.4516901095843746,0.9936905523432975,5.6,0,-16.0556038720975,0.9916403995700253,2.035693119549164e-5,0.9916406930232546
default,Evaluation,rulebasedloc200,1078,1362.8,12.2,-11.4910823829849,0.9898707625511498,1,0,-184.76086013243017,0.9850340069251756,0.020140616059414942,0.9850346118312326
default,Evaluation,sdp,1078,417.1,9.1,-0.2754059700906548,0.9940771478613285,6.6,0,-16.400625370142933,0.991703582129041,0.012937231337884698,0.9917036038391486
default,Evaluation,starfit,1078,1781.5,14,-14.665787376946803,0.9789274121718062,-10.3,1,-316.4601647473545,0.9802861460496992,2.526247357185929e-7,0.9803882690251504
default,Fitting,gdrom,1078,634.3,10.9,-3.9112291515293096,0.9928577562115263,-6.5,-0,-39.24301188757093,0.9881103899551756,5.289003123958222e-6,0.9882087722693491
default,Fitting,h06,1078,2502.7,36.1,-12.024369377153377,0.9113668467335798,-56.9,0.2,-625.463710141638,0.8696638449788204,0.04408373019001576,0.8697627747108375
default,Fitting,natlake,1078,264.2,9,-0.21643084751677955,0.9948947528835241,6.7,0,-5.983134500337629,0.9919120952630305,6.345546121788307e-4,0.9919129906739704
default,Fitting,rulebasedloc200,1078,265.7,9,-0.27610519091247343,0.9949724694233045,6.8,0,-6.0622821738989146,0.9919490712528719,0.0010044411532804923,0.9919501357274271
default,Fitting,sdp,1078,268.4,9,-0.3633740960291021,0.9950580158107619,6.9,0,-6.204499795478887,0.9918508584159997,2.0485563682790366e-4,0.99185253998789
default,Fitting,starfit,1078,597.3,11.8,-3.843921940503619,0.9900736911465313,-3.2,0.1,-34.686557963145496,0.9860601963183535,0.0018287330513838602,0.9860605769754296
fitted,Evaluation,gdrom,1078,618.3,11.6,-4.054239307839275,0.9905637428912589,-2.7,-0,-37.2423795290239,0.9866067319413125,0.009393734682196456,0.9867848099912424
fitted,Evaluation,h06,1078,4145.6,37,-21.604731194178804,0.9041452342909102,-55.6,0.1,-1718.0874378109672,0.8633387414035097,0.007587479637420488,0.8633784722768516
fitted,Evaluation,natlake,1078,475.8,9.4,-2.0718034625339223,0.9930660828296708,4.1,0,-21.648899589180154,0.9912208140672026,4.0342224699098217e-5,0.9912217380396804
fitted,Evaluation,rulebasedloc200,1078,2408.5,14.4,-20.837773472782157,0.9834723526202288,-11.9,0.2,-579.2493080386669,0.9791598290809023,0.01750181727729498,0.9791669814544329
fitted,Evaluation,sdp,1078,416.8,9.1,-0.26723872081837396,0.9940770146772843,6.6,0,-16.374036019523277,0.991699417581589,0.010109059907548096,0.9916994223173006
fitted,Evaluation,starfit,1078,812.2,16.3,-5.969968508414141,0.9763302855746925,-1.3,0,-64.98002851305412,0.9734275555593337,0.02211143539757239,0.9734658126618225
fitted,Fitting,gdrom,1078,411.2,12.1,-2.124922382316861,0.9889367719884029,-2.3,-0,-15.912798102790372,0.9854157293149359,0.006772126953919332,0.985659063444115
fitted,Fitting,h06,1078,2389.2,35.8,-12.184249001412898,0.9121006192452452,-52.7,0.1,-569.9271110566126,0.871568490612693,0.03645862755422822,0.8716468433173648
fitted,Fitting,natlake,1078,260,9.2,-0.05730347082099074,0.9944690473774009,6.3,0,-5.758820961366967,0.9915927662326551,4.8129123560047686e-4,0.9915931609222247
fitted,Fitting,rulebasedloc200,1078,250.3,9.5,-0.07857120141814788,0.9935574373950196,5.3,0,-5.268159714226663,0.9909704755269746,0.003936665544061761,0.9909704792469035
fitted,Fitting,sdp,1078,268.3,9,-0.3607437262575406,0.995057199629161,6.9,0,-6.201689092935105,0.991855347622271,2.4719631747267736e-4,0.9918570111363387
fitted,Fitting,starfit,1078,388.3,14.3,-1.8229932644909632,0.9829200012072391,1.8,0,-14.083653561022667,0.9796401488719694,0.008733213891290838,0.979652080949345
default,Evaluation,gdrom,1084,34.4,64,0.9340960485206773,0.7546955166520032,-2.5,0.2,0.8818605230987575,0.5908700047758833,0.8847299842824936,0.6048990771209335
default,Evaluation,h06,1084,462.5,132.1,-2.970910371780757,0.09907518755952116,346.2,2.6,-20.400303979080405,-0.7452187591214701,0.09484493328880335,0.009997357149022917
default,Evaluation,natlake,1084,400.6,117.5,-2.5759642359601624,0.3294509397717035,352.4,1.5,-15.048627139873094,-0.3809701187844927,0.38772930329484556,0.109103083799319
default,Evaluation,rulebasedloc200,1084,637.5,185,-4.80160166914951,-0.10954384367674219,576.3,-0.4,-39.65377992561982,-2.423861595048218,0.11267638811300325,0.02677454663888399
default,Evaluation,sdp,1084,726.3,228.8,-5.69988279729099,-0.4643470271073744,661.6,-0.6,-51.76509669329755,-4.238450099350643,0.0978978263967511,0.0056768550828089626
default,Evaluation,starfit,1084,42.4,71.4,0.7231188297525182,0.6498108738002238,-12,0.2,0.8200223909201705,0.4903250762507019,0.8660724081871369,0.5003813573424355
default,Fitting,gdrom,1084,36.7,60.1,0.889176429285042,0.7647120711028367,-3.7,-0.1,0.8654690681518371,0.6385805471543542,0.8887087510862539,0.6435335325428767
default,Fitting,h06,1084,510.4,157,-2.909695913170038,0.01906544793718401,329.3,-3,-25.053306813292355,-1.4666076899170215,0.1630283911890464,0.003283592392416556
default,Fitting,natlake,1084,495,128.6,-2.7519665043662713,0.26013649565835584,366.1,-3.8,-23.51101598582098,-0.6536909063725844,0.40046726325918297,0.0737792801783128
default,Fitting,rulebasedloc200,1084,806.3,187.6,-5.169341574648607,-0.13103065021618865,612,-4.9,-64.02682117312662,-2.5207738254805636,0.05042957243417721,0.03175463772675599
default,Fitting,sdp,1084,879.6,228.1,-5.75540362163513,-0.4585174079641794,668.7,-5.2,-76.3829546608342,-4.204517150180879,0.0023183193669459763,0.005554902505192971
default,Fitting,starfit,1084,38.9,70.5,0.7902925677932261,0.6637453287624071,-7.5,-0.1,0.8484201488522535,0.5031933171898497,0.8719725001323844,0.5136395936141643
fitted,Evaluation,gdrom,1084,19.8,56.5,0.9229814483277491,0.8379251230350756,-1.5,0,0.9608327374010318,0.6812011939374774,0.9641509697530471,0.7030768157122124
fitted,Evaluation,h06,1084,193,89.1,-0.5007606105991467,0.3644740627641626,136.2,-0.1,-2.7263706643175944,0.20547940877999615,0.1959189677260464,0.22983532659575806
fitted,Evaluation,natlake,1084,58.4,79.2,0.7271065452255625,0.5946991959406425,-8.9,0.1,0.658834876704947,0.37318390049429195,0.6682126178878501,0.40620186730507934
fitted,Evaluation,rulebasedloc200,1084,467.2,126.9,-3.0768901449844845,0.29097353074104915,387.1,-6.2,-20.830477013785465,-0.6096384946368831,0.07813480675066593,0.09575808448586613
fitted,Evaluation,sdp,1084,648.8,216.2,-4.825339725125598,-0.3584677544535262,572.3,-8.3,-41.11063692565727,-3.673396733740285,0.041816840545022944,0.004281696881653653
fitted,Evaluation,starfit,1084,45.2,73.4,0.6960289107297021,0.6490454548961734,-16.8,0.2,0.795800213389944,0.4607238155872412,0.857538462022218,0.47975487939126105
fitted,Fitting,gdrom,1084,14.3,42.6,0.9865382384483665,0.9041811220407097,-0.5,-0,0.9796393264014404,0.8185977022019326,0.9796957053886993,0.8232594639562922
fitted,Fitting,h06,1084,224.9,81.8,-0.5625590625663439,0.4028079176541667,137.5,-0.9,-4.058165923126949,0.3305206355002257,0.24396441932625165,0.33058720276263354
fitted,Fitting,natlake,1084,60.1,72.1,0.8174780677313537,0.6419091363766866,-2.8,-0.6,0.6389861662032235,0.4794978320995421,0.6717997939018427,0.4903236149275937
fitted,Fitting,rulebasedloc200,1084,646.3,130.7,-3.9403864261265946,0.3086427557800723,489.2,-4.1,-40.78091180637017,-0.7089954688823994,0.098240717807867,0.14473317834215293
fitted,Fitting,sdp,1084,862.7,222.4,-5.615841184000506,-0.40983515862896613,655.7,-5.2,-73.43584503714823,-3.9474974049330145,0.015221269891787037,0.005391385989803596
fitted,Fitting,starfit,1084,36.8,67.5,0.821457780669164,0.6778556463423229,-11.8,-0.1,0.8642874036988641,0.544301140529767,0.8922824300519109,0.5488903815605721
default,Evaluation,gdrom,1086,177.3,141.1,-0.3337732068439079,0.011019595836494145,102.3,-5.6,-2.1457298727169225,-0.9928149063862441,0.43443908212804455,1.6027401372021717e-4
default,Evaluation,h06,1086,62.1,97.6,0.7245818843786984,-0.034765821364886706,19.2,9.6,0.614355216024076,0.047312238293578,0.7012899429415929,0.05418201447938108
default,Evaluation,natlake,1086,70.1,101.2,0.4587875305647232,-0.1627667063936693,-8.1,8.2,0.5086192027659058,-0.023711599967874086,0.5830635647726694,0.009004013776849434
default,Evaluation,rulebasedloc200,1086,183.4,139.1,-0.37290779240808214,0.040673615520595896,106.7,-5.8,-2.364635673381862,-0.9356470904853644,0.38195338079777735,0.0018075223877845898
default,Evaluation,sdp,1086,33.1,97.8,0.8737561505911378,-0.11820855036956868,0.8,1.3,0.8902596626896495,0.043314807743225936,0.8938907888990603,0.04333022317173793
default,Evaluation,starfit,1086,1023.5,99.4,-5.7613709691131225,-0.20328913901032286,672.4,39.1,-103.77447625229246,0.012260139211908494,0.19180524701169152,0.026014368181599714
default,Fitting,gdrom,1086,145.4,107.6,-0.1411419423572169,0.26203142605019614,72.2,-12.1,-1.1157342981659708,-0.15719197845198818,0.12218379381936828,0.09058428558577121
default,Fitting,h06,1086,60.4,93.5,0.6853199432929568,0.2975822284938069,24.7,-5,0.6356993126704076,0.12595397073711867,0.781628561472765,0.16949199713949045
default,Fitting,natlake,1086,74.7,95.9,0.4144449788859187,0.08063432949495863,-7.9,-1.8,0.4418114442042165,0.08073318585609501,0.499452050105251,0.09094893637891217
default,Fitting,rulebasedloc200,1086,149.4,105.1,-0.1607315656166901,0.287427944449154,75.4,-12.2,-1.2338943981879877,-0.10427289938706741,0.11603208553997746,0.10903683790762524
default,Fitting,sdp,1086,60.3,93.2,0.7494736554310717,0.283537686441218,21.3,-1.6,0.6357372445965954,0.1318234404927935,0.7558116929522821,0.16694748453286026
default,Fitting,starfit,1086,803.6,95.9,-4.481830794102573,-0.06340228847548879,441.8,-15.7,-63.591111361056036,0.07999467750966371,0.016670016654369103,0.09126021546366374
fitted,Evaluation,gdrom,1086,83,98.9,0.48659143231840307,-0.16862182800828074,-47.4,20.1,0.3104554022297459,0.022285598758424507,0.8292220454180688,0.026733363664618412
fitted,Evaluation,h06,1086,56.9,97.8,0.777904289277944,-0.028914813092109526,6.1,13,0.675651231854763,0.04409167256193536,0.6861276219500161,0.05405527760578409
fitted,Evaluation,natlake,1086,55.9,99.6,0.6231254866189037,-0.2147482962244487,-0.8,4,0.6869995063236486,0.007294269062484204,0.7268587177413551,0.011838990173434179
fitted,Evaluation,rulebasedloc200,1086,141.6,129.6,-0.1414988068915588,0.02384161625595793,71.7,-14.9,-1.0048216694823502,-0.68127423804562,0.1738030265943667,0.0019470453694338564
fitted,Evaluation,sdp,1086,34.7,98,0.859293348861959,-0.12344596259613883,2.9,1.1,0.8793837650764508,0.039294246535956145,0.885554934192139,0.039493363715797813
fitted,Evaluation,starfit,1086,81.7,101.3,0.5266822099137312,-0.2193643080611143,-45.9,61.7,0.3318443442746084,-0.026326704904002574,0.8121401191911409,0.029199324980123422
fitted,Fitting,gdrom,1086,52.3,92.6,0.8533764344368109,0.16114187448080963,-5.6,3.1,0.7259552394627339,0.142394418460994,0.7645141469455375,0.1453534995509045
fitted,Fitting,h06,1086,51.7,92.3,0.7727800138457829,0.27692395268859804,15.5,-4.7,0.7331136240900802,0.14800080253273207,0.7898956595271067,0.1735413578674931
fitted,Fitting,natlake,1086,58.9,96.6,0.6360013750400328,0.09496040173363662,7.3,-2.9,0.652740125402141,0.06638537792481869,0.6848371984349425,0.08633660761155988
fitted,Fitting,rulebasedloc200,1086,117.9,96,0.03696358648037423,0.2816014910876804,46.9,-9.7,-0.3892711133633111,0.0786192643817224,0.13712217739713337,0.14732794667774485
fitted,Fitting,sdp,1086,41.9,92.3,0.8962582822448888,0.21729718955067834,0.7,0.7,0.8240622807467931,0.1478092693586699,0.8259734430552518,0.15826333897957898
fitted,Fitting,starfit,1086,54,92.6,0.7922850412802384,0.25099377644922427,6.9,13.6,0.7085163070486832,0.14307716426287398,0.7936694533081536,0.16794573897908896
default,Evaluation,gdrom,1092,27.3,65.5,0.9547694344158946,0.7826111648346467,0.1,0,0.9254626846734119,0.5715015619127649,0.9256386427596329,0.6130950374181375
default,Evaluation,h06,1092,429.8,129.8,-2.9282486328526285,0.04077709389998396,349.8,2.8,-17.480890753973092,-0.6840822678007745,0.09901709263343075,0.002406008548387706
default,Evaluation,natlake,1092,413,124.3,-3.0219485192951616,0.22692201543945512,397.4,1.6,-16.065373095786445,-0.5449296477118073,0.3427969139879192,0.05156677898918623
default,Evaluation,rulebasedloc200,1092,598.4,185.6,-4.973359646970927,-0.12130160581093818,592.9,-0.2,-34.81625279474121,-2.4450407205096956,0.12198528720728125,0.00872808218540078
default,Evaluation,sdp,1092,661.5,213.6,-5.666243597683779,-0.33530836082438875,657.5,-0.4,-42.768202941663986,-3.562535941118295,0.08234123488319432,9.391918768790706e-4
default,Evaluation,starfit,1092,46.7,77.9,0.7644634661666905,0.5295671453840816,-11.9,0.4,0.7816099827245301,0.39301498434700666,0.8003815970415699,0.3988085977314174
default,Fitting,gdrom,1092,48.9,80.3,0.7996604160710826,0.6641127860267249,-1.8,-0.1,0.7611996583404974,0.35508974137464655,0.7623289041388226,0.443666182013286
default,Fitting,h06,1092,446.3,128.2,-2.7937707195756487,0.04454485094144933,334.5,-2.3,-18.91823998280562,-0.644686233056734,0.1923097933747934,0.00304168378261025
default,Fitting,natlake,1092,504.5,112.8,-3.4258153458135876,0.22772532266319467,437.1,-3.5,-24.454608065817357,-0.2732782385124337,0.3762185286366546,0.061642872523053546
default,Fitting,rulebasedloc200,1092,756.9,169.4,-5.733614811062637,-0.0061432939805168285,668.1,-4,-56.30504756230533,-1.870888621868152,0.02962751698782222,0.01687768443021519
default,Fitting,sdp,1092,807.3,195.7,-6.200491094914918,-0.20168694344716953,713.3,-4.3,-64.19140220557902,-2.8317475225545197,0.0018134236037436497,0.002029771141751953
default,Fitting,starfit,1092,46.2,77.9,0.7727299480714214,0.48883154691048203,-6,-0.1,0.786448763311131,0.39279161953826147,0.7981188893968719,0.39332828498003053
fitted,Evaluation,gdrom,1092,25.8,63.4,0.9472010737668799,0.7884530587506461,-4,0.1,0.9334393238253467,0.5975931170699496,0.9370545097066142,0.6268633450821737
fitted,Evaluation,h06,1092,203.4,88.9,-0.7177615393825907,0.3197302643610276,157.6,-0.1,-3.136727607437747,0.2103126161934613,0.14366783832594476,0.22099018215484068
fitted,Evaluation,natlake,1092,59.4,84.1,0.7065750057351299,0.5126968849511813,-5.7,0.1,0.6465303492323703,0.29226615390096544,0.6500802153521403,0.3287797118760185
fitted,Evaluation,rulebasedloc200,1092,443.4,119.7,-3.2195521359559756,0.3338365894797207,408.5,-4.6,-18.66632134399056,-0.4332463835724947,0.0901295338169527,0.11587282773983855
fitted,Evaluation,sdp,1092,608,204.9,-4.9948636636050665,-0.2704834687149824,593.5,-6.2,-35.98009091575774,-3.1997544839211036,0.03600541749457176,0.0010817093495472773
fitted,Evaluation,starfit,1092,51.4,79.5,0.6261726206450657,0.5454249727115641,-19.8,0.2,0.7355756717343034,0.36700921713987167,0.8167722329649112,0.3841716584513861
fitted,Fitting,gdrom,1092,44.8,77.5,0.8172067118099378,0.6807913890090322,-7.1,-0.1,0.7990295186268684,0.399253614053785,0.8063551259425736,0.46905965478847295
fitted,Fitting,h06,1092,194.7,88,-0.5012045150440894,0.29353225867488375,137.6,-1.1,-2.789973678831669,0.2247285042997076,0.20201558760649424,0.22717452031375845
fitted,Fitting,natlake,1092,60.1,81.5,0.7524531929841005,0.48735396154211863,3.2,-0.4,0.6385731045627139,0.3357945544960309,0.6426861575816197,0.3467989192434645
fitted,Fitting,rulebasedloc200,1092,613.6,109.5,-4.451446136070679,0.4020284169665811,540.6,-3.3,-36.66015888473638,-0.19980335046549147,0.1096941080520975,0.16237998094586478
fitted,Fitting,sdp,1092,795.9,193.8,-6.091995284649308,-0.18874688361714398,703.3,-4.3,-62.3557820439775,-2.757879764603055,0.011217806317636806,0.0018865938149577371
fitted,Fitting,starfit,1092,52.6,80.4,0.6165913988901439,0.5002264253269353,-14.6,-0,0.7228449039723301,0.3534139878929715,0.8056352960023531,0.36253080297449297
default,Evaluation,gdrom,1093,29.8,47.9,0.9045607473850356,0.8351416405437365,-4.1,-0,0.9112042885723033,0.7702879161040836,0.9147210845885199,0.7704241604960488
default,Evaluation,h06,1093,475.9,107.8,-2.7511399614198147,0.13873145274184784,301,2.1,-21.657853415032058,-0.16342628886509503,0.09090579092394326,0.043241063116081835
default,Evaluation,natlake,1093,446.2,114.2,-2.534721634036054,0.32740139900716436,344.3,0.4,-18.917652607296358,-0.30467972184442194,0.31911518974955866,0.10763452551284057
default,Evaluation,rulebasedloc200,1093,662.6,154.9,-4.305471645473557,0.10829644869266764,524.2,-0.8,-42.915009080504305,-1.399874822436015,0.08088817280353235,0.04307349319437011
default,Evaluation,sdp,1093,764,196.2,-5.228039307789437,-0.19789524242407053,615.1,-0.8,-57.38559939378513,-2.8503238670371713,0.1008604156170544,0.012811018774335391
default,Evaluation,starfit,1093,41.7,69.9,0.7503511148918778,0.6724555667130189,-10,-0.1,0.8257660652227206,0.5113543257948617,0.8622573358647109,0.5220502702735561
default,Fitting,gdrom,1093,33.2,52.9,0.9298782680503368,0.8199826673731436,-3.4,0,0.8899338666935777,0.7199859319585971,0.8928697896420369,0.7225288583265675
default,Fitting,h06,1093,460.5,149.3,-2.4373517845000547,0.08192644719078657,269.3,-1.6,-20.208608745591864,-1.2297190880417754,0.13810156863765377,0.0120688567411114
default,Fitting,natlake,1093,484.3,131.3,-2.530095821575405,0.24549189464000987,344.2,-2.8,-22.46095550397062,-0.7231583446616336,0.3158396248067866,0.06823695900871195
default,Fitting,rulebasedloc200,1093,719.3,181.6,-4.3109661308908045,-0.08360553653654046,525.6,-3.8,-50.7503818992214,-2.3001509307101213,0.05692662880704168,0.030359752609061916
default,Fitting,sdp,1093,785,207,-4.8339438836142135,-0.28417503957380363,575.1,-4,-60.64065048820473,-3.284061239977029,0.005175456416600936,0.010978224929228689
default,Fitting,starfit,1093,41.6,69.8,0.7611063964697057,0.6830545360341815,-6.4,0.1,0.8271417665761994,0.5121178654547323,0.8548340782327678,0.5258206250998008
fitted,Evaluation,gdrom,1093,37.2,51.4,0.85962510501268,0.8206791432099688,-11,-0.1,0.8613370621819121,0.7356072453016398,0.8798327723263881,0.7366244675425349
fitted,Evaluation,h06,1093,155.5,83.3,-0.06218564256607939,0.4578941429967682,89.4,-0.9,-1.419605201179745,0.3051451513116511,0.1832512304696388,0.3181448403869173
fitted,Evaluation,natlake,1093,59.4,69.3,0.7742450405511027,0.6360058108323576,-12.9,0.1,0.6467753558702223,0.5197414290245147,0.6837456911108402,0.5215589036738952
fitted,Evaluation,rulebasedloc200,1093,493.7,106.2,-2.8683347014705296,0.43758585078448053,358.5,-5.3,-23.382280317553096,-0.12794568388906513,0.07778915727726646,0.19375132384567026
fitted,Evaluation,sdp,1093,696.2,183.5,-4.574278194886046,-0.10476616596707489,549.8,-7.4,-47.47839820824568,-2.3687658347103566,0.04613368904933741,0.013769188245403784
fitted,Evaluation,starfit,1093,44.4,70.8,0.7453308602710851,0.6522679145029793,-8.8,-0,0.8029443768876664,0.4989450514984738,0.832916911866686,0.5074542519911949
fitted,Fitting,gdrom,1093,32.8,52.3,0.9227177017486751,0.827600353030952,-4.6,0,0.8925113139775332,0.726019839560675,0.8966926242579006,0.729019431906642
fitted,Fitting,h06,1093,186.4,84.6,-0.22739758727458903,0.4352971151947489,106.8,-0.2,-2.4767330826033676,0.28460159571952903,0.179412525111499,0.29841751291556445
fitted,Fitting,natlake,1093,59.7,71.1,0.8144772152348487,0.6372158976218154,-5.3,-0.2,0.6433538587196115,0.4943517180928394,0.6763645096633306,0.5004490809050958
fitted,Fitting,rulebasedloc200,1093,572.1,119.9,-3.210967352210125,0.38929190939489267,416.7,-3.1,-31.734488947754002,-0.4374572871064606,0.1591697281636373,0.18622016788279958
fitted,Fitting,sdp,1093,771.8,204.7,-4.723653251099276,-0.2654748986772788,565.3,-4,-58.5715593641519,-3.1892147244581217,0.019982107115054704,0.011071824631161457
fitted,Fitting,starfit,1093,43.9,69.7,0.8112069896943596,0.6503796134165266,-5.3,0,0.8073102147301823,0.5144647251168557,0.8155481680035411,0.5192592530330021
default,Evaluation,gdrom,1101,57.4,96.1,0.7453449630214349,0.4469791039828923,-12.6,1.7,0.6708907269707942,0.076906169201446,0.6938333520667753,0.2199041134386664
default,Evaluation,h06,1101,587.3,101.7,-3.8423882457676966,-0.10553684929181562,464,2.1,-33.498428043979494,-0.035515341806231504,0.20608673861014384,0.013472013489089654
default,Evaluation,natlake,1101,504.2,94.1,-3.195129969352892,0.18172637947038361,418,0.7,-24.429045333097246,0.11340901052415564,0.4710803801190576,0.1300440981742395
default,Evaluation,rulebasedloc200,1101,889,108.4,-6.415719225276412,0.12935702265351046,734.5,2.9,-78.06209557833783,-0.1756038704507672,0.14932311486833724,0.039396531465609966
default,Evaluation,sdp,1101,984.6,152.6,-7.236626484959908,0.0022092893503385946,819.3,1.5,-95.96094187759533,-1.3305532175006043,0.2222689655829796,2.8892589366815883e-4
default,Evaluation,starfit,1101,44.7,80.7,0.773766844341357,0.40967307648766293,-11.4,4.1,0.800433434841752,0.3492422624437229,0.8253094222446437,0.35134013614964543
default,Fitting,gdrom,1101,80.7,93.7,0.6491575888219939,0.4597565737790008,10.8,0.2,0.34942138760336505,0.12208742616295731,0.5919762197473126,0.23795535744434865
default,Fitting,h06,1101,669.8,149.4,-4.123697953978399,0.0675159845623231,490.5,-1.9,-43.87441859815342,-1.231166514201631,0.34612604903579663,0.008122388950307256
default,Fitting,natlake,1101,476.5,88.4,-2.609885049153377,0.3259139178125179,358.2,-4.3,-21.71319315046067,0.21903705980953925,0.47534540402594094,0.22998513716164995
default,Fitting,rulebasedloc200,1101,848.4,138.7,-5.440435025500614,0.16562707652013753,628.3,-7.8,-70.98426037886621,-0.9252301151281175,0.011784472126275567,0.034252253277459545
default,Fitting,sdp,1101,915.7,208.3,-5.968158954387298,-0.29596486582917003,686.5,-8.2,-82.862581067286,-3.340827659050669,0.0195641307898081,0.0011996725920725673
default,Fitting,starfit,1101,43.9,79.9,0.891433450138269,0.4321892872278288,5.1,0.5,0.8070587879567572,0.361123480373417,0.8261492311271231,0.3611798021700937
fitted,Evaluation,gdrom,1101,42.3,95,0.7162307673785708,0.5481387276113685,-14.2,0,0.8206205803431829,0.09689019715756275,0.8799059004864275,0.3004567943852885
fitted,Evaluation,h06,1101,148.8,104.3,-0.0680661574350081,0.2078805307623528,92.9,1.3,-1.2151089731734164,-0.08828053865804364,0.22568583842697904,0.07583713186716115
fitted,Evaluation,natlake,1101,76.1,106.4,0.5228421304655906,0.2889384443855333,13,-0.8,0.4213165746596881,-0.13322328628403834,0.4452666917594224,0.10073740783799166
fitted,Evaluation,rulebasedloc200,1101,489.8,101.9,-2.9770795761000763,-0.0287014122054845,321.4,-9.6,-23.00037242769426,-0.03865204515803922,0.10462465218808041,0.02777225019484482
fitted,Evaluation,sdp,1101,547.5,97.8,-3.503687531575772,0.019194134854137457,417.5,-9.8,-28.985175145422676,0.04315553571355202,0.20966166372188466,0.06579178762424114
fitted,Evaluation,starfit,1101,60.1,89.7,0.5193091665721224,0.42546202566427094,-28.9,4.7,0.6383753643142009,0.1956033884547803,0.8422635125966086,0.24853959137577294
fitted,Fitting,gdrom,1101,37.6,72.3,0.9222595338721267,0.7076128796767662,-2.2,0.1,0.8586564467629147,0.47742173763608264,0.8620877769418043,0.517204227119553
fitted,Fitting,h06,1101,194.9,102,-0.3505164730482053,0.2786494753373274,126.1,-0.7,-2.8002627134773945,-0.04045836610505593,0.3232125590886851,0.11142224682822277
fitted,Fitting,natlake,1101,71.3,91.1,0.60436852026363,0.48588455223521654,11.4,-0.8,0.4913863716965843,0.16948926758322003,0.5144040599713093,0.26622397157152405
fitted,Fitting,rulebasedloc200,1101,683.4,112.3,-4.163566584997036,0.27342049378436317,500.8,-6.5,-45.7133308914088,-0.26038617457207636,0.02729274579225275,0.08301258889134511
fitted,Fitting,sdp,1101,378,94.1,-1.852187191671307,0.08199943824118539,249.6,-3.3,-13.29428793768115,0.11393285789518648,0.32232678686146177,0.11561481134768617
fitted,Fitting,starfit,1101,53.4,82.6,0.6145545639138221,0.5302825484456375,-21.1,1.1,0.7146514945257729,0.3174749636724127,0.8431128676266259,0.3493401856188466
default,Evaluation,gdrom,1112,62.7,77,0.7666367295940733,0.615543643500537,3.5,-0.7,0.6068494703210658,0.40671243259554124,0.8204298611319215,0.4338282920855724
default,Evaluation,h06,1112,418.5,101.3,-1.6933820354402576,-0.178300470660115,19.5,-2.8,-16.520992147677035,-0.025478917443155558,0.13348851795153727,0.006821093927422264
default,Evaluation,natlake,1112,394.8,84.6,0.2484651956912699,0.22305980006515802,-29.9,1.2,-14.588180036062974,0.28433251610198007,0.5732748511361467,0.3441057083124335
default,Evaluation,rulebasedloc200,1112,823.4,91.7,0.14008574050499878,0.48882212004053016,64.5,-2.4,-66.82005501676585,0.158407488496617,0.47587221950444597,0.2650179239866156
default,Evaluation,sdp,1112,764.2,99.5,-0.29349742259682277,0.09003196754861298,58.9,-0.9,-57.40996293886689,0.009047616241687484,0.38553827587163486,0.06302126648571628
default,Evaluation,starfit,1112,38.4,71.5,0.9003494061895038,0.5096117048603858,1.4,-0,0.8528220693101694,0.4879899657768967,0.8860604904464603,0.4974499111966094
default,Fitting,gdrom,1112,62.9,72.4,0.807830385381825,0.7044079481598389,0.4,-0.2,0.6037996649514935,0.4761841545591924,0.6571663370805887,0.5146253199580606
default,Fitting,h06,1112,423.1,101,-1.9393772658210677,-0.2728316099309662,12.4,-0.9,-16.90040175361764,-0.020534603174636068,0.11149457554989693,8.941504281434774e-4
default,Fitting,natlake,1112,574.9,85.6,-0.12285020469234986,0.2589751405190295,-32.1,4.2,-32.05990441844217,0.2674353891925185,0.3940537775383029,0.2783447247274221
default,Fitting,rulebasedloc200,1112,1053,97.9,-0.6418704026653319,0.4441176051879643,59.7,-9.5,-109.8926130120044,0.040818864940275756,0.08047534308435692,0.21744664826470447
default,Fitting,sdp,1112,929.4,94.9,-0.6906996971157424,0.0497855471159836,52.3,-8.5,-85.39601920899386,0.09936758610879326,0.11751562241270186,0.10560899896135079
default,Fitting,starfit,1112,54.7,73.2,0.8527850200486273,0.5515161469360741,-1,-0.2,0.701041496884383,0.46336751805235443,0.7721767214725522,0.4633894931356597
fitted,Evaluation,gdrom,1112,56.3,68.5,0.8211300827695371,0.5285403835506772,-0.7,-0.3,0.6830857538177675,0.5310622420856559,0.7557833722895572,0.5493575757481233
fitted,Evaluation,h06,1112,348.5,100.9,-1.6473206876842585,-0.2579078145175382,8,-2.2,-11.150863039481901,-0.01825023927238023,0.1339673155157017,0.0018512070551746037
fitted,Evaluation,natlake,1112,123.1,85,0.250919324867491,0.21502483273794226,3.1,-0.1,-0.5150725466586903,0.27712438100602654,0.5550590951917548,0.3359350048609504
fitted,Evaluation,rulebasedloc200,1112,420.5,83.4,-1.0438918875934706,0.44285365942996924,25.8,-8.5,-16.684510991956653,0.3035343827696366,0.20570245829339107,0.3175226738105131
fitted,Evaluation,sdp,1112,166,94.6,0.6882706022628764,0.24360938043746183,11.8,-1.8,-1.7554588453135413,0.10529960652533565,0.6582615923156747,0.14264472925567614
fitted,Evaluation,starfit,1112,41,71.8,0.7286549631547221,0.5440828300302742,0.8,-0.2,0.8318795612524262,0.4837532137141928,0.8825515301336609,0.48510294725157377
fitted,Fitting,gdrom,1112,91.6,68.8,0.6539737655025588,0.6037668098848137,-2.3,-0.2,0.1602811275247572,0.5260640019771188,0.5613157534826524,0.5261876537431494
fitted,Fitting,h06,1112,355.6,100.9,-1.8491428549084694,-0.2440921036849404,0.9,0.2,-11.649644472281162,-0.017476155104474422,0.11957734062391608,0.0027166226780336628
fitted,Fitting,natlake,1112,146.9,85.7,0.03695648744325153,0.2176809275802527,-0.4,-0.3,-1.159760397006767,0.2650416559516,0.41221855150504216,0.2991977859573623
fitted,Fitting,rulebasedloc200,1112,622.8,84,-0.03585954114408074,0.5390157558618609,34.9,-5.8,-37.79356436820217,0.29390644344961014,0.2149573147097943,0.3441812896339093
fitted,Fitting,sdp,1112,179.6,88.1,0.6048913223020421,0.3578235938987273,9.1,-1.1,-2.2274527716632617,0.22387961925614097,0.5500623636287314,0.23899287336602107
fitted,Fitting,starfit,1112,54.8,72.9,0.8213158707601192,0.5710108022693898,-1.7,0.1,0.699470954857625,0.46912170770510686,0.7846973842007822,0.46965773849033016
default,Evaluation,gdrom,1120,21.1,63.3,0.8707113570809595,0.7524766832653911,4.3,3.7,0.9555725331260762,0.5993695203987512,0.9923579875729254,0.6110057918906727
default,Evaluation,h06,1120,724.5,102,-1.9843783024846267,-0.4326975059951581,204,65.5,-51.49729092079011,-0.0415512612074973,0.6576239758903232,6.6936250656566e-4
default,Evaluation,natlake,1120,117.6,88.9,0.18483622225768281,0.14370059025202342,-9.8,3,-0.38267902566612233,0.2100976131482175,0.6678520450781541,0.24405567634983816
default,Evaluation,rulebasedloc200,1120,1556.1,140.7,-3.7487374578079953,0.09558615273785165,464.3,46.1,-241.21511537258982,-0.9788252111882523,0.3167906705404532,0.23575470485503583
default,Evaluation,sdp,1120,996.7,101.1,-2.331139886783361,-0.3263939304942549,292.2,60.4,-98.3653230357972,-0.02227298409681877,0.5614846174891647,0.01050374718601936
default,Evaluation,starfit,1120,579.6,102.4,-2.502426689485822,-0.7328966441937057,143,130.7,-32.597202215223476,-0.048859124117045294,0.8873538710309888,0.02869190839245525
default,Fitting,gdrom,1120,74.3,69.9,0.8374331019368254,0.7158892110659492,6,-1.3,0.44761708500242015,0.5106345528638618,0.791566183626608,0.5386460537614355
default,Fitting,h06,1120,2943,121.8,-6.497367774766118,-0.007942902616117298,291.5,13.5,-865.2598797694533,-0.48463990663783085,0.003984993187353757,0.001410304479305963
default,Fitting,natlake,1120,395.3,90.5,-1.8538245157175979,0.10962627204846531,22.7,3.2,-14.632029325713324,0.1809736260119893,0.399946872958483,0.20490899129601584
default,Fitting,rulebasedloc200,1120,3427.3,132.2,-6.991666917858884,0.1982473563742937,341.1,-14.7,-1173.8335892168511,-0.7475126533222598,0.15822606406618547,0.04814374903940738
default,Fitting,sdp,1120,2917.7,109.5,-6.376855769421728,-0.11281342319886956,288.9,2.8,-850.4614288349669,-0.19851607565516716,0.004868041023643465,5.12349017941728e-4
default,Fitting,starfit,1120,2794.6,106.8,-8.23720640866157,-0.0782131709901257,268.1,2.1,-780.1232683189078,-0.14124580304512668,0.05037213666361748,0.0050289611245770945
fitted,Evaluation,gdrom,1120,112.1,72.2,0.38634090546769906,0.4768592056053603,-28.2,35.2,-0.2578383268796616,0.4788387779012707,0.9529883011917133,0.48779682015173986
fitted,Evaluation,h06,1120,219.5,104.3,-0.7651615029180947,-0.26693313265621965,-15.8,11.8,-3.8192447680185335,-0.08892372830680184,0.5201968281635295,8.198212035600936e-4
fitted,Evaluation,natlake,1120,92.8,72.8,0.5843728945989011,0.39629691128806976,-21.3,18.4,0.1378442757423214,0.4691475997880715,0.8321078924951724,0.5216265926733553
fitted,Evaluation,rulebasedloc200,1120,720.4,102.3,-2.8626265973287888,-0.46721839455450076,163.2,-58.6,-50.90876138285461,-0.04615710807330653,0.1644844349755101,0.001379355098553769
fitted,Evaluation,sdp,1120,413.8,98.1,-1.2768953184594198,-0.18297014444450377,93.6,-6.2,-16.131702268048056,0.03682762593123767,0.2005526320611797,0.04977068054267171
fitted,Evaluation,starfit,1120,41.3,72.2,0.8830395397968241,0.5079279934844396,-8.9,5.9,0.8289916460454785,0.47925637150589917,0.9275261893262398,0.4858383295012681
fitted,Fitting,gdrom,1120,200.5,75.4,-0.23359217095247264,0.6524865948975902,-12.9,8.8,-3.0214911669263627,0.43099635870529707,0.6046958867535763,0.47019148028525964
fitted,Fitting,h06,1120,1014.3,101.2,-6.11159909589222,-0.15177789106964612,68.6,15.2,-101.89137496413419,-0.0239130305764097,0.22565528083654168,0.01165145790420732
fitted,Fitting,natlake,1120,209.8,82.1,-0.6953854111527658,0.30074182408405936,-4.8,5.2,-3.4043838508223665,0.3255532454754444,0.5493604101050132,0.350999286359371
fitted,Fitting,rulebasedloc200,1120,2777,93.8,-4.971159881729067,0.40626547226129484,277.4,-7.2,-770.2884453487283,0.12061357955027241,0.13136676966327174,0.2122624397237467
fitted,Fitting,sdp,1120,1849.3,98.9,-3.1998945611105105,-0.07308478385093964,183.9,8,-341.03971670971305,0.02172094530144697,0.00794488584912126,0.035591796632125555
fitted,Fitting,starfit,1120,88.4,78.1,0.5275184184145143,0.42195195634387184,-3.3,1.6,0.2189229859345675,0.3892634024884897,0.6941384349095392,0.394180829147361
default,Evaluation,gdrom,1121,72.6,87.8,0.7545474878116267,0.5450033243194442,-2.4,0.6,0.47228236427746406,0.22895776970673853,0.6460192965078531,0.31947067597337647
default,Evaluation,h06,1121,486.4,100.4,-1.679876876926135,-0.24936520186386524,36.7,1.3,-22.665592863810033,-0.00905460554235682,0.1851831376551438,0.0038265449993042473
default,Evaluation,natlake,1121,140.5,88,0.3296171052226633,0.16843661480455974,-9.8,1.5,-0.9748663958856683,0.22601934020969316,0.6335530534685947,0.257622020034101
default,Evaluation,rulebasedloc200,1121,1040.8,85.4,-0.12586435934739848,0.5881479883208622,106.2,-3,-107.3462374693392,0.27040327839706324,0.5834755950510812,0.36134498247792013
default,Evaluation,sdp,1121,935.1,109.5,-0.3200128969487719,0.18863479481984047,94.7,-1.6,-86.47258275051465,-0.19835778061376086,0.49655367301863956,0.05432404383862089
default,Evaluation,starfit,1121,61.2,92.6,0.7375691086465208,0.26860283248567374,-2.6,0.1,0.6252521915129128,0.14301473897495198,0.6924403283873878,0.16799509489942388
default,Fitting,gdrom,1121,102.1,87.9,0.5555279763201868,0.513096032368598,-1.6,-0.1,-0.04309888855084343,0.22797947178114242,0.4171714557435908,0.300709864665259
default,Fitting,h06,1121,745,101.2,-1.8824168356231246,-0.3773836504858896,39.9,-3.4,-54.50596249282262,-0.024923249923395785,0.12771580475799152,0.002751438787330637
default,Fitting,natlake,1121,229.5,92.7,-0.27959157594030337,0.0507496817575076,-8.5,0.6,-4.26820315045289,0.13976760791304466,0.3258685194618453,0.1554280899949892
default,Fitting,rulebasedloc200,1121,1687,89.9,-1.3930369449085371,0.42363547350636077,101.2,-10.5,-283.6373683873041,0.19164413571301675,0.06238833911362784,0.250625251182846
default,Fitting,sdp,1121,1523.3,98.5,-1.159448797676422,-0.11901490515344149,91.3,-9.2,-231.0775565260485,0.02913479504216898,0.1186017379746454,0.035544104253199336
default,Fitting,starfit,1121,113.1,92.5,0.6460054066516041,0.21535506941706983,-4.4,0.2,-0.27977304493347166,0.14413301423771074,0.4440257656791599,0.15553090116227572
fitted,Evaluation,gdrom,1121,65.2,72.1,0.8418228493183495,0.5877792480319504,-3.5,0.4,0.5753643429724895,0.4793770710400155,0.7153306469082745,0.4803895034859946
fitted,Evaluation,h06,1121,298.6,100.8,-1.3830874418392316,-0.22415462551273557,2.4,1.9,-7.915996778640402,-0.015574424262418507,0.23171348227938285,0.004473125984137796
fitted,Evaluation,natlake,1121,81.8,84.9,0.5304008889931138,0.23604004481236418,-1,0.8,0.3311057570222544,0.2789594220066447,0.7034358318726087,0.3122853999925619
fitted,Evaluation,rulebasedloc200,1121,593.5,88.8,-1.2528426484189978,0.463532705143334,53.5,-10.9,-34.233881122550486,0.21066458996158,0.19535326003996042,0.2770842975988929
fitted,Evaluation,sdp,1121,367.9,99.6,-0.14236828822874292,-0.04269985935986975,34.2,-5.3,-12.538900401535031,0.006739154471860576,0.4608607173918292,0.03477634350334019
fitted,Evaluation,starfit,1121,64.1,89.6,0.509813177500393,0.38912785387807625,1.2,-0.5,0.5884232361250927,0.1966218435446342,0.6816694547930358,0.2333241688400149
fitted,Fitting,gdrom,1121,98.5,76,0.6050499025546485,0.5212256300727247,-2.2,0.1,0.02995343151552965,0.42252414885908873,0.4655366739181079,0.4230294360855467
fitted,Fitting,h06,1121,353.4,101.1,-1.7013798168548675,-0.31940709967840153,5.8,-1.2,-11.488651343351217,-0.022919978511320327,0.12182300757412666,3.0010886095609487e-5
fitted,Fitting,natlake,1121,155.8,90.8,-0.035320316954317255,0.1095029168698356,-0.6,-0.2,-1.4290014553408343,0.17462456062520915,0.38377482278074065,0.19048432560215636
fitted,Fitting,rulebasedloc200,1121,1167.1,88.9,-0.47917805051053963,0.4762818938094312,70,-7.2,-135.22948848766077,0.21005115811511976,0.12471031245592093,0.2787437412055764
fitted,Fitting,sdp,1121,575.4,98.4,-0.38307741752470736,-0.06825578605945459,33,-3.3,-32.11418422827838,0.031746440008188936,0.2523745916869123,0.04047290272258657
fitted,Fitting,starfit,1121,70.5,89.1,0.6117509038658842,0.3174232516084752,-1.3,0.1,0.5028745998722747,0.2066877571989696,0.5474323460647652,0.2180638329197005
default,Evaluation,gdrom,1122,15.3,36.1,0.9862529185757504,0.9043548769945494,-0,-0,0.976460470542239,0.8695961558200931,0.9768193074341878,0.8695962540436807
default,Evaluation,h06,1122,821.4,108.5,-4.190077738004302,0.07919682737593814,225.2,1.5,-66.48151762543263,-0.17689634306724566,0.07095695794335595,0.02680228013669493
default,Evaluation,natlake,1122,826,108.3,-2.3949347489142827,0.2759296756801326,289.8,0.8,-67.2426897338305,-0.17267504426373503,0.28285528212503747,0.09028427593625325
default,Evaluation,rulebasedloc200,1122,1245.8,145.5,-3.5856316927396783,0.1859581346306196,453.2,-0.5,-154.24772856691393,-1.1182896215104168,0.10862471777352536,0.07376096190465936
default,Evaluation,sdp,1122,1373.9,187.3,-4.117041519651467,-0.12790104439789518,501.3,-0.4,-187.8031659506331,-2.507303849787862,0.12357893612723311,0.03645563013152268
default,Evaluation,starfit,1122,41.6,63.3,0.8680846141467962,0.6497488118356891,-2.2,-0.2,0.8267576470082396,0.5986592848569544,0.8305820066536079,0.600536958317448
default,Fitting,gdrom,1122,41,47.4,0.8216797115717368,0.8574572184058171,1,-0,0.8314719073904975,0.7753474759712646,0.8374392730200506,0.7769054756143011
default,Fitting,h06,1122,882.1,131.9,-3.7748173104994276,0.05950370809001582,263,-1.1,-76.82399361646725,-0.7408518893624305,0.06789714536726867,0.003909588232382492
default,Fitting,natlake,1122,905.4,102.8,-2.546674318629054,0.22730774119357078,309.5,-2.6,-80.98841299660018,-0.056415306409911103,0.22465832995969032,0.08872920685056285
default,Fitting,rulebasedloc200,1122,1295.5,158.3,-3.642970249522862,0.09131462064036966,455.2,-3.2,-166.86887032932353,-1.5054605514941652,0.02840494222689612,0.04954070016342574
default,Fitting,sdp,1122,1385.7,194.8,-3.9823039795409123,-0.18688909649796726,487.5,-3.4,-191.0409529337113,-2.7946068583714982,4.838610275916485e-4,0.015795533884165568
default,Fitting,starfit,1122,59,69.9,0.7307795318773199,0.5890464194123938,0.3,0.1,0.6518110755555595,0.5116631666077113,0.6519048932211667,0.5118040562889478
fitted,Evaluation,gdrom,1122,22.5,39.9,0.9627883087314346,0.9018589924175615,-2.9,-0,0.9495267691300746,0.8410332165573015,0.9566881185625322,0.8418878406822822
fitted,Evaluation,h06,1122,282.7,77.6,-0.4416722371262445,0.43077412120221303,76.3,-0.6,-6.995642266463664,0.3972356648418134,0.1506431231036783,0.4021845354594443
fitted,Evaluation,natlake,1122,96.7,70.4,0.5238541505827696,0.5988544950444997,-14.3,0.3,0.0645542768787628,0.5038130724050587,0.601401916104189,0.5039867964560457
fitted,Evaluation,rulebasedloc200,1122,926,83.9,-2.616451855172051,0.6058393365240595,328.4,-4.7,-84.7648223461464,0.2951437388604923,0.0804084962066867,0.38261699663395654
fitted,Evaluation,sdp,1122,1313.6,176.6,-3.871357162354424,-0.04526869394175215,476.4,-6.2,-171.59564288958373,-2.120958720503863,0.012098058727939705,0.037595241706274186
fitted,Evaluation,starfit,1122,42.8,59,0.7123711918539668,0.7257343722329401,-6,0,0.8168096540875444,0.6512700511978098,0.892806177789039,0.6512737268391172
fitted,Fitting,gdrom,1122,40,48.6,0.85472161766201,0.8623661856082622,-1.8,-0,0.8398340740041215,0.7636997697649122,0.8438501329096778,0.7677478205936628
fitted,Fitting,h06,1122,369.4,83,-0.7467457180291472,0.3571310316696642,106.8,-0.5,-12.646698101778204,0.3114726081551221,0.07651326188041688,0.3121705610301416
fitted,Fitting,natlake,1122,96.6,70.3,0.5221844793837502,0.5524630859530885,-5.1,0,0.06619911242883225,0.504998988771745,0.5258427881494073,0.508147319714824
fitted,Fitting,rulebasedloc200,1122,1030,79.2,-2.6784979393532162,0.6557382570762087,361.9,-2.5,-105.1050813855859,0.37192625950835756,0.13782514849242364,0.4414291203586378
fitted,Fitting,sdp,1122,1372.7,192.6,-3.927666470739263,-0.16981148876945173,482.9,-3.4,-187.4686020926845,-2.70980162988227,0.001125781872905686,0.015842340608436555
fitted,Fitting,starfit,1122,60,68.3,0.573277655189953,0.6464690837928139,-5.4,0,0.639495985170992,0.532751734461737,0.7237372358055351,0.5343245555238163
default,Evaluation,gdrom,1123,72.6,88,0.8268738590124046,0.614249353902584,5.3,-1,0.4723713017635356,0.2251522630356101,0.7563837058536347,0.3774871586843175
default,Evaluation,h06,1123,320,104.8,-1.516852872560356,-0.1725851352770733,9.9,-4,-9.242392854961734,-0.09957615454412694,0.299765348175736,8.231594067980042e-4
default,Evaluation,natlake,1123,213.6,84.3,0.17384301952829906,0.24652581126259832,-18.3,0.2,-3.5636666608952794,0.2896170906079887,0.70349888012428,0.3256666660221951
default,Evaluation,rulebasedloc200,1123,586.8,108.9,0.268642385385647,0.420942576701249,57.9,-1.3,-33.43914503909492,-0.18720779193595471,0.5084630047687595,0.17779797992125765
default,Evaluation,sdp,1123,747.7,182.8,0.043673197042327416,-0.09311108225621245,74.3,-1.1,-54.91900870173336,-2.343963797780491,0.5350702274333262,0.044625656931188334
default,Evaluation,starfit,1123,46.2,72.6,0.8627643169482867,0.509492916834957,-0.3,-0.4,0.7864166387153066,0.4722549597728567,0.7885187897485009,0.4774248359874085
default,Fitting,gdrom,1123,111.7,93.6,0.7218821844977295,0.5651103233419335,6.8,-0.3,-0.24809489256249684,0.12376543610351642,0.5345634893631619,0.3194359531636206
default,Fitting,h06,1123,564.5,109.4,-2.4337337926451266,-0.05977730723756447,31.2,-0.4,-30.87282557485569,-0.1963582930175185,0.10823237725018468,0.003736873558362785
default,Fitting,natlake,1123,221.5,84.9,-0.2630450926481982,0.2566252390381527,-11.8,1.1,-3.9087962121801674,0.2795118189302638,0.5017231448428239,0.29736255684000656
default,Fitting,rulebasedloc200,1123,751.6,101,0.1185692216703117,0.46562835676788006,60.1,-3.6,-55.50037972195074,-0.02086673272793238,0.2190691162597935,0.2195141765127458
default,Fitting,sdp,1123,915.8,190.2,-0.10253021095503856,-0.15240257081384745,73.6,-4.1,-82.8921218610251,-2.6196404839576166,0.03233237838082301,0.03412581038634616
default,Fitting,starfit,1123,56.1,75.6,0.8222866314581866,0.460481324709072,1.1,0.2,0.6848000670584176,0.42774935881384113,0.765297337907918,0.433536848448515
fitted,Evaluation,gdrom,1123,56.4,73.8,0.8420241828567216,0.652619611645338,-3.1,-0.7,0.6818130645314171,0.45576046062261844,0.8269483589488891,0.47805101380969894
fitted,Evaluation,h06,1123,240.3,86.4,-0.1770009142499538,0.23005877046502432,-16.6,-2.8,-4.773667310488029,0.25414470414166546,0.30591230045135986,0.2684505640508954
fitted,Evaluation,natlake,1123,112.2,80.9,0.3352610876265897,0.3162368186606437,-6.1,0.5,-0.2587671560723732,0.34479482381050763,0.7376201225960614,0.3762652589063836
fitted,Evaluation,rulebasedloc200,1123,308.7,85.4,0.1778958499547545,0.5232910054240275,28.2,-4.9,-8.534053328991074,0.27004341522608644,0.4725612138940104,0.32462684751655524
fitted,Evaluation,sdp,1123,623.7,160,-0.5148934974901396,0.0689727233285583,59.2,-8.4,-37.913204144132294,-1.5594663759492065,0.3044209943761841,0.03638581753411297
fitted,Evaluation,starfit,1123,47.1,74.2,0.7893173566113512,0.5144650251829519,-1,0.1,0.7778570853404672,0.449789940750529,0.7919952905060651,0.45060821542417695
fitted,Fitting,gdrom,1123,52.5,66.9,0.8543061932625078,0.6949772936187391,-2.3,0.1,0.7240795634788816,0.5521133261231388,0.8413018777052056,0.5587412254492033
fitted,Fitting,h06,1123,323.1,87.6,-1.368536094747241,0.20877248301558327,6.5,1,-9.443193588114227,0.23204766247421893,0.07594955986273105,0.241684430096747
fitted,Fitting,natlake,1123,137.8,82.4,0.009354076293183522,0.3139280615407266,-1.1,0.3,-0.9000451524625936,0.3206896585580422,0.5704110553760097,0.33527802264455725
fitted,Fitting,rulebasedloc200,1123,435.9,82.3,0.4443309369270271,0.5891759702829961,34.5,-2.2,-18.006038589820765,0.3220998675191482,0.3845524989885041,0.3796217161483117
fitted,Fitting,sdp,1123,870.3,176,0.06077611022088081,-0.039970377065655205,69.9,-4.1,-74.75756583099447,-2.096864233939531,0.17181424218902722,0.03359628684570808
fitted,Fitting,starfit,1123,47.8,76.4,0.8754960686771107,0.4721839036604625,0.1,0.2,0.7712676899083596,0.4157755762175811,0.7776903954960638,0.4171679332803653
default,Evaluation,gdrom,1124,14.6,42,0.973180586169599,0.8774782208545407,0.4,-0.1,0.9786324998588434,0.8233181335594852,0.9790863623646967,0.8234693601925644
default,Evaluation,h06,1124,806,108.2,-2.8760200942207743,-0.147514748625734,185.3,-3.9,-63.97922539855689,-0.16996352441077467,0.15329415502768745,9.520001523625172e-5
default,Evaluation,natlake,1124,551.8,84.7,-0.9154316687860107,0.24080512631459283,139.2,-2,-29.453557059571697,0.281629146293222,0.4585973175627122,0.3135854241135454
default,Evaluation,rulebasedloc200,1124,1369.1,144.5,-2.6882050360427727,0.18236316094746874,363,-3.9,-186.50498541758384,-1.0875621846574068,0.20340135109466828,0.0620052224464696
default,Evaluation,sdp,1124,1508.7,209.4,-3.0494432377983802,-0.30283804600984254,401,-3.5,-226.68553518261947,-3.386500130618886,0.23268004894204666,0.0023017288313678503
default,Evaluation,starfit,1124,57.3,77.5,0.7583334110579558,0.49201148352625657,-6.9,-0.1,0.6716722150059351,0.39984846944117136,0.7408490445198772,0.4001270301761891
default,Fitting,gdrom,1124,54.3,52.7,0.8724691634199203,0.7959947051511332,5.3,0,0.7045883817342935,0.7223738674833489,0.7814384391867742,0.7225111779024822
default,Fitting,h06,1124,1385,121.6,-4.405578087796245,-0.03832192752231167,265.8,-3.4,-190.8501850970391,-0.47890367633519637,0.11123191365775774,4.8327980569063426e-5
default,Fitting,natlake,1124,856.1,88.2,-1.6770627097004587,0.18662576141004783,169.9,-3.8,-72.303785251787275,0.2218839939632562,0.2869674013739317,0.23552092214450357
default,Fitting,rulebasedloc200,1124,1846.5,123.4,-3.1201868455773294,0.3246671322015212,381.7,-7.8,-340.01104929405335,-0.5231370853717767,0.0034757341077502183,0.11893357422442102
default,Fitting,sdp,1124,1973.4,190.5,-3.3486883150544964,-0.16173187732197403,408.6,-8.2,-388.52053109500855,-2.631243816314845,7.958339024025188e-5,0.005556956165406433
default,Fitting,starfit,1124,67.8,78,0.7657537312612672,0.4453624343812338,1.4,0.2,0.5404950251071727,0.3916019210816002,0.5887343131590465,0.39299314727717094
fitted,Evaluation,gdrom,1124,21.2,46.4,0.9558862224093253,0.8826961848584622,-3.3,0.1,0.9551864472351183,0.7842966581026392,0.9705404279578884,0.7898055069879822
fitted,Evaluation,h06,1124,227.7,86.8,-0.3113314129747198,0.2713089718705115,32.1,-1.3,-4.185280095385183,0.2461551860751897,0.1838027379942668,0.24677525001880773
fitted,Evaluation,natlake,1124,93.1,79.4,0.6301743537907956,0.48005830972952857,-15.4,1,0.13237535858899052,0.3693601129336189,0.6812336344690793,0.37162200873636037
fitted,Evaluation,rulebasedloc200,1124,952.1,94.7,-2.759905789593952,0.43816984138477866,233.8,-13.1,-89.67697863429844,0.10343090548318234,0.09367821196127298,0.23123614730524414
fitted,Evaluation,sdp,1124,1240.5,176.9,-4.118265633603852,-0.09762132330618334,303.6,-16.3,-152.9340610686486,-2.128803891914108,0.06836118338074257,8.200364158267917e-4
fitted,Evaluation,starfit,1124,57,73.9,0.68771579906557,0.6005563022420439,-7.6,0.7,0.675066015486435,0.4539395295036359,0.7830116740125396,0.46093623492150937
fitted,Fitting,gdrom,1124,47.5,51.2,0.8845213463659248,0.8334670144057666,1.7,0,0.7740332319152919,0.7375522407058495,0.7888424841978777,0.7399784741084225
fitted,Fitting,h06,1124,543.5,85.9,-1.801250936686996,0.2385483744697825,88.4,-1.2,-28.548254704348857,0.2627179126450434,0.09198246989371164,0.2783052049498011
fitted,Fitting,natlake,1124,119.6,77.8,0.2664400861562616,0.43311026526334384,-2.4,0.1,-0.43086277877425605,0.39435855977428225,0.5074711742866581,0.39811467871464423
fitted,Fitting,rulebasedloc200,1124,1472.6,83.4,-2.2426051687674784,0.5702511743477702,304.6,-6.6,-215.89340833806725,0.3037183178922812,0.04316106770716368,0.3647115566716612
fitted,Fitting,sdp,1124,1918.1,180.9,-3.284794979896806,-0.09909348464348677,396.6,-8.2,-366.9920517034748,-2.2714922113970997,0.011343268140644324,0.004381568196613388
fitted,Fitting,starfit,1124,59.3,73.8,0.6928585440660451,0.5399328202602318,-1.8,0.2,0.6488743682336443,0.45535779411899024,0.6593539618834567,0.4553599147293179
default,Evaluation,gdrom,1125,55.6,84.6,0.8539474318814573,0.5919676108041918,-1.4,0.6,0.6909043580820892,0.283387225625496,0.741741861273213,0.36697674258914137
default,Evaluation,h06,1125,351.2,103.5,-0.8487087241647691,-0.01955067699711832,-26.7,2.3,-11.338962144314042,-0.07215756768766246,0.33048366022673964,0.020571370168051696
default,Evaluation,natlake,1125,358.7,84.3,0.4625202157543048,0.2514720414269733,-35.9,1.8,-11.869012821410303,0.28916866373247296,0.7214778347132832,0.31993504520128496
default,Evaluation,rulebasedloc200,1125,162.6,117,0.691797401527682,0.39073133779945113,14.9,-0.4,-1.6453660433674373,-0.36819675106341254,0.6048876712011741,0.1650063716265479
default,Evaluation,sdp,1125,163.3,156.1,0.36245732144374476,0.08804605649893416,12.3,1.2,-1.6671850146273552,-1.4378884794400881,0.48935577573950645,0.030041998748162487
default,Evaluation,starfit,1125,725.9,117.2,-1.0880224699581067,0.051767471614572624,-69.6,18.2,-51.71367798951554,-0.3749097736272218,0.2546484157501534,0.012543203576347112
default,Fitting,gdrom,1125,104.6,87.4,0.5398004587927547,0.5176236661225229,-1.8,-0.2,-0.09474964551905063,0.23583106838251833,0.40696766324700173,0.30603864537409275
default,Fitting,h06,1125,487.6,101.4,-1.4059811649799006,-0.21291799600513905,-22.9,-0,-22.77508677035256,-0.029149960935996422,0.12696596009536068,0.0032563911815503134
default,Fitting,natlake,1125,588.4,90.3,-0.11764330051816319,0.14348236210321896,-34.5,2.9,-33.62389666171387,0.18524405046325476,0.357789341283465,0.19313516029662625
default,Fitting,rulebasedloc200,1125,280.3,98.1,0.3950280357266528,0.44196906300563954,15.5,-1.7,-6.860340153933673,0.03672379200298559,0.3238855932437233,0.2089689309952779
default,Fitting,sdp,1125,326.5,128.5,-0.13072958505026389,0.23267987357476738,16.7,-2.3,-9.661249194756115,-0.6522412405004552,0.20294333903758754,0.056192441763254955
default,Fitting,starfit,1125,1010.8,121.9,-3.0659400274626654,0.08615719136258382,-54.6,10.7,-101.19405166111295,-0.4852838812108269,0.15616025856453442,0.01250060077203561
fitted,Evaluation,gdrom,1125,45.2,87,0.8112864935345911,0.6142078702055069,1.5,-0.9,0.7954880760418273,0.2431202844709337,0.8207757349144036,0.37792017462836736
fitted,Evaluation,h06,1125,126.8,97.4,0.33767571982890865,0.30985963832952335,1.7,0.9,-0.6093283040876767,0.05055933579498739,0.293598121584617,0.14631640456482806
fitted,Evaluation,natlake,1125,73.2,90.9,0.6123072733866544,0.2904180553379513,-1,0.7,0.463524155061255,0.1728267327210128,0.7284078297959773,0.1904293061490667
fitted,Evaluation,rulebasedloc200,1125,79.4,71.5,0.7402451160189332,0.6231897995163092,-3.7,-0.2,0.3693256613830881,0.4884057165017822,0.6303515891398385,0.4929238585306593
fitted,Evaluation,sdp,1125,79.4,101.8,0.7325846837218405,0.2003223317730778,3.3,0,0.3690120995478495,-0.03603849251150204,0.6099836126871269,0.08340117839330757
fitted,Evaluation,starfit,1125,65.4,90,0.49694571281832955,0.39243227872874553,1.4,-0.5,0.5720041716671449,0.1900943640093633,0.6790436301413795,0.23137145264164516
fitted,Fitting,gdrom,1125,65,82.9,0.7911200760241346,0.6058439922868222,0.4,-0.3,0.5767858099026608,0.3124490289344175,0.625946664954451,0.38568910640246495
fitted,Fitting,h06,1125,219.2,94.1,-0.06788785793416396,0.17943240629390644,8.3,-0.2,-3.8051890971245736,0.11479923367020761,0.2000079489002176,0.13026972364382322
fitted,Fitting,natlake,1125,149.8,100.7,0.021844326825911864,0.09695742752029579,-0.2,-0.2,-1.2451801916464396,-0.014962312862171201,0.3905125535341177,0.05800483786718747
fitted,Fitting,rulebasedloc200,1125,117.6,77.2,0.4678093641399229,0.5384777858757046,-2.5,-0.1,-0.3826936272439787,0.40330487114111024,0.35065275424509046,0.408623404912059
fitted,Fitting,sdp,1125,135,107.4,0.21998947341705355,0.06270099803833917,-0.6,-0.1,-0.8224140302897212,-0.15302728308261626,0.34333010497309496,0.02574243192202206
fitted,Fitting,starfit,1125,69.2,89.3,0.6022264027673685,0.32010264360165386,-1,0.1,0.5207657125159562,0.20275829861556294,0.5506537622823813,0.21613492341904433
default,Evaluation,gdrom,1134,16.9,27.3,0.978126178176582,0.9100773040465828,1.8,-1,0.97129498568568,0.9253353443902809,0.9868473080952063,0.9385662221568428
default,Evaluation,h06,1134,436.4,100.5,-1.8348459902485792,-0.2897884729933171,42.7,10.2,-18.046379054410426,-0.009609561768984198,0.3774446275216131,0.0018076922031315253
default,Evaluation,natlake,1134,159,81.3,-0.24086811851250745,0.27521477286123064,-7.8,2.7,-1.527312341443745,0.3389474777157534,0.6953197464515207,0.4141540656125352
default,Evaluation,rulebasedloc200,1134,1804.5,150.7,-1.7071038303466346,0.09979068629556809,265.3,5,-324.725145596638,-1.2705440455184824,0.6667737958652893,0.2687044748347319
default,Evaluation,sdp,1134,1400.1,105.5,-2.214634371140016,0.009585685531862564,201.4,5,-195.0938023150973,-0.11434762342270788,0.37450965990588475,0.020126279355795477
default,Evaluation,starfit,1134,74,57.7,0.8911880852012501,0.7111381203389704,-10.4,-0.7,0.4525351385707459,0.6671296742213273,0.949568774630304,0.6688972235811773
default,Fitting,gdrom,1134,33.3,25.9,0.9543554901819287,0.9663479022512977,2.3,-0.2,0.8889254482400288,0.9330656915711161,0.9476969708958763,0.9344996163041598
default,Fitting,h06,1134,1632.9,103.6,-3.8765307608045045,-0.5241161570247779,148.5,-4.6,-265.6930523357302,-0.07300976010193971,0.037707296801949626,0.05909861593365981
default,Fitting,natlake,1134,319.7,81.9,-1.2422518063570456,0.27382010897817954,17.3,1.6,-9.221837028703176,0.3297395779253657,0.452070120612599,0.3907380374976544
default,Fitting,rulebasedloc200,1134,2487.8,106.4,-3.137227267872383,0.46475342414220755,236.3,-18.7,-618.0487200420625,-0.1312837578731103,0.013743127836446767,0.3802786749849492
default,Fitting,sdp,1134,2434.7,156.3,-3.760406116031758,0.10117508741954584,229.8,-13.2,-591.8773250881859,-1.4447147658143238,0.002420204831660758,0.059613878338840014
default,Fitting,starfit,1134,105,63.9,0.5660294368829315,0.6499046758532567,-7.5,1.9,-0.10247761682165235,0.5920261607780488,0.7850035617444603,0.5932844965050149
fitted,Evaluation,gdrom,1134,155.2,47.5,0.2422567552852729,0.7443215573321654,-17.9,16.5,-1.4094288369899104,0.7747533061963939,0.7823810956457667,0.7804497747298739
fitted,Evaluation,h06,1134,357.3,101.5,-1.3418440825558595,-0.17410205424913738,-34.3,8.5,-11.766259476634083,-0.030900050053557226,0.469510754191181,0.006714533944820302
fitted,Evaluation,natlake,1134,145.8,66.7,0.1778321654491687,0.46343981483938357,-15.8,11.9,-1.1269064749073139,0.5553312282337626,0.8254450388567467,0.6356343064101687
fitted,Evaluation,rulebasedloc200,1134,1023,96.8,-3.6360862202079147,0.076714003542460385,129.1,-46.5,-103.69159703661846,0.06241845706120164,0.040591012519608255,0.12576329564076827
fitted,Evaluation,sdp,1134,549.4,101,-2.2508661256565192,-0.501829836360127,57.3,-9.4,-29.190243306610615,-0.02037764985176116,0.13966549357037825,0.025719847170887034
fitted,Evaluation,starfit,1134,23.1,43.4,0.8784842199297611,0.9061649939089915,-2.1,0.3,0.9464993900593389,0.8115353574245967,0.9793952149660188,0.8223991903684806
fitted,Fitting,gdrom,1134,103.2,39.1,0.4274137303720853,0.8543348177482041,-6.4,2.7,-0.06619246521836586,0.8469322996667484,0.8079151497649963,0.8488553088631214
fitted,Fitting,h06,1134,533,105.1,-3.2164019561176413,-0.33930330016489507,21.9,3.5,-27.415044620007233,-0.10455842780811064,0.1866799148475746,0.010100654589624765
fitted,Fitting,natlake,1134,185.5,67.8,-0.5173403477766441,0.49073441865090794,-3.4,3,-2.4401678568135616,0.5395844601492741,0.6219277822555559,0.5873997904106024
fitted,Fitting,rulebasedloc200,1134,1941.1,75.7,-1.6746063066272168,0.6791457134014384,185.4,-16.5,-375.8683694711725,0.42655140470384445,0.005743194086354573,0.5757025297481796
fitted,Fitting,sdp,1134,968.5,98.1,-2.48290652274328,-0.14517041497273975,85,-2.3,-92.81559675326154,0.03815482404281556,0.1533706635960341,0.03846220253110895
fitted,Fitting,starfit,1134,36.9,48.6,0.8792323592785101,0.8290542986608969,-2.5,0.4,0.8640043550400891,0.763444494693047,0.9361876836009938,0.7635703398576916
default,Evaluation,gdrom,1139,37.5,52.8,0.8769076915250585,0.7095181321842063,-12.1,8,0.8595985013443915,0.7213583363624048,0.9845214890060329,0.7300828090437019
default,Evaluation,h06,1139,87.3,100.9,0.6958747295376593,-0.5275816230830643,-29,75.4,0.23828765499309468,-0.018191497786071986,0.9621865490712628,2.013632081867438e-4
default,Evaluation,natlake,1139,122.8,100.2,0.564514771673229,-0.45154435612394317,-40.8,89.5,-0.5093822402054737,-0.004476355721095837,0.9102486588605834,0.01985711760654518
default,Evaluation,rulebasedloc200,1139,783.9,128.2,-1.7110521244859744,0.26964186024411274,269.3,-20.4,-60.460040570727266,-0.6439826571661702,0.9704044173056453,0.10558747018338502
default,Evaluation,sdp,1139,108.1,101.8,0.07427085435863745,-0.9562541095544845,12.8,144.9,-0.1685417792624575,-0.03701872783776761,0.9024866094580611,0.001607104320053411
default,Evaluation,starfit,1139,192,94,0.305222331386655,-0.7413419032260089,-64.5,164,-2.6872032247768143,0.11636973441998566,0.8624600727975509,0.2273369109301665
default,Fitting,gdrom,1139,45.4,41.8,0.7265858897628094,0.8668308434064711,-9.8,9.8,0.7937164604708422,0.8251182051489446,0.9904672842563927,0.8306990792322884
default,Fitting,h06,1139,350.8,99.8,-1.7069349361929431,-0.2823822397024889,59.1,14.3,-11.311319890384109,0.003857290325825047,0.8347873830564246,0.006154729607654431
default,Fitting,natlake,1139,147.9,90.9,0.4430682451498884,0.11154183240900217,-33.5,22.6,-1.1867564089517773,0.17303904036843543,0.6694640967963568,0.177779445593677
default,Fitting,rulebasedloc200,1139,767.2,90.9,-1.1520910879695752,0.0024074459581024943,206.5,-66,-57.87486089882065,0.17410272840157726,0.1645726336826514,0.19152629417335942
default,Fitting,sdp,1139,569.6,98.4,-1.19713064533321,-0.043396360245726795,146.4,-22.2,-31.451346349659957,0.03183635022456255,0.6989286469408278,0.04847749990749213
default,Fitting,starfit,1139,188.5,88,-0.1968898186867729,0.10446004563293709,-34.1,42.2,-2.5522324902667313,0.22570803936653472,0.7012929831830574,0.2392707150706647
fitted,Evaluation,gdrom,1139,193.4,95.4,0.3280826368847759,-1.8662678635614807,-61.3,279.9,-2.743301344302413,0.09028890598526662,0.5771652042865227,0.24349736564117144
fitted,Evaluation,h06,1139,154.9,102.9,0.47142505415883795,-0.792019333376506,-52.1,125.3,-1.4004523159435247,-0.05856367887052771,0.8960451068330538,6.319103606296935e-5
fitted,Evaluation,natlake,1139,40.4,99.3,0.8715085367862702,-0.24154819650699544,-12.3,34,0.8368106852993363,0.013554830759480052,0.966662738529913,0.01761095921570223
fitted,Evaluation,rulebasedloc200,1139,124.1,101.8,0.547885093344738,-0.4487400229296654,38.4,-51.8,-0.5403284305796323,-0.03652191968198415,0.8068132180596473,0.001992597775875844
fitted,Evaluation,sdp,1139,105.1,101.8,0.5379502783526031,-0.8703894171611863,-31.6,135.1,-0.1049450317446432,-0.03723549217446531,0.8912988038981488,0.0016010732101542841
fitted,Evaluation,starfit,1139,196.9,106.1,0.3145058311352431,-2.4420664597764343,-62.3,333.8,-2.8783819053473376,-0.12538912041666994,0.5477491763441683,0.09949682577161931
fitted,Fitting,gdrom,1139,213.7,50.8,0.130687570411691,0.29030166191621887,-52.3,67.4,-3.5690581640584487,0.7421008397278442,0.7721679426205457,0.7578509732255766
fitted,Fitting,h06,1139,224.9,99.5,-1.0041265857428194,-0.22904500890598323,-4.4,29.5,-4.060152746753668,0.009723623316457597,0.6802153907622809,0.015986309982499964
fitted,Fitting,natlake,1139,82.6,91.3,0.46790890763360693,0.11417862577303406,-6.6,5.1,0.3173405071767026,0.1656110449425191,0.7765011684315068,0.17157702894434607
fitted,Fitting,rulebasedloc200,1139,580.8,87.9,-0.6016644899102148,0.2008090342557155,156.6,-52.1,-32.74345928968518,0.22697330050119469,0.44206817529772646,0.2555074065552112
fitted,Fitting,sdp,1139,318.5,100.3,-0.8734852872464975,-0.2917068373173701,70.6,-1.5,-9.14352244994447,-0.006090003341621353,0.8541111703403188,0.0018655977406277433
fitted,Fitting,starfit,1139,258.4,95.4,-1.4437397451264116,-0.1767888106080171,2.3,57.1,-5.679602383284597,0.08969372491157013,0.803818271131359,0.11677237693840783
default,Evaluation,gdrom,1144,272.2,50,-0.9094604605154117,0.8759870164278796,13.3,0.3,-6.410513730834705,0.7503665854635161,0.07599205247354313,0.7680376414449539
default,Evaluation,h06,1144,695.5,61.2,-3.1017039654807466,0.6180637558487935,120.3,-0.4,-47.389036369159356,0.6251874570386735,0.010639653675706658,0.6412192938492783
default,Evaluation,natlake,1144,1117.9,65.5,-2.8002716442667803,0.7448123376322678,254.5,0.2,-123.99431102366908,0.5713673632879837,0.13860251582256145,0.5880980736134765
default,Evaluation,rulebasedloc200,1144,1146.7,70.5,-4.530610725373955,0.6871611774372216,235.2,0.1,-130.53562900433835,0.5033139111550107,0.004451764630319604,0.5213682659860714
default,Evaluation,sdp,1144,1512.5,57.9,-2.7633405309877457,0.8339553688972027,361.9,-0.2,-227.82548192404778,0.664202717700459,0.0787905887772294,0.6965700358043895
default,Evaluation,starfit,1144,175.1,51.8,-0.021903723928019536,0.7328626307225224,6.3,-0.1,-2.0675446951651186,0.731655205023185,0.08171781926237544,0.7392576992605066
default,Fitting,gdrom,1144,140.8,46.6,0.2513893428248988,0.8670957987114928,-6.1,0,-0.9829722571860209,0.7829528783529672,0.11756253758973977,0.7850343367497389
default,Fitting,h06,1144,922.8,65.5,-3.3883346596811377,0.6050927916045417,170.9,0.1,-84.17118177240474,0.5714374369212627,0.0413713319091886,0.5767038143003199
default,Fitting,natlake,1144,1227,65.6,-2.4874028836966833,0.75282263331381,258.7,-1.1,-149.57087616961417,0.5699253116973059,0.08415205157118438,0.5909516893260651
default,Fitting,rulebasedloc200,1144,1331.9,64.5,-3.191383160741519,0.7836341450921578,276.7,-1.1,-176.41631938273332,0.5844488384238535,0.01901871441019678,0.6180293553185058
default,Fitting,sdp,1144,1494.2,62.3,-2.3690164939619733,0.8076090559473631,324,-1.2,-222.3124661627837,0.6112402379195934,0.008533739221642645,0.6536858536180242
default,Fitting,starfit,1144,143.8,54.5,0.213991194451712,0.7282422545685996,3.9,0,-1.0681155850702515,0.7028466370224306,0.09580472479818225,0.7065201249902207
fitted,Evaluation,gdrom,1144,150,42.2,0.19670598661375482,0.8963150694695846,-10.6,0.4,-1.2494783877584297,0.8216121954013242,0.08123839581802557,0.8237021962964348
fitted,Evaluation,h06,1144,169.6,59.7,0.08850113335559573,0.7169126396233938,-19.3,0.3,-1.8756398916683956,0.643202491600011,0.02259262877715688,0.6432254027618326
fitted,Evaluation,natlake,1144,235.4,51.9,-0.6275477017279298,0.7614619065686374,-22.1,0.5,-4.544503058849227,0.730229846082474,0.30063864627810133,0.7323272631759872
fitted,Evaluation,rulebasedloc200,1144,785.1,75.7,-4.020879379587067,0.6706507307736562,128.3,-0.9,-60.64758226493833,0.4273745733435911,0.012983525806946257,0.47192710800778004
fitted,Evaluation,sdp,1144,1470.5,61.8,-2.61096342545742,0.8046317234933389,350.9,-2.6,-215.29177757654767,0.6175283600944799,0.028549278311581404,0.6507873427199388
fitted,Evaluation,starfit,1144,130.5,49.3,0.32044094588493177,0.7944854919308977,2.2,0,-0.7043302810665248,0.7568908831734624,0.17967179486421442,0.7577974742263797
fitted,Fitting,gdrom,1144,67.4,43.1,0.5505426165248293,0.8894817170966217,-1.6,-0,0.5452724642162531,0.8146037914723788,0.5674264235403352,0.8164084283143358
fitted,Fitting,h06,1144,294.1,62.8,-0.36092328002453966,0.6741500943932918,45.9,0.3,-7.649763030864364,0.6061013745736621,0.034340291766117206,0.6064300489069228
fitted,Fitting,natlake,1144,243.6,53,-0.8531681820697634,0.739592640996196,-6.5,0.1,-4.937376773859425,0.7190311674418082,0.27719838372999583,0.7230542329799396
fitted,Fitting,rulebasedloc200,1144,920.3,67.2,-2.6657276271032084,0.7711610429719172,180.2,-0.8,-83.7138419118368,0.5487951584441552,0.02686715597854299,0.5954115165605651
fitted,Fitting,sdp,1144,1488.4,62.2,-2.3535556530457544,0.8082688807469721,322.7,-1.2,-220.5801059972845,0.6131759381218055,0.011595528599009761,0.6545117203467488
fitted,Fitting,starfit,1144,93.3,46,0.5620185180550807,0.8003328895379207,-4.2,0,0.1293744092091348,0.7879315768754637,0.32026965948621233,0.791026401191744
default,Evaluation,gdrom,1151,811.3,209.1,-0.05949197081159174,-0.5199872379381478,-96,81.1,-64.84599529665078,-3.374886517097096,0.3983284493068938,0.02529818984954766
default,Evaluation,h06,1151,142.8,101.5,-0.18234041395773715,-0.37932548403185673,-5.2,15.9,-1.0407664523071851,-0.030250190963169166,0.7966015300746038,0.00243956164719614
default,Evaluation,natlake,1151,404.1,82.4,0.40188094075061065,0.2634943737726102,-47.6,16.5,-15.333978000318343,0.32058626154303405,0.859416680608043,0.36815205065474055
default,Evaluation,rulebasedloc200,1151,1201.2,202.8,-0.4595839058515907,-0.3411025297062307,142.7,-8,-143.33872214666562,-3.113997867950353,0.8648337355916381,0.1462459178646549
default,Evaluation,sdp,1151,202,102.4,-0.831459973796584,-0.48363953561413187,-0.2,53.6,-3.082344169412745,-0.048158040993415474,0.7537581547518761,6.720662813745731e-4
default,Evaluation,starfit,1151,62,75.5,0.8656810096344234,0.4879879638484461,-4.9,-4.1,0.6150283650764057,0.4300856550702785,0.8175394538332528,0.43158552340817213
default,Fitting,gdrom,1151,549.9,160.1,-0.7491425442361128,-0.09028225537989676,-70.7,55.4,-29.245342300657942,-1.5625802547798613,0.059191312012869965,0.019732086446881743
default,Fitting,h06,1151,386.3,100.3,-0.8862813290370457,-0.30987180566494543,40.5,-0.5,-13.924093896236913,-0.006783304558098502,0.06784550856155616,9.527382635692226e-4
default,Fitting,natlake,1151,285.1,87,0.2811964017498868,0.2030105642130362,-36.8,15.5,-7.130233672389926,0.24266780234839536,0.3102853738196068,0.2613236101235508
default,Fitting,rulebasedloc200,1151,915.6,132.2,-0.8508809544542666,0.11538709813134584,126.8,-33.2,-82.85267990917424,-0.7466990425712106,0.0023925180735265314,0.033035741536678064
default,Fitting,sdp,1151,613.6,100.4,-0.9560819032650731,-0.4158893529418106,78.9,-8.2,-36.661063270223416,-0.009047656885890598,0.011484599311120723,0.002408452588457615
default,Fitting,starfit,1151,86.2,85.6,0.6468493307143885,0.24890822974449167,-1.1,1.1,0.2569779169425176,0.2678859280861783,0.4235388715250933,0.2815725449029493
fitted,Evaluation,gdrom,1151,119.5,76.2,0.3602980115998692,0.47178083316514474,-11.1,20.7,-0.4274697603426143,0.41954424252124156,0.9014702369451,0.42684376619519593
fitted,Evaluation,h06,1151,206.6,101.8,-0.16313874576855558,-0.3637021943710592,-18.8,16.9,-3.269701689599172,-0.03696470192547041,0.7917658874096101,0.001999584811776877
fitted,Evaluation,natlake,1151,122.5,84.8,0.4336057742422529,0.218862650162145,-11.9,13.7,-0.500153872566822,0.2806682495743025,0.8802383667205037,0.33029067127581024
fitted,Evaluation,rulebasedloc200,1151,698.2,98.2,-1.6155988023938983,-0.1396049115742215,72.8,-67.6,-47.75692179408297,0.03634876445743351,0.02673799269657862,0.1145773413788887
fitted,Evaluation,sdp,1151,180.9,99.7,-0.11675202189958234,-0.31255448001391617,13.1,3.2,-2.2724408316227174,0.0056384778563325355,0.6270105641061073,0.0058954580860078485
fitted,Evaluation,starfit,1151,695.9,138.4,-0.7190148499406341,-1.1048802594976506,-78.7,180,-47.43794363249119,-0.9163045765689348,0.21355061148836582,1.5088302222298887e-4
fitted,Fitting,gdrom,1151,106.6,84.6,0.5372311143691486,0.3753465057002978,-5.4,2,-0.13680071506787517,0.2848269257584263,0.42491364069377097,0.2870788439934879
fitted,Fitting,h06,1151,308.4,100.1,-0.8750018175929173,-0.27097498498507444,23.5,3.5,-8.511247511283196,-0.0015017459094117669,0.09081256346229981,0.004245900272592383
fitted,Fitting,natlake,1151,125.3,88.7,0.3507889311919137,0.1406345654562331,-2.3,3.2,-0.571489287369644,0.21254313205034547,0.29632966631304625,0.25646475590311485
fitted,Fitting,rulebasedloc200,1151,679.8,97.5,-0.22890867937206782,0.2670917453634033,94.7,-24.3,-45.21531100152123,0.04886454461883105,0.0792642873199561,0.1482144374126506
fitted,Fitting,sdp,1151,349.5,97.6,-0.3994859308161265,-0.1351848812105867,40.2,-0.9,-11.220033861053658,0.04640424301010093,0.10207521179205205,0.0484284376794438
fitted,Fitting,starfit,1151,430,100.8,-1.8490688597712017,-0.17985866490293456,-33.3,59.4,-17.48982445570623,-0.015276407228922206,0.06255500283867252,0.05295415634074929
default,Evaluation,gdrom,1164,252.2,122.9,-0.1205203881262058,0.29408127769543724,-41.4,8,-5.362600518475494,-0.5114380662220337,0.6026124360076903,0.0918453789139664
default,Evaluation,h06,1164,831.9,100.7,-2.1937315220926137,-0.25583528420838464,151.6,11.6,-68.22292865533274,-0.013325303916769338,0.5560379757567788,0.003799625539451542
default,Evaluation,natlake,1164,160.5,78.4,0.14571083274566143,0.3679488769472009,23.3,3.5,-1.5761795128038067,0.3858196212443247,0.735999351368166,0.41256662442095055
default,Evaluation,rulebasedloc200,1164,1385.9,103.9,-1.7291608768496451,0.5137348361779691,272.5,7.6,-191.13292543125647,-0.07937687822980366,0.8628087204607483,0.3717161054664473
default,Evaluation,sdp,1164,1043.6,94.5,-1.7728784765038181,0.04345464200096316,200.7,18.8,-107.94822836081899,0.10641429093261812,0.647578180665801,0.11891313790180674
default,Evaluation,starfit,1164,59.6,65.4,0.8463227342908416,0.615787029926613,-5.4,-0,0.6451649364802314,0.5719570693568714,0.757955482203962,0.5752309768351491
default,Fitting,gdrom,1164,164.6,103.8,0.4536452854458173,0.46740309246903,-28.1,3.4,-1.7108774630810224,-0.07691312607722334,0.5009865739078333,0.21961338442097986
default,Fitting,h06,1164,786.7,105.1,-1.4418376586313952,-0.1190011070684236,157.7,-3.3,-60.89952992728817,-0.10539492129567263,0.25601595810973193,0.0037909204651206123
default,Fitting,natlake,1164,145.6,79.6,0.3563514617584269,0.3282830359533314,22.3,-2.5,-1.1194880065097763,0.3661626678165867,0.607486834152293,0.40845369129286196
default,Fitting,rulebasedloc200,1164,1062.1,103.1,-1.4399856445878454,0.4488543693749564,221,-10.1,-111.82549918154254,-0.06254521043471328,0.023917056619148478,0.2103684330853149
default,Fitting,sdp,1164,881.1,96.3,-1.1809699442552564,0.049481579113639595,181.9,-10.3,-76.6562498913246,0.07256996043379271,0.24154269212718782,0.08403188669251614
default,Fitting,starfit,1164,81.6,70.3,0.7558345436688314,0.5366386622263497,-9.5,0.4,0.33333987959807376,0.5057426237521703,0.6085907900709703,0.5124475477482012
fitted,Evaluation,gdrom,1164,123.3,59,0.15524362819996063,0.6981387639300692,-13.1,9.1,-0.520652729780444,0.6519607890234493,0.7979896973850789,0.6554852359127131
fitted,Evaluation,h06,1164,262.8,101.9,-1.2432340105655646,-0.11518776325525981,10.9,7,-5.909022500910401,-0.03894186401203115,0.554213375268289,0.012060105752159843
fitted,Evaluation,natlake,1164,60.3,66.5,0.7045710695828173,0.5712245852197155,2,0.1,0.6358133532948782,0.5570687358205721,0.7927869595064584,0.5680143962121159
fitted,Evaluation,rulebasedloc200,1164,912.3,84.4,-2.7133943135263787,0.4047706529287679,161.9,-21.2,-82.25682149158052,0.2869427334850094,0.21898199315260217,0.3127503228749712
fitted,Evaluation,sdp,1164,656.9,97.9,-2.1946797820535213,-0.10411063144804289,110.2,-8.5,-42.16644932142054,0.041225391523491806,0.399516748015915,0.04425161523416103
fitted,Evaluation,starfit,1164,69.5,74.4,0.7093912685341375,0.5150441227793356,3.7,-1.2,0.5163270537972114,0.44678174339011756,0.7109532881656525,0.4473561027365263
fitted,Fitting,gdrom,1164,51.1,52.8,0.7185102696724446,0.8032912691738836,-7.3,0.1,0.7383229945413217,0.7215689591011347,0.9459698782370533,0.7221094695595618
fitted,Fitting,h06,1164,258.5,108.1,-0.9210978645790979,-0.29327147120533414,22.5,-0.2,-5.681278386446453,-0.16838062589188119,0.419936633592561,0.01020748064392856
fitted,Fitting,natlake,1164,67.6,64.9,0.7572523262829155,0.570198249768936,-1.6,-0.7,0.5428307776876429,0.5783727221830193,0.6652350099260815,0.5973575438191545
fitted,Fitting,rulebasedloc200,1164,813.5,78.6,-0.8162024710512821,0.5714466667819671,169.5,-9.5,-65.19591117428273,0.38219313856332415,0.18094972859937575,0.40827168119178997
fitted,Fitting,sdp,1164,304.3,96.4,-0.8608456789817709,-0.07006442821652747,43.3,-1.6,-8.262352599414756,0.07080494015009497,0.43738360663617715,0.07409206764635398
fitted,Fitting,starfit,1164,78.2,74.1,0.6959213317165582,0.46670267422996936,1.4,-0.7,0.3886880496831533,0.4502727914886918,0.5744605016024737,0.4613636366554207
default,Evaluation,gdrom,1170,314.2,111.6,4.241241184362865e-4,-0.2510477690055728,-88.4,84.4,-8.876404712841241,-0.24632175414550672,0.4659102237826461,0.02325956877640605
default,Evaluation,h06,1170,207.5,101.5,-0.4511202932487788,-0.2074134413022184,-32.9,17.4,-3.308870310605747,-0.03023864465445869,0.6045895229758917,0.004736346292613948
default,Evaluation,natlake,1170,137.2,91.6,0.3587875078213091,0.09835975778053951,-33.5,2.1,-0.8825554379204708,0.16080052489321495,0.8431373680846348,0.16999657491752154
default,Evaluation,rulebasedloc200,1170,498.7,102.6,-0.4418229434928682,0.39803058614084796,144.1,-4.2,-23.874744781019057,-0.05203757655744279,0.9431665801352049,0.1691888360698605
default,Evaluation,sdp,1170,234.8,99.1,-0.7721583792415632,-0.18804128164653533,34.9,15.4,-4.514718511600299,0.0184751992946377,0.6422496992133152,0.02146133868921992
default,Evaluation,starfit,1170,128.9,92.9,0.5765361215331433,0.1684529954361068,-35.1,1.5,-0.6621787721097534,0.13704348715156278,0.8925292376471982,0.1422537068520962
default,Fitting,gdrom,1170,319,113.7,0.08163220046010145,0.02894726210680698,-65.1,34.5,-9.17726334829186,-0.2937649358956185,0.35770459226503004,0.02159944638208662
default,Fitting,h06,1170,225.9,103.6,-0.7493005966423292,-0.13424848832393077,1.6,11.3,-4.102838107132201,-0.07362559919213707,0.35033872934184007,0.00566679059134974
default,Fitting,natlake,1170,115,85.9,0.4698234530308515,0.2284039346194633,-16.5,5.7,-0.3225228085106051,0.2612295073523765,0.6649990058907425,0.2814293204524895
default,Fitting,rulebasedloc200,1170,504.1,155.7,-0.18376299116756134,0.10726075355830811,109.5,-11.2,-24.416364131067702,-1.4257095371693458,0.31889350903037333,0.06003148168164806
default,Fitting,sdp,1170,404.1,164.1,-0.16841855427182773,0.022212487415601556,83.9,-2.4,-15.328922792200828,-1.693231427314012,0.3662888559786449,0.014686850723550412
default,Fitting,starfit,1170,130.5,88.9,0.6270955247507812,0.3010337253419344,-25.6,5.6,-0.7027800948461165,0.208674678855156,0.7779600722775608,0.21683239399672255
fitted,Evaluation,gdrom,1170,122.6,89.4,0.28403647503353346,0.23083101915585624,-26.2,22.7,-0.5035630431958713,0.20091981981775986,0.8568915120649117,0.20652792091843075
fitted,Evaluation,h06,1170,204.2,99.7,-0.6195677897402949,-0.19449348769438957,-20.4,12.7,-3.171132871095465,0.005983251292452363,0.6082937287050667,0.01407917904100057
fitted,Evaluation,natlake,1170,79,90.3,0.44919442832331047,0.13963364306779957,-11.2,9,0.37600838046962304,0.1851313047735722,0.8817696910878899,0.19284030831501603
fitted,Evaluation,rulebasedloc200,1170,309.6,93.2,0.025027143580925726,0.28756203783237,86.1,-24.9,-8.586058966221797,0.13204682039965154,0.6436363024574907,0.18494574401668334
fitted,Evaluation,sdp,1170,200.2,93.7,0.17364096293212217,0.09379369382386094,52.6,-11.5,-3.0080436015861327,0.1221499241407562,0.8256996445871836,0.12354042770855032
fitted,Evaluation,starfit,1170,107.8,96.9,0.6579926425582936,0.2387729866564643,-28.9,12.4,-0.1628779778493541,0.06130793103960186,0.891201969997896,0.12730912331711194
fitted,Fitting,gdrom,1170,66.5,87.8,0.8425799923786053,0.3850280089320337,-10,3.9,0.5583322089726768,0.2292821793214287,0.7886875221871847,0.2501771590544656
fitted,Fitting,h06,1170,250.6,113.1,-0.714759642811005,0.04671566458194465,26.2,10.4,-5.27988921633332,-0.2791618658045303,0.3485166207899133,0.013674358569708382
fitted,Fitting,natlake,1170,76.9,84.8,0.6003086291972637,0.267736295179982,-2.8,3.4,0.40797337449448934,0.2799313034563219,0.7016940194559177,0.29215285715709255
fitted,Fitting,rulebasedloc200,1170,351.4,103.7,0.17531302942665294,0.3919590258767013,76.1,-8.2,-11.351429540907773,-0.07556914125525593,0.562667380082378,0.16523044574753906
fitted,Fitting,sdp,1170,175.6,93,0.1644924268770469,0.07863935558442592,27.9,1.7,-2.0831433154764962,0.13508721500988474,0.5318638745445544,0.13691353980738566
fitted,Fitting,starfit,1170,110.3,92.5,0.7242441398484787,0.3955099754839553,-22.4,3.7,-0.21721545408562903,0.14371096510407844,0.8133975618129847,0.2136873155453529
default,Evaluation,gdrom,1181,37.9,65.9,0.8957952220936729,0.76636629872805,5.8,-0.1,0.8566591290438412,0.5658097924273622,0.9882914420846471,0.6741544727341949
default,Evaluation,h06,1181,299.1,104.1,-0.11663227546718447,-0.36849245121316976,-45.3,39.9,-7.949996567580728,-0.08362538067545366,0.7890038196921046,0.0027391136886443087
default,Evaluation,natlake,1181,337.4,86.1,0.3813089632594785,0.17161887782584218,-55.3,29.3,-10.386833738442496,0.2591460215684783,0.866697419720312,0.2925107737729246
default,Evaluation,rulebasedloc200,1181,567.2,58.7,0.05976204452780054,0.7244380307170205,94,7.9,-31.17795139398295,0.6554391810828144,0.9772099117456585,0.7806772150508213
default,Evaluation,sdp,1181,212.2,103.3,-0.7250279598083971,-0.5814639676359916,-10.1,87.3,-3.5030364503182634,-0.06719028836002838,0.6019910575658401,1.4373518292225135e-4
default,Evaluation,starfit,1181,151.5,91.5,0.6653517765974876,0.3136300221525795,-24,6.5,-1.294653327460447,0.16290485626553708,0.8784578108203536,0.19258330841617868
default,Fitting,gdrom,1181,38.8,50.2,0.9228331497843807,0.8748682285161866,0.6,-1,0.8496921023987013,0.7483082302823272,0.86585509905107,0.7677772190987889
default,Fitting,h06,1181,309.8,100.3,-1.4954897554359348,-0.3087137406054583,8.1,11.5,-8.599263801587043,-0.005339413239060953,0.4023018061246544,0.0020189707278558287
default,Fitting,natlake,1181,521,88.6,-0.07917672040178192,0.17497296415737218,-41.5,15.9,-26.15362527730042,0.21505468985895615,0.6259926279794473,0.23049689501258175
default,Fitting,rulebasedloc200,1181,859.1,83.2,0.07912034019018266,0.6424330810562773,70,-9,-72.81959001627114,0.3073162902309319,0.26751996043590204,0.5476883184208611
default,Fitting,sdp,1181,752.9,113,-0.6333111451284745,0.2573963330856801,59.6,-3.3,-55.698454889783264,-0.27712221964670447,0.30296922803584253,0.07339438277981385
default,Fitting,starfit,1181,264.4,101.4,-0.02857206962856873,0.163950871254398,-19,7,-5.99108220024198,-0.029193113647946634,0.6811777268412516,0.074491202653224
fitted,Evaluation,gdrom,1181,180.2,92.6,-0.07817761321336425,0.04976598046024405,-22.1,56.8,-2.249491058267678,0.1421452591249558,0.8311284850324109,0.17375886280451627
fitted,Evaluation,h06,1181,224.3,103.3,-0.1176197801507537,-0.40064322257500695,-30.8,40.5,-4.0343885567778335,-0.06639958741352703,0.8011618108998244,0.003760508746604077
fitted,Evaluation,natlake,1181,100.2,89.5,0.4061969739544209,0.10764951203365147,-11.7,22.8,-0.00344920214878508,0.19942881151298664,0.8953277541915817,0.23329083685000154
fitted,Evaluation,rulebasedloc200,1181,282,85.4,0.03258971779488329,0.41946675389506105,41.4,-33.7,-6.95374756105843,0.2710454938118245,0.5205247779374818,0.3288266904849273
fitted,Evaluation,sdp,1181,214.8,94.6,0.4103152096329157,0.23276876694826254,32.9,-30.1,-3.614617751545935,0.10406564761192627,0.7127999521889232,0.16108147896813912
fitted,Evaluation,starfit,1181,34.3,80.9,0.8354149326009428,0.5403675946336178,-3.5,5.1,0.8825053177991643,0.3459636103161907,0.95970711485674,0.37040560081079277
fitted,Fitting,gdrom,1181,122.2,64.8,0.3401041776143734,0.6662656924674557,-7,3.6,-0.49457491046109503,0.5796990253146785,0.7994612534459574,0.5800295417569309
fitted,Fitting,h06,1181,470.4,104.8,-1.435704134669443,0.03464868508318897,30.9,9,-21.132217454867508,-0.09765651512136397,0.42682043120302854,0.02806219948377818
fitted,Fitting,natlake,1181,133.8,90.9,-0.02322053484910991,0.08797254095618467,-0.2,3.8,-0.791496609440749,0.17274740037919567,0.647957237783858,0.20827838446014846
fitted,Fitting,rulebasedloc200,1181,518.2,60,0.5007059446276835,0.7952311554230236,42.2,-8.1,-25.858392548630157,0.6394116289927307,0.5940380015059038,0.7082548441464701
fitted,Fitting,sdp,1181,144.4,91.2,0.584436432361368,0.2651749039368062,10.4,-1.5,-1.0842339471249303,0.1688016073829599,0.7747711956258901,0.18191340936134087
fitted,Fitting,starfit,1181,72.5,82.4,0.8660720481664108,0.48121073973954964,-4.3,0.9,0.4741764769678234,0.32150726604163393,0.7772286852627667,0.33537923066981123
default,Evaluation,gdrom,1192,144.9,40.7,0.23290754775589606,0.8943157227476973,-13.2,0.8,-1.1001004375699304,0.8343225095959917,0.4123634831922618,0.8565709250956206
default,Evaluation,h06,1192,915.9,65.6,-6.527143217166477,0.6500775878400675,87.6,5.5,-82.90941319841842,0.5700856128047458,0.29573658472101927,0.571879895650071
default,Evaluation,natlake,1192,1339.4,61.1,-3.487255919877655,0.7799852810428025,247.1,0.6,-178.44948085564207,0.6269838727875197,0.5782037970495484,0.6391522004279294
default,Evaluation,rulebasedloc200,1192,1275.1,71.2,-7.957120277715589,0.7418251470676516,166,4.7,-161.6270272887036,0.4922234691194859,0.15407055161977776,0.5566138142515707
default,Evaluation,sdp,1192,2240.6,61.9,-3.435469984694784,0.7415004464514566,433.1,-1,-501.1595304921809,0.6169768009177432,0.08992317839941011,0.7438924805939986
default,Evaluation,starfit,1192,103.1,32,0.42115789031812645,0.9030386678458543,-7.2,0.1,-0.0631530084715981,0.8977539991842479,0.6266328514914999,0.8986415388700463
default,Fitting,gdrom,1192,32.7,32.3,0.7847640346588638,0.9248234407252054,-2.8,0.1,0.893272202543086,0.8955440016780081,0.9557773861072537,0.9067409663813094
default,Fitting,h06,1192,1272.7,66,-6.489569218397111,0.6846641070794071,172.7,-0.2,-160.99766623451148,0.5642768347006344,0.2087562314572286,0.5668958440238648
default,Fitting,natlake,1192,1644.9,63.7,-3.6587186687841635,0.7899176728075125,274.8,-1.6,-269.62392540895394,0.5945586649088082,0.46445549723484597,0.6276484698092558
default,Fitting,rulebasedloc200,1192,1940,60.6,-4.78347791535162,0.8135866352024625,320.5,-2.1,-375.437091843123,0.632560588199281,0.04490794667712763,0.6942306640769416
default,Fitting,sdp,1192,2210.3,61.4,-2.96008228083527,0.7605602029925509,380.3,-2.1,-487.61166109012026,0.6231313240905636,0.0010602306555486706,0.7350341882821002
default,Fitting,starfit,1192,137.2,31.4,0.059167440952439976,0.8994338802829007,-3.7,0.1,-0.8815698707415978,0.9011805475796187,0.5331972104753343,0.9025740971589445
fitted,Evaluation,gdrom,1192,39.4,15.1,0.7787882149819304,0.9881196686113477,-4.6,0.2,0.8449838990848819,0.9771310349088254,0.9573092253311684,0.9773320040819398
fitted,Evaluation,h06,1192,369.6,48.3,-1.4281039970271578,0.7673764191727197,-40.2,6.2,-12.66670393640979,0.7666332819718014,0.16264457311750832,0.7736598192591703
fitted,Evaluation,natlake,1192,190.7,32.5,-0.32584924386767855,0.8796549073737016,-23.5,1.5,-2.638837842136282,0.8940872298451146,0.8068564741066473,0.8971697176169032
fitted,Evaluation,rulebasedloc200,1192,869.5,69.7,-6.814527942384939,0.754398337327725,46.9,5.1,-74.6166787788759,0.5134895288338382,0.22826873439845344,0.5774451538729279
fitted,Evaluation,sdp,1192,2205.6,62.9,-3.5043326639684453,0.7415517285049429,424.3,-5.9,-485.5866249160173,0.6036511908443047,5.690843886733119e-5,0.7289855635173135
fitted,Evaluation,starfit,1192,151.4,32.6,-0.12045882681443154,0.9055873040189628,0.5,0.1,-1.2931801685356867,0.8937892105813589,0.5400655483349908,0.8943139249694967
fitted,Fitting,gdrom,1192,17.5,9.3,0.9064269323588389,0.994451776041416,-1.6,0.1,0.9694540564457238,0.9914421440932204,0.9873686842885021,0.9915023516269448
fitted,Fitting,h06,1192,535,44.4,-1.2827631748063548,0.7929014633489577,77.3,-0.2,-27.62849240128131,0.8026346439682672,0.06257373362885145,0.8091348362875029
fitted,Fitting,natlake,1192,192.3,30,-0.7620298563849308,0.8967496576595195,-5.6,0.3,-2.6970871679875374,0.9098450909114588,0.8275627912481527,0.9121557475652181
fitted,Fitting,rulebasedloc200,1192,1386,69,-4.0094233105384065,0.7547345329606798,221.3,-1.6,-191.1234170060017,0.5240313519904805,0.06730955724705033,0.6407793009054567
fitted,Fitting,sdp,1192,2208.5,60.9,-2.9560570009528555,0.7636315037291512,380,-2.1,-486.8329359444686,0.6287363669673155,4.1570354473419597e-4,0.7378142918653057
fitted,Fitting,starfit,1192,182.9,33.6,-0.3620461153136427,0.8940831994472045,1.5,0.1,-2.344433428370849,0.8868708134162343,0.42850012693956946,0.8878345586127555
default,Evaluation,gdrom,1194,334.9,128.1,0.05341229516744006,0.10591349320290833,-64.1,15.8,-10.219015030852006,-0.6412816112652788,0.4991351024145483,0.015067669336042939
default,Evaluation,h06,1194,578.3,100.9,-1.1961497981451297,-0.3830071741515293,108.1,11.8,-32.449243147283134,-0.01900593975479903,0.4588746856769968,0.001666370612599563
default,Evaluation,natlake,1194,220.1,92.4,0.05750679980774287,0.0571223416362473,38.2,2.6,-3.846210214719761,0.14631915707976095,0.6884290521262612,0.16627820609968408
default,Evaluation,rulebasedloc200,1194,2051.5,104,-3.1894012069136597,0.4903982963299046,418.7,-5.2,-419.9794124876937,-0.08175024678830334,0.7685882563795354,0.24829449228544775
default,Evaluation,sdp,1194,675.1,100.5,-1.966536252746732,-0.36599352250969175,121.2,34.2,-44.58494574029165,-0.009544494839451634,0.32134988536923675,0.004853942731880637
default,Evaluation,starfit,1194,458.4,140.6,-0.030882100576895555,-1.7970965487976982,-91.6,260.5,-20.02174937054668,-0.9770150781599425,0.2792483234195071,0.011419567736270703
default,Fitting,gdrom,1194,240.9,94,-0.050523398515688545,0.5042459690515526,-33.1,6.1,-4.80513919369474,0.11610376726291927,0.4436577571267552,0.2674345798594801
default,Fitting,h06,1194,1403.6,104.3,-4.225261026411634,-0.0082700966913178409,225.4,-3.8,-196.05010432005687,-0.08896393367708266,0.15558091281449438,0.020144110662129684
default,Fitting,natlake,1194,420.3,87.3,-1.1312564707941464,0.1839080027607759,58.3,-2.7,-16.67225492584807,0.2380389815089451,0.3661067725159211,0.27025786826436776
default,Fitting,rulebasedloc200,1194,1955.6,103.8,-3.086717323410398,0.4121064613259239,335,-18.2,-381.49271462321246,-0.07800848356414147,7.713828667545858e-4,0.1957978008735875
default,Fitting,sdp,1194,1533.5,99.9,-3.5130469690503503,0.08816698664764955,255,-9.8,-234.19231423631206,0.0018657634786591881,0.10971468271398323,0.062091958384645325
default,Fitting,starfit,1194,536.4,104.6,-3.718576815866588,-0.370928944694628,-9.5,51.7,-27.778816271947136,-0.09380010050843768,0.17887057316157157,7.658281067240139e-5
fitted,Evaluation,gdrom,1194,113,71.3,0.5698931084621224,0.5934078040584406,-18.5,9.9,-0.27730480254195333,0.4912416673967247,0.7793472415444413,0.49390009060601786
fitted,Evaluation,h06,1194,214.5,103,-0.6989748666175604,-0.2998435657762053,-11.9,10.2,-3.6001648414068104,-0.061212574393307184,0.5267055079834334,9.83891726760715e-4
fitted,Evaluation,natlake,1194,77.1,84.8,0.6278366455674556,0.26525684361668955,-7.9,3,0.4055461047303167,0.2808143567110958,0.7714423275322408,0.29467209204641087
fitted,Evaluation,rulebasedloc200,1194,275.9,100.8,-0.6757930248548181,-0.3415033794757891,-37.3,23.3,-6.61635974318323,-0.016317255941721065,0.4498847217699985,2.97945338204056e-4
fitted,Evaluation,sdp,1194,1039.4,101.7,-3.6440955181857024,-0.4119540507492425,185.9,-35.8,-107.05683181315774,-0.033975303045748584,0.07542882312068003,0.0010889622002656857
fitted,Evaluation,starfit,1194,60.7,84.1,0.7730008656807674,0.394092984637496,6.4,-3.7,0.631128860440393,0.293230633420396,0.7282034021880901,0.296673928912473
fitted,Fitting,gdrom,1194,102.2,59.4,0.4949332311608816,0.7159902208741533,-11.3,0.9,-0.04365981330656954,0.6475681107346876,0.749906296234285,0.6476987132406873
fitted,Fitting,h06,1194,713,103.8,-4.333734839341221,-0.31153647160832953,69.1,1,-49.83908665395297,-0.07855540312635556,0.16724244631614738,0.003538818260732894
fitted,Fitting,natlake,1194,130.4,72.7,0.0894993112225968,0.4740357061512621,-2.2,0.7,-0.701433363824532,0.47163053152288004,0.5710375170142866,0.4886082562605132
fitted,Fitting,rulebasedloc200,1194,1571.7,77.4,-2.15675210568683,0.5602902521638697,269.7,-14.7,-246.0823775726491,0.4007379929553887,0.024404635314341516,0.4209111691092923
fitted,Fitting,sdp,1194,664.3,98.7,-3.5112958368652345,-0.1448574919868879,75.2,0.8,-43.140694869053675,0.02492984943010168,0.2065704459897932,0.02746670547046211
fitted,Fitting,starfit,1194,116.2,78.4,0.29345962836463235,0.4077308191431652,3.3,0.4,-0.3505545082989514,0.3845910231263877,0.5345403635825287,0.39185107331502
default,Evaluation,gdrom,1197,441.8,84.8,-1.2909286495548775,0.29913036524126435,-20.8,28.6,-18.527428524508593,0.2808816330749804,0.31710475193678944,0.2901971905862065
default,Evaluation,h06,1197,2827.7,103.4,-2.9455373964178064,-0.6185826169236184,170.4,72.7,-798.8003810915108,-0.06989008793069718,0.15514482708615943,0.008264854696781966
default,Evaluation,natlake,1197,368.4,94.1,-1.3566629501590106,-0.015837433826340952,-14.4,28.2,-12.57721235255891,0.11487118468599511,0.37406394439453783,0.13696563171308654
default,Evaluation,rulebasedloc200,1197,4202.7,165.4,-1.695931089241737,-0.0651537601098624,256,48.4,-1765.7672255584052,-1.7372236077046592,0.3853377868131394,0.07961301462920843
default,Evaluation,sdp,1197,3737.4,102.9,-3.1362279436951264,-0.49980704404298093,226.4,82.4,-1396.234601033191,-0.060010931763794906,0.18547968598159376,0.015272033159115146
default,Evaluation,starfit,1197,94.3,80.2,0.8758929078797285,0.42137469927329196,-5.2,2,0.11026273776684992,0.3558219214258411,0.8622124459878061,0.355986954916018
default,Fitting,gdrom,1197,199.8,82.6,0.1250520197350149,0.3787414366192424,-12.9,1.4,-2.9915899055418436,0.3168326316740697,0.5858913297010684,0.31687276830417804
default,Fitting,h06,1197,1491.6,101,-2.6824588045917186,-0.5042497962068939,118.1,-12.1,-221.54019624254505,-0.02051022889032783,6.357781909208702e-5,0.025775644546316583
default,Fitting,natlake,1197,232.3,94,-0.5853561034256978,-0.0030248970146442566,-8.7,-2.6,-4.398836598777141,0.11606232532666128,0.3787514670543997,0.14426304296966527
default,Fitting,rulebasedloc200,1197,2796.7,137.6,-6.101084260264422,0.1589896666618723,222.5,-14.3,-781.3123003129468,-0.8926374721021961,0.04044033753741707,0.03393130418421047
default,Fitting,sdp,1197,2094.7,101.1,-4.18091182563179,-0.3877028726528424,166.6,-15.2,-437.85725734158666,-0.023066419278161776,0.0012744207271696804,0.0022727814875744706
default,Fitting,starfit,1197,78.5,85.6,0.8005257558437211,0.2906516805275551,-4.1,0.7,0.3830093508743818,0.2678163438539113,0.7059120517408374,0.2694621031339595
fitted,Evaluation,gdrom,1197,271.1,75.8,-0.39616462573447264,0.5211530382983754,-12.4,17.8,-6.3501601846609805,0.4259238200882729,0.5084389747157146,0.43279857488205115
fitted,Evaluation,h06,1197,531.9,102.2,-3.491089426929883,-0.42475432485569953,8.5,40.4,-27.295505632864842,-0.04392818561476619,0.1588336275085125,0.002129004749428172
fitted,Evaluation,natlake,1197,262.3,91.9,-0.845249969834672,0.05375703375234353,-8.2,13.3,-5.881420487806956,0.15454090479363203,0.4719529160402714,0.19121100857708637
fitted,Evaluation,rulebasedloc200,1197,2590.1,105.8,-10.03335541437806,0.13573658650684906,140.2,-36.7,-670.0685873960482,-0.11866390321593911,0.0019234632910280283,0.0765806912567578
fitted,Evaluation,sdp,1197,1592.8,100.5,-6.139742828540025,-0.3131359922272259,84,-22.6,-252.76858770159012,-0.011272865320244518,0.016879477568296154,0.0018488027137084507
fitted,Evaluation,starfit,1197,59,76.2,0.8612161336986786,0.46529446189212564,-2.7,1.8,0.6518708753664937,0.4192638599621231,0.8845273335182425,0.4221430029730747
fitted,Fitting,gdrom,1197,109.3,71.7,0.5458722361961368,0.5572899727234147,-6.7,0.6,-0.1940532910634314,0.4858228637887304,0.7675067545998374,0.4862398715720736
fitted,Fitting,h06,1197,441.5,100.8,-2.4683710378631663,-0.3762792712426348,11.6,-7.8,-18.49403287076176,-0.01695231659613139,0.1038172199798051,0.0012616419902423519
fitted,Fitting,natlake,1197,173.2,92.1,-0.26333842847254907,0.0584420122139615,-1.5,-3.6,-2.0020713043969742,0.1521583193739453,0.4421051647254674,0.18231984629323314
fitted,Fitting,rulebasedloc200,1197,2205.7,92.9,-4.295722275044336,0.3805245732011433,175.8,-6.6,-485.59163533316405,0.13685820560462414,0.025122850342360323,0.2058839778941147
fitted,Fitting,sdp,1197,652.9,100,-4.297064312759492,-0.3991877691642718,15.5,2.4,-41.63029517806435,7.215102731428225e-5,9.723254225805555e-4,1.4522012211950314e-4
fitted,Fitting,starfit,1197,57.1,80.3,0.8711138887814107,0.3774436163369629,-2.5,0.2,0.6744080131860553,0.35517470317751854,0.7923627808890078,0.3614601506787447
default,Evaluation,gdrom,1220,266,83.3,-0.33065137135197653,0.40044882470769183,-41.2,16.3,-6.0786326852038295,0.30643387595442384,0.5632104658541167,0.313361415402992
default,Evaluation,h06,1220,1364.9,101.9,-5.426231973208862,-0.38064698820332965,234.9,27.8,-185.35280884101294,-0.03862576954757824,0.2225203239663518,0.0018964160527596254
default,Evaluation,natlake,1220,601.5,91.1,-2.0136206597000825,0.09749721368544306,99.3,14.7,-35.184982824653446,0.17037048638204533,0.4439281486198594,0.18571527810004
default,Evaluation,rulebasedloc200,1220,2918.7,107.9,-4.72771556090272,0.45300626125503696,572.2,-0.4,-851.1008866425154,-0.16420728345877533,0.6026035227583327,0.20912653294509678
default,Evaluation,sdp,1220,2278.9,99.1,-6.358643167494431,-0.13357180127602897,428.1,39.1,-518.4804970057852,0.017957211912275395,0.2374202142073057,0.04060615367013807
default,Evaluation,starfit,1220,67.1,73.7,0.8295547334331017,0.5379975648332277,-8.6,2.7,0.5498478845125397,0.45669891458743295,0.7833539294986045,0.45678093281279236
default,Fitting,gdrom,1220,134.5,84.8,0.3823153832566569,0.45294279282055017,-15.3,0.6,-0.8106271151564794,0.28023613115978985,0.5223622998563803,0.3006959108342022
default,Fitting,h06,1220,1596.9,102.4,-4.658243933821893,-0.44657178892603566,276.3,-12.1,-254.06191710109746,-0.049377920365561545,0.011659805078006645,0.019518643613474815
default,Fitting,natlake,1220,680.3,92.8,-1.205404991284233,0.04268811024198005,118,-7.5,-45.29363997762919,0.1394929947726694,0.25864339946812703,0.1621747667344399
default,Fitting,rulebasedloc200,1220,2622.5,107.6,-5.795338139061948,0.28267630854855297,475,-19.7,-686.8659515950841,-0.15720626910804003,0.004741485108812246,0.10860972732223617
default,Fitting,sdp,1220,2326.4,105.1,-6.172338294849994,-0.13072090456325336,413.2,-19.8,-540.3092238137618,-0.10449571171243899,1.7051408085124595e-4,0.004837896744977068
default,Fitting,starfit,1220,77.4,78.4,0.8010504858035469,0.44958263447424585,-9.2,0.2,0.4011795376749405,0.384740634379131,0.6947826357598516,0.3851145786582688
fitted,Evaluation,gdrom,1220,149.6,79.5,0.3356052913239058,0.5354889454708238,-21.8,9.4,-1.23783563535956,0.3680430576924313,0.6358117311033522,0.385282391422159
fitted,Evaluation,h06,1220,612.9,107.6,-4.238961788073221,-0.3101065818926889,42.1,24,-36.58099824098875,-0.15720734416553572,0.27242705641665294,0.00780937494097649
fitted,Evaluation,natlake,1220,170.8,81.2,-0.14984345913397257,0.3298998481214652,-18.3,7.5,-1.918999513083138,0.34061914503739743,0.6594031023282266,0.35780526984379146
fitted,Evaluation,rulebasedloc200,1220,1850.5,91.4,-8.94578717467348,0.11838192037712536,298.5,-37.4,-341.52219855098366,0.16517333766440911,0.0020065205209542233,0.1783868185806898
fitted,Evaluation,sdp,1220,1579.3,99.6,-6.026974547999596,-0.2335281611803941,275.3,-18.3,-248.50015273311976,0.00870200134595911,0.06595426789878829,0.013535913145311001
fitted,Evaluation,starfit,1220,57.7,77.4,0.850613166397148,0.49835873084021287,-5.9,0.8,0.667368601323814,0.40139386327206583,0.762290576368612,0.401932599710285
fitted,Fitting,gdrom,1220,83.4,75.2,0.7852466149620383,0.589153799300224,-10.7,0.4,0.3043624123014407,0.43399519685987664,0.6959299300689898,0.44312876823774583
fitted,Fitting,h06,1220,622.7,105.2,-3.180505831816939,-0.3649240825393911,72.5,-6.9,-37.77850192616168,-0.10647114994067652,0.08890780753556712,0.014792419446232602
fitted,Fitting,natlake,1220,129.5,83.9,0.1426890034211642,0.2744651904826908,-3.6,-1.1,-0.6783839352428642,0.2951664761702023,0.5321491211325136,0.31412677347613477
fitted,Fitting,rulebasedloc200,1220,2135.7,89.7,-4.362988816757377,0.4062819647835274,387.2,-16.2,-455.18523689964184,0.19509040176246029,6.617437454632456e-4,0.25005895824780505
fitted,Fitting,sdp,1220,912.6,99.8,-4.3971618268512875,-0.32777022354580043,125.3,-2.6,-82.30618200649546,0.002859253042970633,0.010353616452259884,0.0031080078408757175
fitted,Fitting,starfit,1220,62.1,80.9,0.7884184699620046,0.41694127592089114,-6.2,-0.2,0.6147335968077767,0.3451514750948914,0.7259048633774092,0.34515261690745186
default,Evaluation,gdrom,1237,171.5,70.6,0.10850630989352483,0.5952546655811722,-34.1,14.7,-1.940880833718929,0.5019003311040033,0.5536029671780666,0.5061360593288771
default,Evaluation,h06,1237,1030.1,102.9,-4.38968289540323,-0.3916278133633526,252.4,15.6,-105.14607806762554,-0.059708625791004,0.20813058991851618,0.009728161628317114
default,Evaluation,natlake,1237,493.1,88.6,-1.5313426417224343,0.17206568810340583,119.6,8.7,-23.323944312722332,0.21547171849535474,0.46674949219115025,0.23010613110134154
default,Evaluation,rulebasedloc200,1237,2016.5,95,-4.780874451984201,0.5460071831475135,578,-4.6,-405.7260205720379,0.09657268517977857,0.7772572499043924,0.3007157976570605
default,Evaluation,sdp,1237,1444.7,101.4,-4.608506621278067,-0.057436221819819444,392.6,23,-207.7637211364004,-0.02916963802321315,0.20662815179447466,0.027456480964209266
default,Evaluation,starfit,1237,46.4,69.2,0.8907602649239849,0.6176993131609376,-9.4,2.6,0.7845093085303037,0.5206959402401832,0.8964699900376013,0.5210596260781215
default,Fitting,gdrom,1237,74.3,75.2,0.7409690022173551,0.6069709470375133,-12.1,0.5,0.4480563452442575,0.4345967363839742,0.6781472736354197,0.4484101373483332
default,Fitting,h06,1237,976,125.4,-3.143771747527806,-0.017753256846217313,310.7,-8.4,-94.26530593273843,-0.5731266271833937,0.05237060462997663,1.5549819508880645e-4
default,Fitting,natlake,1237,431.4,89.5,-0.7791621883738884,0.13078845851340137,135.8,-6.8,-17.611210355668618,0.1981056276829486,0.36962028971443867,0.22650852738945176
default,Fitting,rulebasedloc200,1237,1371.3,131,-3.8864089988648765,0.23188474677942383,460.6,-14.9,-187.07221538900873,-0.7168182253668598,2.2534555236725914e-4,0.06777153938560448
default,Fitting,sdp,1237,1151.2,121.8,-3.346735877088105,0.06625110497083653,380.6,-13.6,-131.5491393251727,-0.48372597747136337,0.04950871612479375,0.009683504867556446
default,Fitting,starfit,1237,57.5,78.4,0.7289268607016315,0.47673556325627775,-11.5,0.2,0.669034868430066,0.38532977801706625,0.7937466295539528,0.38566148565803093
fitted,Evaluation,gdrom,1237,124.7,66.9,0.4645887773637949,0.6380390808061311,-28,9.1,-0.555817448041219,0.5526576887033958,0.7315012389841627,0.5537555188546117
fitted,Evaluation,h06,1237,539.2,111.5,-3.538453015472525,-0.26484448432517427,57.4,18.7,-28.08256181931317,-0.24246923022516675,0.29401441469710965,0.009599043802760557
fitted,Evaluation,natlake,1237,121.9,76.6,0.18809115837127788,0.42687155391733733,-15.9,5.5,-0.4861043649763237,0.4126952825186011,0.7048937006063228,0.4233239714035846
fitted,Evaluation,rulebasedloc200,1237,1417.5,88,-5.980102449326179,0.32401067844585774,360.9,-31.6,-199.9795081082807,0.22464829013132392,0.2422918560383734,0.25809438276355223
fitted,Evaluation,sdp,1237,890.3,98.3,-4.052228751736403,-0.15665617079874705,209.7,-4.5,-78.29390773533298,0.033034696888069814,0.3203924526834908,0.03323872558046296
fitted,Evaluation,starfit,1237,51.8,72.8,0.8715377892875951,0.5764357969867362,-8.8,1.6,0.7312853399498244,0.4699293929286106,0.8410249058902952,0.4708417528265279
fitted,Fitting,gdrom,1237,81.9,82.7,0.6722195561892628,0.5039759407748162,-18.6,0.7,0.3297468514783486,0.31621461973645437,0.6276502448682698,0.3389134677243382
fitted,Fitting,h06,1237,465.7,107.7,-2.0823439145541127,-0.22925784724137577,101.4,-4.7,-20.691465504091834,-0.1601477725735816,0.14130409579631908,0.002126937486066765
fitted,Fitting,natlake,1237,76.4,82.7,0.6680008764310574,0.33442685656955484,-2.9,-1,0.4154509892945739,0.3158809490889619,0.6378183650817048,0.32102742068500023
fitted,Fitting,rulebasedloc200,1237,1119.5,91.1,-2.954040706875675,0.4354418538995277,376.4,-12.4,-124.35621233616685,0.16998863375488515,0.012908922648160076,0.24821963011443837
fitted,Fitting,sdp,1237,683.1,98.5,-2.1872484722733745,-0.12416375726119866,207.3,-6.3,-45.67149111926065,0.03033881265611571,0.1116354977640075,0.0333726874545104
fitted,Fitting,starfit,1237,54.2,79.1,0.7954302432861884,0.4411793152746992,-9.5,0.1,0.7066130411111953,0.3747947517885948,0.7852382086202158,0.3750175456349364
default,Evaluation,gdrom,1243,37.8,163.4,0.6598958754053658,-4.009678791283775,8.8,492.2,0.8571543319928588,-1.6709563410847714,0.9847977486229971,0.010537157264833905
default,Evaluation,h06,1243,62.8,109.8,0.4869600502157555,-1.1722572055953986,35.8,194.1,0.6057361859614325,-0.20526387303257287,0.9876559239290104,0.042990047042469524
default,Evaluation,natlake,1243,18.8,143.2,0.9152488487034585,-1.550514832030549,-7.8,241.4,0.9646781148435569,-1.0508718487898907,0.97798453619381,0.03215958782932204
default,Evaluation,rulebasedloc200,1243,143,110.6,-0.12358419489125838,-1.4167584285241213,89.9,209.7,-1.0445459577845089,-0.22304394028938979,0.9630024652236779,0.012871010993081931
default,Evaluation,sdp,1243,153.1,569.5,-0.28485724660744904,-9.897128218630526,-89.4,1002.5,-1.3458214575931016,-31.444922595168528,0.19899160932584764,0.0021075770951022575
default,Evaluation,starfit,1243,116.6,420.3,0.14264684702523855,-16.89189209330977,-69.7,1783.6,-0.3600043238641084,-16.669740377666663,0.6147184180108907,NA
default,Fitting,gdrom,1243,54.3,101,0.6159985652814626,-0.4379726201871872,16.9,-39.3,0.7047512618556226,-0.020662222433611266,0.9016988448508615,8.443239346681528e-4
default,Fitting,h06,1243,53.4,100.8,0.6039336683479175,-0.4685974036864049,15.5,-44.2,0.7149358845786284,-0.016238029900011997,0.9091152493966659,3.3373642052447744e-4
default,Fitting,natlake,1243,88.2,106.5,0.42060131720067895,-0.2967007796930221,-29.6,9.3,0.22120320439040608,-0.13345827238461627,0.627063461927601,0.006738219342144676
default,Fitting,rulebasedloc200,1243,98.7,101.9,0.37322566906386967,-0.5697831264670741,39.4,-74.1,0.025077734275490315,-0.037755161155382355,0.750153878479488,1.91919839284202e-4
default,Fitting,sdp,1243,176.4,126.1,-0.005151276584823172,-0.7709375045616067,-77.2,137.4,-2.1110494699563973,-0.5902518556070211,0.2514123507300129,0.0028785678976882786
default,Fitting,starfit,1243,70.1,101.2,0.6739451830925673,-0.5379513254365753,-31.7,60.4,0.5085319416733867,-0.025052608433746792,0.9050523863399638,NA
fitted,Evaluation,gdrom,1243,91,351.4,0.409578355626358,-10.20259412326473,-53.5,1108.5,0.17193358291410943,-11.351446473172844,0.7159717971898116,0.02564412911151579
fitted,Evaluation,h06,1243,44,114.9,0.6266789193486675,-1.4496744334981173,21.4,226.6,0.8059365257553254,-0.31949687905497237,0.9895163210368966,0.04260901321880741
fitted,Evaluation,natlake,1243,7,99.4,0.9531597140850787,-0.11427579433746793,-4.6,45.5,0.9951494034239549,0.011241972035875958,0.9992203778187583,0.04420939964210301
fitted,Evaluation,rulebasedloc200,1243,59.9,241.4,0.6286018534908624,-7.212018666253483,-36.4,816.1,0.640725982888353,-4.830628119508232,0.8913845537522891,0.020131963813719095
fitted,Evaluation,sdp,1243,78.9,298.6,0.505491493068637,-8.222035316351391,-46.5,912.3,0.3767487837463712,-7.918248645488269,0.7853748493627378,0.028417736016186072
fitted,Evaluation,starfit,1243,59.7,308.9,0.6288505227733037,-10.578379162463294,-36.3,1153.4,0.6431603214348631,-8.543838494567536,0.8919952438179529,4.727944857502032e-4
fitted,Fitting,gdrom,1243,124.6,109,0.38220681089654407,-0.524904007972913,-55,85.3,-0.5530707879800145,-0.18906620734564372,0.6396192485744002,0.003923100849238212
fitted,Fitting,h06,1243,44.4,100.7,0.6500952598827328,-0.4409990820030407,8.6,-34.9,0.8026377424327122,-0.013368730503406256,0.9193702969150902,6.534311485558983e-4
fitted,Fitting,natlake,1243,46.3,101.6,0.6223759406853853,-0.424396729678185,0.8,-29.5,0.7854581704751045,-0.0333372980660247,0.8834705275155895,0.005081003542230698
fitted,Fitting,rulebasedloc200,1243,86.9,101.7,0.4942817590676002,-0.461550277695187,34.3,-51.2,0.2448339391467823,-0.035021753715965165,0.758345907703865,0.0010824010959482116
fitted,Fitting,sdp,1243,47.3,101.2,0.7866240291285346,-0.39560974401709825,-20.8,35.7,0.7765778807696853,-0.02345474568735484,0.9477543988554451,1.6830984310904607e-4
fitted,Fitting,starfit,1243,33.1,99.5,0.81211086946629,-0.2578618251308946,-8.9,6.7,0.890652546589247,0.008956820178191771,0.9395200294587732,0.00989062884623234
default,Evaluation,gdrom,1247,80.7,47.4,0.6101005322210786,0.8651516179070482,6.9,4.6,0.348969519872943,0.7753566398401198,0.6974178830273021,0.7801689468391085
default,Evaluation,h06,1247,796.9,108.6,-3.240983617348088,0.40561291495010465,153.9,12.4,-62.52202104010183,-0.17865802081069249,0.2656903647724726,0.1754449777979128
default,Evaluation,natlake,1247,352.9,74.7,-0.9074921495934556,0.6149523251569441,67,5.9,-11.459865727067355,0.44123930115673593,0.6436074672571149,0.4571329641111864
default,Evaluation,rulebasedloc200,1247,1380.1,95.4,-2.3405950208250124,0.5628426887693323,320.7,5.7,-189.5198611028681,0.08874147131422605,0.3965661415669521,0.46437243708354103
default,Evaluation,sdp,1247,765,110.7,-2.6933330104596984,0.4159301102458025,155,13.6,-57.53764704446955,-0.2251450934524799,0.3595908783301546,0.19182761973283868
default,Evaluation,starfit,1247,149.7,72.6,-0.08796821656438802,0.5252782222426569,7,1.7,-1.2421456416081202,0.4725614780053603,0.5592263662016747,0.47485474846820547
default,Fitting,gdrom,1247,51.4,57.8,0.8662040144503648,0.7929640913538064,-1.5,-0.7,0.7356295174151228,0.6658724880951319,0.7531743540440156,0.6720502538862237
default,Fitting,h06,1247,680,111.3,-2.0033470727195173,0.43551436942539,154.2,0.7,-45.24384597146686,-0.23866203178021994,0.4270584983265416,0.19876903982479197
default,Fitting,natlake,1247,292.3,79.5,-0.5528890188378583,0.4793261390320599,59.7,-3.5,-7.54291781898573,0.36809477689491454,0.6485253337330728,0.3707531636470378
default,Fitting,rulebasedloc200,1247,989.5,93.2,-1.6356777983854536,0.5839305530342027,246.6,-8.8,-96.92365362623316,0.13171399423811125,0.0827307391135452,0.3612732470036031
default,Fitting,sdp,1247,677.8,107.6,-1.7308181960163007,0.3976903532603888,157.2,-5.8,-44.94300023550947,-0.15769342085845994,0.3917713107265227,0.16120705167715166
default,Fitting,starfit,1247,162.4,77.7,-0.23425595527846177,0.43070425239086296,0.3,-0.3,-1.6384954525451652,0.3963685043668016,0.5338663114842372,0.4011042874460593
fitted,Evaluation,gdrom,1247,101.9,43.8,0.3173555310683127,0.869620798898877,-0.1,4.9,-0.03825085285441432,0.8085262158927314,0.6680481611240299,0.8099411865197009
fitted,Evaluation,h06,1247,533.1,99.7,-3.6429888787238873,0.3088422581866287,34.6,12.7,-27.4320876249096,0.0054636557443240585,0.3072920522632823,0.13966180031937128
fitted,Evaluation,natlake,1247,79.6,57.3,0.4563471051307969,0.8211134869961858,4.6,0.9,0.3660416636289232,0.6719167904454317,0.8065865617303757,0.6865737853927071
fitted,Evaluation,rulebasedloc200,1247,926,78,-2.320330941150039,0.6912210303396863,200.3,-10.9,-84.77845025203436,0.39207422857104357,0.020239499542335,0.5266289948601292
fitted,Evaluation,sdp,1247,508.6,94.7,-1.4942402983521572,0.5123253460592949,99.8,-5.8,-24.877647406587105,0.1022933783744927,0.3654430851464583,0.2711053082066046
fitted,Evaluation,starfit,1247,233.8,78.9,-0.6870313991017112,0.41050369181020785,23.7,-0.5,-4.468649822552066,0.3780136642465106,0.44263445651625055,0.3826454265314472
fitted,Fitting,gdrom,1247,58.6,43.4,0.7977853427302077,0.8583202406420481,-5,-0.5,0.656404500335684,0.8117842648634368,0.7716107360323737,0.8117941404672395
fitted,Fitting,h06,1247,430.1,97.4,-2.3065756079743656,0.37743610613326595,56.8,1.5,-17.50539460821397,0.05074804085791795,0.42438615099717203,0.17637103238617213
fitted,Fitting,natlake,1247,64,66.9,0.6802556886869032,0.6946403383154984,-1.7,-0.9,0.5898448102806031,0.5519119596906494,0.7690212749668616,0.5585475273599215
fitted,Fitting,rulebasedloc200,1247,761,74.3,-1.012407531376657,0.7206892657936078,189.4,-7.1,-56.915832563282265,0.44767874038644184,0.178472521372184,0.5339697101459691
fitted,Fitting,sdp,1247,344.7,94.5,-1.4110667743734275,0.34758728744165746,53.1,-2.4,-10.881707738349666,0.10695979637403596,0.483060839469592,0.17994929071874136
fitted,Fitting,starfit,1247,217.8,86.2,-0.666706429903962,0.3588921366614214,19,-1.1,-3.7439929733705393,0.25609852121303467,0.5051913388249091,0.2615457656746179
default,Evaluation,gdrom,1266,100.5,48.1,0.4924537030078293,0.8831572206306512,-2.7,2,-0.010634891706961191,0.768207245883983,0.5206439123073514,0.7840065446623273
default,Evaluation,h06,1266,610.6,93.7,-4.289537646488689,0.0942996669959224,34.1,12.7,-36.297221297109104,0.1217514990359817,0.5239200159374062,0.123224709158276
default,Evaluation,natlake,1266,296.3,96,-1.4399847799401928,-0.046257941004173686,15.4,6.1,-7.782900395988271,0.07889856988663313,0.5719504008667197,0.08116370081523827
default,Evaluation,rulebasedloc200,1266,1208.2,54.9,-0.8221635352106305,0.6765978182738086,167,-11.8,-145.0172301782372,0.6989720617065958,0.9534002939975517,0.7091848400882825
default,Evaluation,sdp,1266,707.6,88.3,-2.5195715028255203,0.2220039250553989,83.4,7.5,-49.077388698906546,0.22065952770440678,0.5642827364853885,0.22225572056840698
default,Evaluation,starfit,1266,122.3,85,0.40497583886070887,0.3278356236793608,-11,3.5,-0.4953950393122377,0.2768440911238047,0.6791741151723188,0.27689123221531353
default,Fitting,gdrom,1266,64.9,45.8,0.812566166046225,0.8945122994378629,2,-0.4,0.5785546295667028,0.7897748853072253,0.6620615076916293,0.8062780134038212
default,Fitting,h06,1266,927.1,90.5,-4.752419162403164,0.17330232179914584,63.7,-5.4,-84.97481808938075,0.18019225653809168,0.4867794761807497,0.18065457368269247
default,Fitting,natlake,1266,453.9,96.9,-2.3606063181619343,-0.09381981136079576,24.2,-3.4,-19.61020964164771,0.061490220820417885,0.5368057241663853,0.06431807531914335
default,Fitting,rulebasedloc200,1266,1649.8,47.9,-1.2038398996908937,0.7380261091133276,148.2,-12,-271.231769132677,0.7705356194305484,0.22848866816049074,0.7784171404928468
default,Fitting,sdp,1266,1253.4,83.3,-2.988451243431114,0.32411293789251616,107.2,-10.7,-156.13186554061252,0.3057269711516353,0.529595683880331,0.3094646700029817
default,Fitting,starfit,1266,195.5,85.9,0.01634767086800548,0.31242777760651586,-11.1,-0.1,-2.8239461863038264,0.2623828701447568,0.3517566120284518,0.2623928143302387
fitted,Evaluation,gdrom,1266,176.9,61.2,-0.23807744299817868,0.6586434274325135,-15.6,2.9,-2.131272293309657,0.6256454555163666,0.8426968473992519,0.629763492843114
fitted,Evaluation,h06,1266,430.4,93.8,-2.907076391139811,-0.004445886812928901,-3.3,9.9,-17.528469874716837,0.11975250806669535,0.43622715976727644,0.1590150993637001
fitted,Evaluation,natlake,1266,187.5,93.4,-0.4590262640814029,0.051525703240388854,-8.8,3.6,-2.51662889214891,0.12647179695568322,0.6202884770105003,0.13019925803175958
fitted,Evaluation,rulebasedloc200,1266,759.3,119.6,-0.4390909152848288,0.35153873415199877,103.1,-17.6,-56.66562339245393,-0.43180174818204264,0.4134370633376753,0.344970102237382
fitted,Evaluation,sdp,1266,320.6,96.1,-1.2171186375709713,0.024956296594047855,26.2,-1.5,-9.27920263431943,0.07632972825451734,0.48035867837664736,0.07968776282496493
fitted,Evaluation,starfit,1266,198,89,-0.49691604911198417,0.16678403194601998,2,0.8,-2.9207558917837804,0.20748783053300535,0.4022843830523068,0.21971527972182012
fitted,Fitting,gdrom,1266,147.8,34.6,0.11522724685751218,0.9052105355332106,-8.5,0.2,-1.183983095585944,0.8800088926491657,0.7297038700180706,0.8801079238192148
fitted,Fitting,h06,1266,498.1,94.8,-3.3186851932451926,-0.03310647703617198,14.8,-1.9,-23.81650134006874,0.10123762400107295,0.42920080683137846,0.1360596307281978
fitted,Fitting,natlake,1266,257,93.6,-1.2149371317902031,0.03753454860850303,-3.6,-0.7,-5.608450916273212,0.12286317727108698,0.5614234106951267,0.12871665356505987
fitted,Fitting,rulebasedloc200,1266,1065.5,139.3,-0.38118559914480876,0.17351030825138103,95.6,-7.8,-112.55287991076148,-0.9413407114899222,0.3863308736402501,0.33305689728527377
fitted,Fitting,sdp,1266,553.4,100,-3.1945301008330595,-0.1953606536300161,28.9,-3,-29.627348027923308,-6.085224551168888e-4,0.4979469983956345,0.010728794184472144
fitted,Fitting,starfit,1266,241.1,89.3,-0.7206410395219625,0.1682319928817606,7.2,-2.1,-4.8154496203207735,0.20305022962634367,0.29253442195598045,0.21159366778403682
default,Evaluation,gdrom,1269,63.3,80.3,0.581994008266147,0.6862181066138797,2.2,2.2,0.5986986294380677,0.35532601009453135,0.6658031849337,0.4744025604463256
default,Evaluation,h06,1269,453.6,111.1,-0.7116287297866126,-0.15230140554176397,-50.2,15.4,-19.58329959245569,-0.23468708001422534,0.3476578507288734,8.887604854371989e-5
default,Evaluation,natlake,1269,352,83.1,0.46384546776927793,0.3118187354206846,-43.2,9.7,-11.390878303363133,0.30904627309911537,0.6209279568174084,0.32098546738376826
default,Evaluation,rulebasedloc200,1269,380.3,107.1,-1.0299684998503564,0.14679508177426326,-32.2,21.6,-13.467098668486466,-0.14780060842477316,0.041496453695812126,0.05812068072316378
default,Evaluation,sdp,1269,149.2,89.5,0.0839724783365996,0.41694189699019046,-4.8,10.6,-1.2259991936351606,0.19896870797574617,0.38748443795123094,0.2505323261940452
default,Evaluation,starfit,1269,59.2,78.6,0.6647033175040595,0.5210257018200113,-0.3,2.4,0.6492827716527256,0.38206203901843827,0.6577169012839558,0.3888728416112926
default,Fitting,gdrom,1269,61.2,64.3,0.7367757855789897,0.7979029368458903,0.4,-0.7,0.6250177928006231,0.5867690111238373,0.628987719644003,0.6484849245769337
default,Fitting,h06,1269,368.2,100.9,-1.4297318154182022,0.147105467777792,-22.6,0.6,-12.557560233795396,-0.018582306933896175,0.39210438232729394,0.07087963444025255
default,Fitting,natlake,1269,332.1,76.9,-0.06391570639225908,0.4496588081169959,-29.9,2.1,-10.028968474502948,0.4091939136231093,0.669541862109945,0.41322083669735
default,Fitting,rulebasedloc200,1269,178.2,68.3,-0.10884567283843682,0.7735525820015646,6.5,-1.2,-2.1751004681902413,0.5340568910406158,0.3428382337732461,0.6090083345491009
default,Fitting,sdp,1269,170.9,98.7,0.24022459961450393,0.5533728245189047,11.9,-1.6,-1.9227048040416235,0.02624368858846804,0.5017192999896061,0.41843682930043385
default,Fitting,starfit,1269,59.6,61.1,0.8025687736962883,0.7278136506331434,0.9,-0.5,0.6448891772100258,0.6269409537537547,0.7301389343624813,0.6279530863266218
fitted,Evaluation,gdrom,1269,216.1,75.5,0.10592645333540562,0.45638208184529394,-20.5,9,-3.6732662265095346,0.4295390242540462,0.35890669019627247,0.438707081428822
fitted,Evaluation,h06,1269,263.6,93.3,-0.35385938102121606,0.15776104099846489,-21.1,14.6,-5.947904485906081,0.12930391048410228,0.13947157791068082,0.14256891566193045
fitted,Evaluation,natlake,1269,113.8,84.5,0.5885619311329724,0.29154913805429516,-10,4.5,-0.29603492603814074,0.28584567901287383,0.6344379022335593,0.29282001916144923
fitted,Evaluation,rulebasedloc200,1269,314.5,104.8,-0.3364831517956086,0.16729249498708965,-30.2,13.6,-8.892877655275926,-0.09871712965595747,0.10510056256902899,0.06534737016322656
fitted,Evaluation,sdp,1269,78.9,77.5,0.8319171450615445,0.5780469153305536,7.7,-0.5,0.3771787497478887,0.3999164628538274,0.796239052381936,0.41604085105891697
fitted,Evaluation,starfit,1269,76.5,84,0.6773903447967015,0.49439351448117785,-4.9,1.3,0.4144766863742324,0.29346796800053687,0.5670144686560302,0.32244340983407777
fitted,Fitting,gdrom,1269,115.4,60.6,0.37566724623552517,0.7933012491937004,-5.3,-0.3,-0.33195306218466114,0.6322200156274109,0.6048502588556656,0.648154762821577
fitted,Fitting,h06,1269,179.3,85.6,-0.21779473888169654,0.6144245272847628,5.2,-1.2,-2.2154584232848338,0.2675646707930499,0.3993753441838144,0.38111050767433546
fitted,Fitting,natlake,1269,106.2,74.6,0.22667006490504693,0.7138453652434404,0.3,-0.5,-0.12802560737645363,0.44337015958865267,0.70959136398163,0.5111638421264962
fitted,Fitting,rulebasedloc200,1269,158.2,60.1,-0.06031302843924213,0.797066397606145,-0.1,-0.7,-1.50180322140953,0.639281363765389,0.3804017508547592,0.6544186786641535
fitted,Fitting,sdp,1269,116.9,86.3,0.32933987123807695,0.6504313340760335,5.6,-0.9,-0.36785254419004376,0.25515355097845616,0.6528471941525037,0.43951259986954117
fitted,Fitting,starfit,1269,65.2,62,0.7781129205929191,0.6930534366771596,-0.8,-0.4,0.5751584876126858,0.615813660474944,0.679051094361467,0.6158383609987521
default,Evaluation,gdrom,1273,117.5,52.1,0.4896520180825099,0.7746606103029526,-19.9,9.8,-0.3815000252267544,0.728470207466656,0.7223792073521459,0.7300317715956071
default,Evaluation,h06,1273,891.4,88.9,-2.8472794793746994,0.19150592498051677,185.7,23.2,-78.47981574764411,0.20885956347400347,0.40864337223839675,0.21848128731767108
default,Evaluation,natlake,1273,217,72.8,-0.48115448485596213,0.44722500575345436,30,12.4,-3.7113109849249044,0.46958180327679466,0.6474735072695796,0.49594316858774257
default,Evaluation,rulebasedloc200,1273,1399.8,95.3,-2.242118760817917,0.5870962898084159,321.8,-0.8,-195.00601716453116,0.09072938727793534,0.48377209217207223,0.3937654187935192
default,Evaluation,sdp,1273,893.9,89.5,-2.544741957102524,0.22650879260407453,190.4,22.9,-78.93630359050945,0.19936283849445002,0.43278469759099286,0.2095174471767543
default,Evaluation,starfit,1273,29.8,49.1,0.9546803663018631,0.7912090572431825,-0.1,-0.6,0.9114052597035746,0.7589091801217176,0.9127577280943843,0.760263706694028
default,Fitting,gdrom,1273,70.2,53.7,0.8140718803432756,0.8267870274730931,-8.9,0.1,0.5070980683484553,0.7119709342178755,0.7015633565044925,0.7171833370292068
default,Fitting,h06,1273,919.8,98.2,-2.4845259441542966,0.2801984940716439,179.5,-10,-83.61776941052773,0.03579111449655081,0.12703465001003347,0.13392719172686793
default,Fitting,natlake,1273,238.4,75.6,-0.272680474243308,0.42186177692676996,36.9,-4.9,-4.683486513852645,0.4288704291299371,0.5005787902836152,0.450368862360859
default,Fitting,rulebasedloc200,1273,1257.7,88.7,-2.356503883674913,0.5925182053215734,260.1,-15.3,-157.20214886117878,0.21229667022862064,0.007022577512971799,0.389468548125912
default,Fitting,sdp,1273,871.9,91.7,-2.2911987688803634,0.2451922414708254,169.8,-10.3,-75.03484836531382,0.15912829679803997,0.11509992706724431,0.174944970646568
default,Fitting,starfit,1273,47.7,54.9,0.8770077928615003,0.7110502731059736,-4.2,-0.2,0.7723720345053449,0.6984822008576526,0.8128432710622364,0.7048622403565556
fitted,Evaluation,gdrom,1273,56,46.1,0.8570664558399659,0.8397230434535723,-8,4.1,0.6861258745878764,0.7874735256686229,0.833856695277404,0.7877773985575328
fitted,Evaluation,h06,1273,466.4,111.3,-2.764455340214933,-0.29536276385205973,48.6,21.8,-20.763036367881472,-0.23825814387653632,0.3936686604530851,0.013296942718887475
fitted,Evaluation,natlake,1273,93.3,67.5,0.4790415126849823,0.6382188687115784,-9.8,3.7,0.12884121829059525,0.5440797022226929,0.7192167725447035,0.5445330882243358
fitted,Evaluation,rulebasedloc200,1273,990.8,77.4,-1.9099919155470286,0.531570685797573,219.2,-29.4,-97.19083257386265,0.40000450004929244,0.026541686974020935,0.44661780408819574
fitted,Evaluation,sdp,1273,587.6,96.4,-2.079395110785534,-0.06168404662829885,110.8,2.4,-33.5356040865803,0.07080695430500883,0.3259527876481371,0.07239506790059089
fitted,Evaluation,starfit,1273,52.2,69.1,0.8047404895996538,0.6503820528784297,-2.1,0.3,0.7269670436018232,0.5225680476901771,0.806786884922151,0.5259965242729022
fitted,Fitting,gdrom,1273,41.7,49.2,0.851557417182962,0.8463347094886275,-3.6,0.4,0.8258409675794477,0.7583502944920376,0.8573751467226204,0.7602277977482397
fitted,Fitting,h06,1273,589,104.2,-3.0498743919980136,-0.12070931477476998,78.4,-6.3,-33.6991205236703,-0.08632130645218372,0.1782996739482482,0.005311655121954097
fitted,Fitting,natlake,1273,89.5,65.5,0.5938866488327059,0.6140363660210888,-3.2,-1.6,0.19866315160764425,0.5706495123652555,0.5464047159683931,0.5740533102430914
fitted,Fitting,rulebasedloc200,1273,996.8,68.3,-1.5642687915801243,0.7075354283369931,206.4,-12.2,-98.37985629179369,0.5334061138067091,0.02155650622913342,0.5630708183052756
fitted,Fitting,sdp,1273,557.4,96.1,-3.0377716227065887,-0.0027906588965391776,65.4,-0.8,-30.070002527422915,0.07677512585509094,0.14196640331042856,0.07744595412054027
fitted,Fitting,starfit,1273,57.6,64.5,0.7033767344382692,0.6736857829734519,-0.1,-0.7,0.6683840709843352,0.5832701613432445,0.8117555423418783,0.5834083180564394
default,Evaluation,gdrom,1280,104,106.3,0.38624109204388957,0.3996714081177156,-22.4,21.2,-0.08146423956035775,-0.12967616936004922,0.8153458395459349,0.19207320989483195
default,Evaluation,h06,1280,50,86.7,0.659120843713982,0.2793308429381999,-5.2,8.9,0.7502403670282427,0.2475883401468243,0.9170160896387473,0.24986778465814852
default,Evaluation,natlake,1280,151.5,91.7,0.3511844654388372,0.249411026999937,-45.7,-0.2,-1.2960800449653926,0.15796580359036272,0.6866885687569597,0.17155184125145045
default,Evaluation,rulebasedloc200,1280,116.4,78.7,0.5769845769143249,0.6573832587010193,36,-8.5,-0.35562369891148027,0.3802972652890594,0.8524343335317652,0.4535566486557618
default,Evaluation,sdp,1280,95.2,83.6,0.28573399394876475,0.31766418893116055,-13.2,20.6,0.09388179647749484,0.3016466809012448,0.8530681193267643,0.3148659480848515
default,Evaluation,starfit,1280,269.3,115.7,0.041644519846077865,-0.38067489049083836,-86.4,114.7,-6.256777936502015,-0.3383980403195719,0.6129033241761066,0.10752333138954566
default,Fitting,gdrom,1280,90,85.9,0.7817998865232412,0.6128811530451559,7.7,-1.2,0.18925755188698168,0.26270622658102805,0.6787186807863995,0.3788842612057552
default,Fitting,h06,1280,140.2,91.8,0.17597465837761073,0.33648400093691544,-6.6,-1.2,-0.9669980545672017,0.15694460936983,0.5093463017299397,0.19597497976175307
default,Fitting,natlake,1280,451.7,89,0.30727308268345066,0.24043624790423568,-48.3,11.9,-19.405579794531395,0.20721491685866467,0.3236236492330948,0.21235754986603744
default,Fitting,rulebasedloc200,1280,149.9,85.9,0.6073933342361872,0.6372204668401886,14.8,-2,-1.2471614367917412,0.26205621904418164,0.5599127134905908,0.40740192100260114
default,Fitting,sdp,1280,128,87.1,0.2622332529867092,0.430034093943666,-0.3,-1,-0.6376155440800182,0.24166908428253964,0.3865303031928025,0.27103283803529143
default,Fitting,starfit,1280,612.1,98.7,-1.6226795439529487,0.08578483373934997,-57.5,38,-36.473797094030445,0.025267617132095244,0.1805544583607868,0.10776051030341699
fitted,Evaluation,gdrom,1280,159.8,101.8,0.19340753395580157,0.3830331734939677,-42.6,27.5,-1.5557903043253463,-0.0368848208958783,0.7579811510276515,0.20533734388601874
fitted,Evaluation,h06,1280,79,71.9,0.7510463485714933,0.6953862654172609,24.7,-1.4,0.37559842099848983,0.4831730044557293,0.9360133125150439,0.5132543826127093
fitted,Evaluation,natlake,1280,67.7,85.9,0.68238862387931,0.34147250924487105,17.5,-10.3,0.5411275687551136,0.2625880325953298,0.8553397352258423,0.26766544621778215
fitted,Evaluation,rulebasedloc200,1280,66.3,77.7,0.6901152330202573,0.6375458594289942,17,-5,0.5605560887000471,0.39596287367152894,0.8570102870235209,0.44075519245315015
fitted,Evaluation,sdp,1280,110.2,86.7,0.5918679328311602,0.5732160413480902,34.7,-13.7,-0.21531845938646943,0.24800142990033924,0.91957224290178,0.3618297821190454
fitted,Evaluation,starfit,1280,63.3,86.8,0.7628411190684137,0.3777521522041939,17.8,-8.1,0.5986106049801199,0.246000674754563,0.8985511751592482,0.2607199778457221
fitted,Fitting,gdrom,1280,240,80.2,-0.2525316524955865,0.6279884789462271,-15.5,8.5,-4.760493643482865,0.3572371753014425,0.12769443137640601,0.4236287612926031
fitted,Fitting,h06,1280,158.2,98.1,0.7725802288672348,0.5471262257974134,16.3,-1.9,-1.5034395246439498,0.03660437332104571,0.7240955164617974,0.3062311032890798
fitted,Fitting,natlake,1280,77.3,89.3,0.7072311841946738,0.39265176077910846,1.2,-1.6,0.4017627349496127,0.20190815925910388,0.5808662815623896,0.23731012748782268
fitted,Fitting,rulebasedloc200,1280,63.4,73.2,0.6066216081589602,0.6631001339060376,0.8,0.9,0.5976642462338639,0.46419643324142046,0.6162090484943957,0.4874459049770109
fitted,Fitting,sdp,1280,102,89.7,0.5862027981332071,0.366844254170818,-6.2,0.5,-0.04066460044319431,0.19596536580812907,0.5993404679795915,0.22543079507353006
fitted,Fitting,starfit,1280,80.3,82.3,0.6882496827565516,0.4851407658458644,0.6,-0.6,0.3551263221618586,0.3222836885792235,0.5432401271436386,0.33696456187982504
default,Evaluation,gdrom,1285,103.6,72.2,0.562526072367578,0.7177692020013355,-22.4,1.6,-0.0738203996077944,0.4787353659625069,0.40540658512657285,0.5251414133611187
default,Evaluation,h06,1285,572,109,-3.0380405496037106,0.2895713765622583,124.1,14.4,-31.72403996050471,-0.1883282702055149,0.15681958864626316,0.102133224410306
default,Evaluation,natlake,1285,347.6,80.5,-1.0354826136867623,0.4914682514892871,91.3,8.7,-11.088304847202929,0.3521636458100399,0.3767830607099906,0.3622872899830437
default,Evaluation,rulebasedloc200,1285,901.2,89.1,-2.2792533798481167,0.6072199022314511,309.7,1.4,-80.24548909917458,0.2059313835868699,0.11904175671121704,0.3692191169788365
default,Evaluation,sdp,1285,587.5,104.6,-2.9997484912995467,0.2947968931986341,134.8,17.4,-33.52444781826897,-0.09374591642192409,0.13533242249023492,0.11958443369437172
default,Evaluation,starfit,1285,40.9,58.8,0.8763453407612382,0.7092186648456588,-0.8,2.3,0.8328938760758415,0.6545070618836324,0.8333670973781859,0.6553896339642288
default,Fitting,gdrom,1285,72.3,64.2,0.6360991065871255,0.7647093122726836,-19.9,0.6,0.47679879593113295,0.5873218244664791,0.756610644016013,0.6069788493356799
default,Fitting,h06,1285,451.7,100.7,-1.532243347701816,0.3666296401175966,135.3,-8.5,-19.40622779310979,-0.014740010678029547,0.0763549221592676,0.16002948517196905
default,Fitting,natlake,1285,271.9,82,-0.2869223032156787,0.4662139379421527,88.4,-6.7,-6.396553545543593,0.32793904988240075,0.3185187028127245,0.3380333144384299
default,Fitting,rulebasedloc200,1285,658.1,92.9,-1.7698085257422687,0.5733294078334412,243.7,-8.2,-42.31887552374387,0.13697834550928656,0.012863410278402092,0.33902855449885544
default,Fitting,sdp,1285,465.3,95.5,-1.3869427718501552,0.39605591205850443,150.3,-8,-20.657950904883318,0.08761915369128326,0.07078617509524004,0.19824323349778825
default,Fitting,starfit,1285,49.3,61.8,0.7962612013024861,0.6402368337789314,-8.9,-0.6,0.756778865775885,0.6178581634213229,0.8118469894932506,0.6247095717290249
fitted,Evaluation,gdrom,1285,135.2,58.9,0.3012402236475449,0.7438543599081043,-26.4,5.9,-0.8282132498240045,0.6524607887438569,0.49700464316230614,0.6540476479420843
fitted,Evaluation,h06,1285,370.7,78.1,-1.8594922475825908,0.3545717698794799,47.2,9.2,-12.742230722150577,0.3894436588020621,0.18359011937171799,0.42719065557927316
fitted,Evaluation,natlake,1285,101.5,71.3,0.5114171737379354,0.6250803528681537,-3.7,1.2,-0.030362074567377606,0.49167889266115594,0.45415396439196426,0.49600817328766866
fitted,Evaluation,rulebasedloc200,1285,660.2,73.2,-1.4788041159016498,0.6512479489314501,222.7,-10.9,-42.59575366482621,0.46430160682906463,0.11258749368368644,0.49106134182137384
fitted,Evaluation,sdp,1285,334.7,89.3,-0.9732905468085897,0.3879845163706448,86.7,-4.7,-10.204626488799832,0.20239572565887243,0.3810628158675391,0.236630725648349
fitted,Evaluation,starfit,1285,55,65.2,0.8385130886885892,0.6645645842961878,5,-0.5,0.6972108070508075,0.5746491750557143,0.7631324887562123,0.5747453482079057
fitted,Fitting,gdrom,1285,56.8,57.2,0.8351962705982472,0.7790142040821776,-11.7,-0,0.6777003393949246,0.6726539514612007,0.7821085738606374,0.6749650055159424
fitted,Fitting,h06,1285,235.2,79.8,-0.5983503389575675,0.35706931148086474,31.4,-3.5,-4.5330222827343,0.36240024143015426,0.19712580089051787,0.3799417462977747
fitted,Fitting,natlake,1285,87.7,67.5,0.5980783673093915,0.6059822548729524,-2.4,-1.7,0.2307290048369789,0.5440076031707015,0.361338708166022,0.5451394144253351
fitted,Fitting,rulebasedloc200,1285,515.3,67.9,-1.1626180655173335,0.7103057845605858,189.2,-6.9,-25.562263552416898,0.5394699875374449,0.03238882336368564,0.5577847563738719
fitted,Fitting,sdp,1285,213.6,92.3,-0.28930182900563994,0.3859051534889495,49.9,-5.6,-3.5654466469796784,0.14756367123655223,0.36446551420053663,0.21193120460402645
fitted,Fitting,starfit,1285,62.9,74.2,0.772469099592895,0.5445949816711619,1.3,-1.5,0.60387363417915485,0.44984213260291106,0.708213496688363,0.45011472012631193
default,Evaluation,gdrom,1286,50.2,53.2,0.8145416979918,0.8561995574588672,-17.6,3.2,0.7475414863005978,0.7164558035974253,0.9060502319799327,0.7431380747997557
default,Evaluation,h06,1286,815.9,90.9,-3.4536616090779484,0.10918792610786354,329.3,23.9,-65.58874180058218,0.1727714924726088,0.4651337726454597,0.18264247901067374
default,Evaluation,natlake,1286,247.1,73.1,-0.6589394711419876,0.463338610315701,83.3,11.4,-5.106176099586945,0.46584440520837045,0.7935566213047247,0.48135450460554546
default,Evaluation,rulebasedloc200,1286,1322.4,102.3,-4.861531960278707,0.5244860032290466,585.7,2.6,-173.93303571608504,-0.04647322521714292,0.6569424083002392,0.400007328807436
default,Evaluation,sdp,1286,888.5,88.5,-3.7701935933841186,0.21950427456189636,361.8,37,-77.97194524196908,0.21655247353825535,0.4272642225046592,0.23359454219384307
default,Evaluation,starfit,1286,130,62.1,0.14788057999291737,0.6236065710746781,-41.9,13.1,-0.6904048224654133,0.6140781011363206,0.8604942778074252,0.6205425797753331
default,Fitting,gdrom,1286,68.9,76.5,0.424839831084211,0.6569651508020679,-3.6,0.3,0.5247094112989548,0.4143209918390105,0.654512923046227,0.4578949148977177
default,Fitting,h06,1286,751.6,97.3,-2.9861293596252954,0.04055852185071385,286.5,-14.5,-55.49817073110103,0.05254103916300934,0.0995882947600883,0.07191864149108813
default,Fitting,natlake,1286,226,81.7,-0.19562006501119833,0.3037895170253676,79.3,-6.4,-4.1075732952818065,0.3329726699667134,0.5383678136828798,0.3621821558676227
default,Fitting,rulebasedloc200,1286,1039,83.6,-4.108603271789452,0.4777112556108494,415.2,-22.4,-106.97356995290134,0.30077841747739775,0.006808844805078484,0.3430982881321499
default,Fitting,sdp,1286,804.1,95.2,-3.228639026779315,0.03890419626715602,307,-17.2,-63.67750660793294,0.09309571828399199,0.04013751592463906,0.09835126370437755
default,Fitting,starfit,1286,96.4,77.9,0.5711683813816815,0.43098797876031547,-30.5,1.2,0.07019963318694467,0.39269872296832,0.7378185029377903,0.3965052641907362
fitted,Evaluation,gdrom,1286,105.1,52.2,0.3637516793788944,0.7887702696896441,-37.1,12.5,-0.10385547687979302,0.7278195787971086,0.9109654943529358,0.7322546007746132
fitted,Evaluation,h06,1286,397.5,103.9,-2.1298392459822186,-0.18582192180796664,99.7,14,-14.805427585760016,-0.07996013771182109,0.5561251569361424,0.001470724180429539
fitted,Evaluation,natlake,1286,73.1,66.1,0.48827976646640103,0.7328095564609413,-15.3,4.8,0.4660072912087554,0.5629851427196209,0.8822634411992168,0.579682109939766
fitted,Evaluation,rulebasedloc200,1286,909.7,71,-3.6435815658585122,0.3855849800179725,370.7,-40.3,-81.76946199720008,0.49636714573771057,0.056648232548621155,0.520327099003941
fitted,Evaluation,sdp,1286,448.9,96.1,-2.00055086613033,-0.022587785122236026,144.8,1.8,-19.15832446448718,0.07693707793379645,0.38582938198497996,0.07696747018021195
fitted,Evaluation,starfit,1286,83.3,64.8,0.4251378456236443,0.6384047480660159,-19.9,5.7,0.30642589219520067,0.5801829974864647,0.8709208842693047,0.5813366570111743
fitted,Fitting,gdrom,1286,35.2,71.5,0.9151238513312837,0.6185909325872954,-5.3,0.4,0.8758783860973334,0.48883813225331496,0.8996057215462308,0.4924978534448485
fitted,Fitting,h06,1286,385.6,102.1,-1.7145982622826428,-0.04715875504387257,102.1,-5.3,-13.871204988177746,-0.04291835187374926,0.3026499191767142,0.021080223174473115
fitted,Fitting,natlake,1286,62.4,75.5,0.8088331378229717,0.483795378731814,-1,-1.8,0.6099879915944557,0.42925974834525993,0.658987666465205,0.4310209886948978
fitted,Fitting,rulebasedloc200,1286,840.8,70.1,-3.041579435975307,0.5504129400243483,337,-18.3,-69.71250337689266,0.5079730732297356,0.01871914115148494,0.5125975124339547
fitted,Fitting,sdp,1286,404.2,96.9,-1.5174008767749232,-0.08962044788756107,125.3,-6.2,-15.336762030760205,0.06134560204683659,0.2052539786324484,0.06367193829000015
fitted,Fitting,starfit,1286,51.8,80,0.8236571926224563,0.41893130816775137,-5.4,-0.5,0.7312370097371821,0.3596357481650334,0.8026716264009194,0.3601060102144619
default,Evaluation,gdrom,1291,1114.3,34.2,-4.556330369080978,0.8052656458362832,-28,1.8,-123.20877102356009,0.8828315649498033,2.605072174635402e-4,0.9333864452971555
default,Evaluation,h06,1291,1337.9,61.7,-9.648740762694759,0.6832057339586183,-19.6,4.3,-178.04834976958276,0.6189264842618616,0.026548620333153763,0.6194578294444929
default,Evaluation,natlake,1291,1170.5,37.8,-7.01850402108218,0.8900177605003287,22.9,1.3,-136.03448853738578,0.8570196440062592,0.006882738609284633,0.8570742561370218
default,Evaluation,rulebasedloc200,1291,1946,25,-15.46503329183265,0.9423897619733204,26.1,2.8,-377.79973672220245,0.9374603778994467,0.007770297080288443,0.9376087918679744
default,Evaluation,sdp,1291,2323.9,14,-0.287590592208957,0.9726868944907103,71.7,-2.5,-539.2072390493089,0.980280084692527,0.004576533684310826,0.9804480628500051
default,Evaluation,starfit,1291,490.4,43.6,-2.7552432844940586,0.8544811436103028,4,0.6,-23.056049708645986,0.8096360052702158,1.160141157808429e-4,0.8096675994984731
default,Fitting,gdrom,1291,1513.7,32.2,-8.151683504106371,0.9044974472014681,-28.3,0.8,-228.17108345256972,0.896105245368889,0.0022565588696457123,0.9126826391782058
default,Fitting,h06,1291,1544.9,68.7,-13.391981987058598,0.5859064359435717,-2.7,-1.1,-237.72266472496162,0.5278435566890356,6.106838682315521e-4,0.5294004253732401
default,Fitting,natlake,1291,1769.2,33.1,-7.793960921977025,0.8783985279144901,37,-1.3,-312.0556615895898,0.8902132558944502,5.231059057488053e-4,0.8930084005028482
default,Fitting,rulebasedloc200,1291,2400.7,24.4,-5.706335924822099,0.9431882967816968,57.1,-1.6,-575.4264172778198,0.9406198262631608,6.041334904233697e-4,0.940888833754034
default,Fitting,sdp,1291,2819.9,14.1,-2.1136889038498055,0.9759520743834936,70,-1.9,-794.3446393526136,0.9801538705242812,0.0040248231155022,0.9801942142229613
default,Fitting,starfit,1291,955.1,52.8,-6.941224200099662,0.7632578449370705,8.1,-0.4,-90.24535364288359,0.7208523198391412,0.00371844786292426,0.7219091522454617
fitted,Evaluation,gdrom,1291,133.7,13.7,-0.1744480553208343,0.9903623207566346,2.4,-0.2,-0.7887635071561636,0.9811811632893558,5.7127736074915264e-5,0.9812467287609357
fitted,Evaluation,h06,1291,1130.7,57,-8.172617297381366,0.7560312143046755,15.1,2.2,-126.87286896977164,0.6753516012191264,9.172545618100016e-4,0.6755737325167349
fitted,Evaluation,natlake,1291,770.3,46.8,-4.632207902579184,0.8269647141430345,-11.9,1.4,-58.35470847325362,0.7805696715134569,0.003759205787946564,0.7807105825612313
fitted,Evaluation,rulebasedloc200,1291,1095,72.3,-8.829757599516846,0.6998522061896331,2.8,1.2,-118.93633831663263,0.4773432515558107,0.01009775004633351,0.6555180490284287
fitted,Evaluation,sdp,1291,1920.9,20,-8.08422522295985,0.9712156691267985,50.6,-1.6,-368.0844566612963,0.9600983720578038,0.0012997862002502027,0.9601772747870403
fitted,Evaluation,starfit,1291,323.8,45.7,-1.2712592818805928,0.8363295922635317,1.9,-0,-9.489874984813747,0.790707328786956,0.0012557684679531272,0.7908033678555549
fitted,Fitting,gdrom,1291,118.7,14.1,0.12408911788966603,0.9896774963997526,0.8,-0,-0.40982047099116836,0.98023143419216,0.027314208390536505,0.9802809196488347
fitted,Fitting,h06,1291,1582.8,64.5,-9.053968818944847,0.6368084882166481,28.4,-1.2,-249.5678162668343,0.5836738204041302,6.627120482647448e-4,0.5854475429265087
fitted,Fitting,natlake,1291,958.8,51.7,-7.551675117024995,0.7621481789483643,-1.5,-0.1,-90.95385267879257,0.7322486316347692,8.46765143254188e-4,0.7344651924488913
fitted,Fitting,rulebasedloc200,1291,964.3,57.1,-4.720223363502916,0.8053746034775028,17.5,-0.6,-91.99838797621254,0.6742714932735325,0.0039642403685282565,0.7499231826908822
fitted,Fitting,sdp,1291,2665.7,17.8,-4.042317540092833,0.9688146319887263,65.2,-1.8,-709.7384835584362,0.9683928684078634,3.808217814168064e-5,0.9684445659568016
fitted,Fitting,starfit,1291,791.1,56.1,-5.575809143459626,0.7363657961444281,5.3,-0.2,-61.58891597932696,0.6856198061964889,0.005959691500900737,0.6864471793023412
default,Evaluation,gdrom,1294,76.6,44.3,0.4913115729873324,0.8838620146311362,-14.8,6.1,0.4133484572497155,0.80352013834985625,0.8715995546301261,0.8197145908698809
default,Evaluation,h06,1294,481.9,84.3,-1.474879688009585,0.3730292925017138,163.5,22.1,-22.230334243027865,0.2898198746888889,0.8154748071984088,0.3056037502392204
default,Evaluation,natlake,1294,113.7,81.7,0.5538217593775256,0.3591156122227731,36.3,3.3,-0.29198888941271184,0.33272457696513225,0.7790774840132811,0.33707882050434707
default,Evaluation,rulebasedloc200,1294,648.7,75.4,-1.6514665768305568,0.6635820110391475,235.7,15.7,-41.089740356978325,0.4310331266420985,0.7169926289269422,0.6135143407504067
default,Evaluation,sdp,1294,343.8,97,-1.4855720857065475,0.058842076467270465,88.6,26.4,-10.821599202374747,0.05871993369102202,0.775649873209113,0.09070394142007054
default,Evaluation,starfit,1294,129.8,84,0.12347718718086476,0.297692520606076,31.1,8.6,-0.6847888459304081,0.2947042026056156,0.827999126563379,0.3034483272313738
default,Fitting,gdrom,1294,45.8,43.8,0.7941608924561487,0.8854826863084378,-1.5,0.1,0.7905203986160464,0.8080060849123288,0.8688313731209292,0.8099649567980839
default,Fitting,h06,1294,974.7,94.8,-1.919574594992039,0.5003638886871902,136.4,-9.6,-94.02495909831035,0.1017260870098925,0.2592551518906328,0.266501763074409
default,Fitting,natlake,1294,252.2,79.9,-0.5797691725386918,0.3630459289631992,22.1,-3.1,-5.362503774620149,0.3607998752517172,0.4095984701176272,0.37449996522781953
default,Fitting,rulebasedloc200,1294,1179.5,72.5,-2.8675766514577767,0.6913798833104476,162.3,-9.8,-138.15169478579043,0.47395632621172634,0.05406631602160588,0.5165512125876863
default,Fitting,sdp,1294,753.1,86.6,-2.1350536507495965,0.3931180143701467,97.9,-9,-55.72320567843897,0.2502373980684869,0.20779037975602704,0.26778397098421647
default,Fitting,starfit,1294,419.8,83.4,-1.9041762497763473,0.3049086852549987,35.7,-3.2,-16.624487812836513,0.3047115119855569,0.2650322083279139,0.3147411404998228
fitted,Evaluation,gdrom,1294,81.3,42.2,0.4726394794804478,0.8876469837388412,-20.1,6.7,0.3390675944608653,0.8216034123691395,0.9109343023965137,0.8353130291026232
fitted,Evaluation,h06,1294,217.3,102.3,-0.7030777637608023,-0.06851249784998026,44.9,14.4,-3.72503234207365,-0.04724411179645727,0.7893055762523656,0.018987581492105023
fitted,Evaluation,natlake,1294,64.2,62.4,0.6878553686983999,0.6209302389460534,12.3,-3.3,0.5872561304209591,0.610599780857747,0.7022602836541625,0.6209546529065436
fitted,Evaluation,rulebasedloc200,1294,404.1,80.5,-0.8068848685535637,0.3786995461231115,137.6,-4,-15.336599601840494,0.35255241467675347,0.4257440056733846,0.3578912673783201
fitted,Evaluation,sdp,1294,404.7,90.2,-0.534886431368166,0.1984846308202628,147,-16.2,-15.383472714708322,0.18689056474588828,0.5379035066235721,0.19307443714436393
fitted,Evaluation,starfit,1294,105.7,84.4,0.6073616772648084,0.3083106075554294,32.7,-4.3,-0.11737006099590319,0.2883061232961073,0.7436466971229907,0.29177035591148753
fitted,Fitting,gdrom,1294,42.2,35.1,0.8375388204820615,0.915785656104142,-3.6,0.1,0.8216458185678472,0.8764784066755396,0.9183069218793175,0.8765547978242253
fitted,Fitting,h06,1294,556.2,85.7,-2.8256062425449033,0.30981257893843717,51.8,-5.3,-29.946303730608893,0.265390184071866,0.2779898892047283,0.26603841623213104
fitted,Fitting,natlake,1294,111.3,63.4,0.38997820309966313,0.5882098085100232,-3.2,-0.8,-0.24009258205659623,0.5975846242897724,0.4946605506522394,0.6160886434208225
fitted,Fitting,rulebasedloc200,1294,877.6,62.4,-1.7425060308480207,0.7650959582743746,120.8,-7.9,-76.02683389699631,0.6100012607729646,0.10009011100024454,0.6283465294807564
fitted,Fitting,sdp,1294,334.4,92.2,-1.7724398422265666,0.18845833196984907,8.9,-1.5,-10.186093404784769,0.1495433709741817,0.3049115657732978,0.15433773457226185
fitted,Fitting,starfit,1294,358.8,83,-1.5181421937348651,0.3332367863437642,28.2,-2.9,-11.879393466298144,0.31112247880253174,0.2906251486514806,0.3152692648344001
default,Evaluation,gdrom,1302,207.1,76.4,-0.2751874576598814,0.6716557111336023,-15.6,12.5,-3.2903834783758557,0.41683793005907566,0.641437330255484,0.48832366087078816
default,Evaluation,h06,1302,1018.7,110.3,-5.8297631452522864,0.2081276055838288,83.8,46.5,-102.79559639784058,-0.21595366069983957,0.4374147260897812,0.13226466342487947
default,Evaluation,natlake,1302,270.3,79.7,-1.3964461079256814,0.3979760821040419,-6.2,21.9,-6.305956251950229,0.3640000438506954,0.64875536597008,0.371662750003297
default,Evaluation,rulebasedloc200,1302,1639,86,-1.4898273416533643,0.6020537979910905,187.7,20.1,-267.703675431059,0.25991958526839054,0.566946104851198,0.45128112804895193
default,Evaluation,sdp,1302,943.6,87.6,-6.251371783986203,0.08635034950338705,65,55.6,-88.06130808933318,0.23284616632748123,0.45928210200902875,0.2910020199448159
default,Evaluation,starfit,1302,106.5,73.4,0.26819132601039697,0.5455250691377704,-1.2,7.4,-0.13519802753321541,0.4608755545602552,0.6690020751335203,0.46177539652807276
default,Fitting,gdrom,1302,60.3,88.8,0.7997504677434418,0.5797455299372355,-3.6,0.1,0.6357441577602423,0.21051903006036377,0.7064687449462443,0.34046837588616674
default,Fitting,h06,1302,987.5,115.7,-3.09007598619543,0.38209839952210967,118.6,-9.6,-96.53211894806769,-0.3391481006471069,0.15814259971660616,0.15859531576456334
default,Fitting,natlake,1302,211.9,80.9,-0.5640851121744697,0.3270054896893603,10.9,-4.2,-3.492864918449869,0.34560141223619356,0.49569088210950074,0.36961543432962635
default,Fitting,rulebasedloc200,1302,1207.5,119.2,-2.583522713591212,0.40266546548402604,154.3,-7,-144.8202022775908,-0.4214326937168511,0.07087344066243201,0.25689554623800065
default,Fitting,sdp,1302,798,99.9,-2.6073869080698504,0.13819529816404386,93,-10.3,-62.69807279278076,0.0017566333776204424,0.2226667780046861,0.07630729245451721
default,Fitting,starfit,1302,138.4,78.7,0.03259502310913032,0.3953133870145846,3.5,-1.7,-0.9150973996435381,0.3804998467074838,0.5577104724772884,0.39030090600088235
fitted,Evaluation,gdrom,1302,216.4,62.5,-0.3022344481518222,0.7330749641753327,-17.1,12.9,-3.6854289681341097,0.6093265911374084,0.6637953610787938,0.6237104403757976
fitted,Evaluation,h06,1302,654.2,104.2,-5.178874093688678,-0.11462003119529984,-1.5,43.9,-41.802953228163844,-0.0866666210687208,0.45037237061743185,0.022216029624874276
fitted,Evaluation,natlake,1302,196.9,65.7,-0.2515246408263314,0.5859897261845872,-15.3,6.7,-2.8776190455739985,0.5676889976186859,0.7499205046813762,0.5763428389011878
fitted,Evaluation,rulebasedloc200,1302,997.3,71.7,-2.111302052750701,0.510823828504225,106.8,-12.1,-98.48244835537314,0.48534985973758427,0.055375828025429806,0.4925806540690061
fitted,Evaluation,sdp,1302,940.7,79.8,-1.2484976628315003,0.38779438529875976,104.5,-18.6,-87.51095932780424,0.3635457616028013,0.29338284133206544,0.37067643526476785
fitted,Evaluation,starfit,1302,69.2,66.4,0.6757001444173053,0.6301094644262828,2.1,0.6,0.5213476885339974,0.5589137381610799,0.741292990977846,0.5592570244433246
fitted,Fitting,gdrom,1302,57.6,70.2,0.8530588662317238,0.7154095123371055,-3.2,-0.1,0.6683685702323489,0.5072447353584417,0.7382498002513361,0.5364046817094771
fitted,Fitting,h06,1302,512.3,103.2,-3.137460390921369,-0.07734501562313256,28.8,-8.3,-25.252016034366605,-0.0644315814922698,0.26577593815460776,0.01330663282962486
fitted,Fitting,natlake,1302,119.1,74.3,0.22652072640061993,0.48279409338912926,-3.3,-2,-0.4196811367665365,0.4471096195055476,0.5848056216934374,0.4524975918556642
fitted,Fitting,rulebasedloc200,1302,906.7,90.3,-1.4763704718978587,0.6142517056366008,116.4,-6.8,-81.22129673207758,0.1850061003488731,0.12357877583895108,0.3996408619974657
fitted,Fitting,sdp,1302,313.3,94.5,-1.6093301501786201,0.12071502730699046,4.4,-3.9,-8.820191027409239,0.1071890114709878,0.32143677616282296,0.11457929247679301
fitted,Fitting,starfit,1302,99.9,74.3,0.3752086681956853,0.49680809552827376,4,-0.8,0.0012628630492649284,0.4474541539701584,0.6834796341720786,0.45012347838833383
default,Evaluation,gdrom,1315,117.3,19.7,0.20602893099443242,0.9776664150743932,9.2,1.1,-0.37736553995319544,0.9611733786050554,0.8428204789173807,0.9616798681634957
default,Evaluation,h06,1315,1596.3,97.6,-10.951617440743906,-0.06444614379625646,138.9,6.9,-253.87542902180695,0.046553043684331,0.5318618254120937,0.04951655179092368
default,Evaluation,natlake,1315,769.6,97.4,-4.5795553247092595,-0.11851900964363637,68.9,1.9,-58.25226313230889,0.05106461886434577,0.6846949550319533,0.052681908959429494
default,Evaluation,rulebasedloc200,1315,2475.1,79.7,-7.744402914207988,0.24026466091734966,312.6,-47.7,-611.7766425329862,0.3647344839248462,0.6512117676368191,0.3715105770799062
default,Evaluation,sdp,1315,1726.5,95.5,-11.15515550187064,0.018843031167032898,162.1,3.6,-297.15343080409247,0.0871029887784216,0.5193005746629544,0.08759097707942498
default,Evaluation,starfit,1315,239.5,90.3,-0.3928481495094165,0.1617786299097832,-22.4,10.2,-4.738259271476264,0.18427690411322784,0.5852853168290213,0.18592325307108978
default,Fitting,gdrom,1315,106.3,23.1,0.49711047534687014,0.9704895969101762,-3.5,-0.2,-0.1298173775156073,0.946830219359805,0.45671566381598006,0.948409623645911
default,Fitting,h06,1315,1946.8,88.2,-10.250789664505367,0.1974594969043888,183.9,-30.2,-378.06118943313396,0.22238769524604696,0.1814318890174202,0.22500736579946548
default,Fitting,natlake,1315,1025.4,97.8,-5.126261147125162,-0.15365528956048546,92.8,-13.6,-104.15960881272363,0.04305263773955448,0.24557251422061654,0.04586305507889856
default,Fitting,rulebasedloc200,1315,2666,75,-7.760581275493694,0.3606924228668764,296.3,-40.7,-709.8804461373862,0.4375485206837506,0.03670378767764847,0.44308340363568566
default,Fitting,sdp,1315,2112.8,83.6,-9.764581055679173,0.280898849567785,211.1,-32,-445.471233566972,0.3005144522165103,0.08460236046890422,0.30362512617387116
default,Fitting,starfit,1315,327.8,90.5,-1.1852212616509314,0.12173128613980166,-19.7,1.4,-9.747369282511135,0.18160145848736764,0.18062807900141875,0.19668834192365378
fitted,Evaluation,gdrom,1315,265.7,26,-0.6734930156214132,0.8661246651181652,-26,12.2,-6.060699415180167,0.9323199859187605,0.7914189418118657,0.9385943637504137
fitted,Evaluation,h06,1315,1221.3,102,-10.417227619736028,-0.30239795874767816,48.6,23.4,-148.187858287321,-0.04009937040051326,0.573340106698801,3.199875835882495e-7
fitted,Evaluation,natlake,1315,276.8,93.4,-1.2764298880597753,0.04601280966891197,-15.9,7.8,-6.665043098465084,0.1269232145253576,0.6848033244048796,0.1317619397252104
fitted,Evaluation,rulebasedloc200,1315,1648.2,108.2,-5.429042339713481,0.26099734370976324,203.8,-51.1,-270.71973590870135,-0.17129250416292718,0.5065732836614685,0.2268517835769541
fitted,Evaluation,sdp,1315,1079.4,100.3,-7.054885777260841,-0.3747247809263894,92.8,-17.1,-115.54193624372465,-0.006038058068426055,0.5410890554704912,9.712598027087567e-7
fitted,Evaluation,starfit,1315,676.1,95.5,-4.960717114595022,-0.0564287984408427,32.9,-1.6,-44.72441942335009,0.08721737161710363,0.4666470412086133,0.10799015367496737
fitted,Fitting,gdrom,1315,174.7,25.7,0.2500676538217582,0.9549632683032495,-15.6,1.5,-2.0541841553387155,0.9340462287643282,0.565973442776199,0.9341116144031605
fitted,Fitting,h06,1315,1409.2,98.9,-10.283300824909961,-0.1885319966339416,92,-19.4,-197.61855868397518,0.021457023520759844,0.27202995202847546,0.02369833379658903
fitted,Fitting,natlake,1315,328.2,93.5,-1.7496123975561861,0.03901138273291971,-4.6,0.2,-9.775036908063907,0.1250655211114884,0.31519520020187547,0.13195876840073636
fitted,Fitting,rulebasedloc200,1315,1930.2,116.4,-6.363088016584653,0.35608248437389,207.8,-29.8,-371.6303096883122,-0.3542382822104435,0.013056300062725347,0.27444739773767274
fitted,Fitting,sdp,1315,1011.7,99.8,-7.546292628632017,-0.2768275410483505,52,-9.1,-101.3755319532366,0.004256837911705724,0.19881913955563715,0.0062213796296285585
fitted,Fitting,starfit,1315,1434.1,95.9,-7.789890042977943,-0.09007941664439079,128,-20.5,-204.70386240990462,0.080217875398507,0.1021885384994405,0.10700030454220126
default,Evaluation,gdrom,1317,85.3,57.9,0.6609184157420547,0.7375119664995102,-23.5,11.3,0.2728806669093551,0.6650144289242497,0.6617875868938746,0.7712454519451961
default,Evaluation,h06,1317,144.2,66,-0.14310757228222282,0.6133794335946678,4.1,22.9,-1.079600477834401,0.5642862349399091,0.6584225639857856,0.5701397663590112
default,Evaluation,natlake,1317,76.4,59.1,0.6825511817257028,0.7261353201969991,6,3.9,0.41541103734301643,0.6509713585269319,0.6267901566805268,0.6510684061523707
default,Evaluation,rulebasedloc200,1317,267.8,19.7,-0.28209889727128545,0.9640031942164092,114.7,1.9,-6.176185344456501,0.9610864168164303,0.7503198654431188,0.9611228635463203
default,Evaluation,sdp,1317,176.2,64.9,-0.381905811611263,0.5722581487872508,9.1,25.6,-2.1058916201464926,0.5792523634595048,0.5449908494503248,0.5832487541813741
default,Evaluation,starfit,1317,156.2,79.3,0.004726746170551244,0.3390989362520238,-32,32.7,-1.4417464057936598,0.370194943689933,0.4874753242941871,0.37818394352178175
default,Fitting,gdrom,1317,83.3,32,0.6848609872943825,0.9476773880262626,21.8,-1.2,0.305382201051418,0.8978067847098015,0.7653769237494709,0.9005710831909001
default,Fitting,h06,1317,246.9,41.5,-0.6926679268107139,0.8749061467885836,58.1,-4.4,-5.096682836356389,0.8278403954831067,0.8810243907676242,0.828233460645553
default,Fitting,natlake,1317,156.9,55.8,0.18758287320984102,0.7313963220176984,38.7,-2.5,-1.4614625175391138,0.688979483105284,0.7109234663167806,0.6904937019145261
default,Fitting,rulebasedloc200,1317,530.3,27.2,-0.779714110748307,0.9313488352294702,166.3,-5.3,-27.131147480710688,0.9262544115774132,0.15938266616248808,0.926714269203908
default,Fitting,sdp,1317,263.4,39,-0.917737489504743,0.8857037738261466,56.2,-3.9,-5.941431726337687,0.8477938408989341,0.8176947310741572,0.8479592244150246
default,Fitting,starfit,1317,175.2,60.5,-0.44475387813383205,0.6863578749005447,-15.9,4.9,-2.0695208073994165,0.634019487791722,0.7004951946001006,0.6351845128187523
fitted,Evaluation,gdrom,1317,118.8,44.9,0.46409186892005205,0.7600132196542422,-45.9,21.4,-0.4127448449835207,0.798498655745849,0.7593916641398643,0.8053035865906676
fitted,Evaluation,h06,1317,152.8,64.8,-0.08668883538165617,0.444040771854583,-11.5,23,-1.3368935392452914,0.580012678341703,0.5020797823284985,0.6655208827732341
fitted,Evaluation,natlake,1317,87.2,57.6,0.5729102178669201,0.7499679209621629,-21.8,4.6,0.24015705393272002,0.6679954976252427,0.48375077314282333,0.6684303153695028
fitted,Evaluation,rulebasedloc200,1317,143.5,32,0.1333504969531708,0.9065889199206019,43.7,5.5,-1.0590844972127083,0.8978058597998954,0.6856262927734912,0.8979876383359919
fitted,Evaluation,sdp,1317,99.2,57.6,0.5257540226684443,0.7598281618737689,23.6,-3.9,0.016111062710760127,0.667927492910573,0.6110507901419179,0.6689447616413392
fitted,Evaluation,starfit,1317,113.1,75,0.3919813368058128,0.482657933927341,-22,9,-0.278493680852512,0.43775346495426437,0.543776214795171,0.4403672501397494
fitted,Fitting,gdrom,1317,74.1,30.1,0.5681713498999772,0.9406092360082383,-12.3,1.8,0.45130071971969266,0.9091487532167748,0.8367916167799434,0.9093686454939753
fitted,Fitting,h06,1317,163,66.3,-0.3104507863153214,0.5663385449947379,11,-2.4,-1.6574020144003874,0.5603655176238009,0.6559848845916801,0.5739679844254628
fitted,Fitting,natlake,1317,76.3,64.1,0.7206573946029867,0.6472900829895014,-2.9,0.6,0.4173364538659372,0.588929524213853,0.5264288983369473,0.5900829417106263
fitted,Fitting,rulebasedloc200,1317,389.6,30.9,-0.33775627735531755,0.937273421597188,120.4,-4.1,-14.180865034732397,0.9044935809304868,0.1753275719826622,0.9067881601152626
fitted,Fitting,sdp,1317,209.7,49.7,-0.38209298065240893,0.8032735680571899,48,-4.7,-3.3984155261662066,0.7529698945047518,0.7901313033347603,0.7531902543301487
fitted,Fitting,starfit,1317,137.8,55.4,-0.1105909638302538,0.726276910601281,9.2,-1.3,-0.8985747463124156,0.6926175763867871,0.7289412982006259,0.6952233067547633
default,Evaluation,gdrom,1586,106.7,65.4,0.5015532136730603,0.776639482033786,3.5,-0.1,-0.1381428468298267,0.5722531729966431,0.3276755157945749,0.6071881766678241
default,Evaluation,h06,1586,237.9,75.9,-0.8760050680806464,0.6371755600714027,172.6,0.2,-4.660873444182699,0.4235137269077788,0.1276431552722848,0.4526058257450593
default,Evaluation,natlake,1586,440.1,79.9,-2.8467865168710125,0.6939116686212196,375.1,-0.1,-18.377063331150957,0.3620971643353862,0.024867938418556564,0.534356095533474
default,Evaluation,rulebasedloc200,1586,473.4,79.8,-3.200405760550346,0.692378544800362,408.9,-0.1,-21.42052676091842,0.36307089734657283,0.021850757728130745,0.5406808531605714
default,Evaluation,sdp,1586,453.8,81,-2.9745846123670563,0.6862360139815632,388.5,-0.1,-19.60097433756645,0.34380465678166106,0.030500161008003714,0.5250743350905823
default,Evaluation,starfit,1586,57.8,51.4,0.7881089896519456,0.7670806177821002,-6.8,5.4,0.6660706215768091,0.7361479180966677,0.7521595276149637,0.7386788377640613
default,Fitting,gdrom,1586,68.3,67.5,0.6308130105417011,0.7688254425975786,-8.9,0,0.5337184084660558,0.5444514325599525,0.5423618814913261,0.5916936494744597
default,Fitting,h06,1586,193.3,83.1,-0.6064471154032136,0.5317841555013223,145.9,-0.2,-2.7372409598201917,0.30954971132373155,0.1170327212407852,0.34561086975695954
default,Fitting,natlake,1586,382.2,104.3,-2.6615804920568205,0.5172733073616713,357.8,-0.8,-13.608081542393112,-0.08755065028273523,0.06307134428084116,0.302453764274826
default,Fitting,rulebasedloc200,1586,402.6,104.8,-2.856644022641686,0.5143051017140792,377,-0.8,-15.214660826289975,-0.09832188218878923,0.04278799958701746,0.3034295935256428
default,Fitting,sdp,1586,384,105,-2.647021729813009,0.5112740167621717,357.2,-0.8,-13.75092997136037,-0.10366953572439774,0.07151701399678256,0.2966236347308795
default,Fitting,starfit,1586,58.7,62.2,0.7689314951305036,0.6892682396299887,-16.8,5.9,0.6556798204379818,0.6129506113768187,0.7074730397339394,0.6143995089605396
fitted,Evaluation,gdrom,1586,66.4,56.3,0.687207846957667,0.8433010864619288,-3.2,-0.1,0.5589628659791561,0.6829186711738182,0.5641650293016598,0.7126459869782782
fitted,Evaluation,h06,1586,199.7,74.7,-0.47297056953164796,0.6360672232249961,126.7,0.1,-2.9890123765853454,0.44114231922055935,0.14723188667774384,0.462556591813293
fitted,Evaluation,natlake,1586,166,67.2,-0.071043575415185245,0.7243280006686235,71.7,-0.2,-1.756156083808206,0.5486392912449443,0.1569255618398343,0.5651278736476246
fitted,Evaluation,rulebasedloc200,1586,337,63.1,-1.8236597783598452,0.8027313790628944,270.1,-0.7,-10.361953278706771,0.601215090126122,0.05536482127051979,0.6453237327998065
fitted,Evaluation,sdp,1586,360.5,82.1,-1.9238356265729677,0.6756166525280756,259.5,-0.5,-11.997416352559886,0.3262667175361402,0.06230340282274265,0.46093036177588065
fitted,Evaluation,starfit,1586,67.6,61.4,0.7396982447319385,0.7468096809117832,-2.9,4.5,0.5424104893777631,0.6225125595901702,0.5698732523530812,0.6281599612486516
fitted,Fitting,gdrom,1586,57.1,67,0.6079950219267606,0.7813713080750995,-2.1,0,0.6739839042973925,0.5504930683222655,0.7174170076468199,0.6207752628781947
fitted,Fitting,h06,1586,159.6,82,-0.18231367953080424,0.5311513745566983,98.9,-0.2,-1.5467839031679538,0.3271612890923796,0.14945024046615413,0.3549494835048626
fitted,Fitting,natlake,1586,117.9,74,0.2586043091796034,0.6509446583168977,56.5,-0.2,-0.39093981758200735,0.4528987610306612,0.28669827028210293,0.47559490516618086
fitted,Fitting,rulebasedloc200,1586,285.6,84.1,-1.6538325891149301,0.6599287969258677,257.6,-0.6,-7.157053731654008,0.2933775758059546,0.13200465925481716,0.43960093256130045
fitted,Fitting,sdp,1586,307.9,104.6,-1.6341669244446564,0.4849788001003119,234.2,-0.7,-8.482664588856505,-0.09423825762322124,0.08645459951601508,0.23953139746822816
fitted,Fitting,starfit,1586,61,69.3,0.6367899981849261,0.6801437313092049,-16.4,4,0.6276061643159145,0.5189779818074298,0.6620019988080602,0.5310114267342658
default,Evaluation,gdrom,1587,93.9,85.9,0.5270153696207686,0.5747574419884072,21.2,-0,0.11813237881435423,0.2620716724302097,0.5821003636170887,0.34879011665457493
default,Evaluation,h06,1587,528.1,108.6,-2.3874144562736284,0.0027986151754455513,290.6,-1.5,-26.89642031277534,-0.18039062245351123,0.24252066508980527,0.01222467302376306
default,Evaluation,natlake,1587,602,104.5,-2.683055826611228,0.17365457032221443,356,-0.5,-35.245632173667786,-0.09327098823104873,0.16483840864579513,0.06362330087170867
default,Evaluation,rulebasedloc200,1587,839.5,124.2,-4.168724637077045,0.28812076351312166,512.3,-0.2,-69.49824965512659,-0.5437275626217917,0.20442821762359498,0.08612645085507543
default,Evaluation,sdp,1587,809.2,137.1,-3.9527647545519375,0.17378718876584542,490.4,-0.4,-64.50494137799006,-0.8807606933882599,0.11714084655682667,0.034699946523828365
default,Evaluation,starfit,1587,53.7,79.5,0.7406756263426011,0.4446998682043205,-3.9,-0.1,0.711047490697707,0.3683305945741374,0.7179123635900977,0.36833183440276973
default,Fitting,gdrom,1587,53.7,89.4,0.8104377431178927,0.5501551354184627,-0.6,0,0.7114393819089373,0.2000138362232503,0.7136986832565864,0.31505874610376994
default,Fitting,h06,1587,514,120.4,-2.4934421413551733,0.04750359133217075,269,0.1,-25.42953084995562,-0.4488610383760494,0.0827377430307672,0.006353814202974852
default,Fitting,natlake,1587,504.9,102.5,-2.2074586392005013,0.12330608647622887,312.5,-2.5,-24.498232157905836,-0.05045281155370329,0.21022202418486138,0.05696397268454961
default,Fitting,rulebasedloc200,1587,716.9,130.3,-3.5927088960962363,0.15894521824853358,454.6,-3.7,-50.40700141933851,-0.6990274456000238,0.11957356255875871,0.025547067005747583
default,Fitting,sdp,1587,690,144.9,-3.4057766963210616,0.06308897599729069,433.9,-3.8,-46.61902677924579,-1.098746087228561,0.13080253027738686,0.0051629991913689785
default,Fitting,starfit,1587,52.7,87.5,0.7752109319436723,0.3180022360934004,-11.6,0.1,0.7226325866396008,0.23488497305877398,0.7553052692455237,0.2385548298124422
fitted,Evaluation,gdrom,1587,56.3,78,0.8369664400951714,0.671002234395299,3.8,-0.2,0.6831488210762816,0.39183602756544966,0.7305516222878037,0.45873902413160283
fitted,Evaluation,h06,1587,267,88.4,-0.6767177547588148,0.3862232588753438,155,-0.1,-6.130859227413896,0.21850544359049717,0.2581517109526467,0.24382639292569075
fitted,Evaluation,natlake,1587,114.7,81.8,0.3583884096158957,0.43137643703681305,8.1,-0.5,-0.3167040254910478,0.3311466153688337,0.1323915216935344,0.3330007748278499
fitted,Evaluation,rulebasedloc200,1587,674.4,80.8,-3.1437771783523223,0.5174167479258057,409.8,-4.4,-44.48945140340977,0.3467700218220925,0.19179106638501014,0.3635841695744264
fitted,Evaluation,sdp,1587,465.7,101.3,-2.135660896692432,-0.21554777900360023,232.4,-3,-20.69719928930767,-0.026395341503010483,0.22345055067585776,0.003505646847831032
fitted,Evaluation,starfit,1587,45.6,75.9,0.8063057982951977,0.48810356224477525,-0.6,0.2,0.79156441090459,0.4232435976196416,0.7942897466148771,0.4239020036379384
fitted,Fitting,gdrom,1587,44.7,80.5,0.8495888466924357,0.6541599373840215,-0.6,0,0.8003987372203366,0.35228826469915553,0.8004811571222443,0.4338568303140909
fitted,Fitting,h06,1587,204.2,94,-0.38276744886816827,0.26157680089810753,116.6,-0.6,-3.1689639908271188,0.11548188075016308,0.15450366292021284,0.15255040048441837
fitted,Fitting,natlake,1587,91.1,88.3,0.4481176984792994,0.31332680752401243,-2.1,-0.4,0.16913074120423877,0.22032781221792186,0.24694873814487092,0.2267183321334119
fitted,Fitting,rulebasedloc200,1587,572.1,97,-2.657610952406639,0.36196342671526405,361.8,-3.1,-31.735114162912687,0.05877059985796007,0.21605276859229042,0.1714973084959757
fitted,Fitting,sdp,1587,389.2,103.9,-1.730142689213182,-0.12432719160592809,166.3,-1.5,-14.150960726531444,-0.08068499758413372,0.09239663558325596,0.00521443367972344
fitted,Fitting,starfit,1587,45.8,85.8,0.8373838800674467,0.3517502315331328,-7.3,0.2,0.7903890974659686,0.26311126765800674,0.8031463589662792,0.2659605287821215
default,Evaluation,gdrom,1592,153.8,69.7,0.2031365123615515,0.693480434800084,-24.3,0.2,-1.3674143881945997,0.5142302194005048,0.14376597222541546,0.5308587051913886
default,Evaluation,h06,1592,755.3,110.5,-2.863470855821882,0.07988075048408694,259.2,-1.2,-56.05860875693502,-0.2206206716057475,0.1609917258077219,0.022898761753719278
default,Evaluation,natlake,1592,868,106.4,-2.6115017468798816,0.2613778650824191,324.2,-0.3,-74.36877340213177,-0.13168310915846781,0.07888850385138826,0.0891566645540152
default,Evaluation,rulebasedloc200,1592,1187.7,121.8,-3.644397124980486,0.3743226827758561,459.1,-0.1,-140.10608286548796,-0.48298871444629543,0.12466729935615797,0.17417735533537454
default,Evaluation,sdp,1592,1168.9,131.8,-3.5778274713209974,0.2943854888146703,449.5,-0.5,-135.66257068102541,-0.7366339872213268,0.0678581852859283,0.1242206336096637
default,Evaluation,starfit,1592,83.4,78.3,0.661792127401473,0.4926863352241051,-8.3,-0.2,0.3044896564209293,0.3865869283600837,0.4517544248812722,0.3880126363351902
default,Fitting,gdrom,1592,114.2,78.9,0.28723665203095294,0.5868908944821318,-31.4,0.2,-0.30506263916431053,0.37658786698990965,0.15177643646752345,0.4048016322137516
default,Fitting,h06,1592,666,113.1,-3.4428599069224024,0.15727844813429437,321.2,1.1,-43.36414160684763,-0.2784007538258577,0.06288371495397328,0.037475066381345505
default,Fitting,natlake,1592,662.8,94.7,-2.927368636406624,0.2124104308977227,377.4,-2.3,-42.938277455757934,0.10265309834917025,0.1405870635067483,0.1325043902739256
default,Fitting,rulebasedloc200,1592,913.3,116,-4.39201270753801,0.35948331842584214,533.4,-3.6,-82.43425590196128,-0.34490371090752925,0.06732538605832616,0.13151803396215134
default,Fitting,sdp,1592,885.8,129.7,-4.232548204396249,0.2739374814781703,514.2,-3.5,-77.47328226196734,-0.6819428779181691,0.11458024892855455,0.08733307612500449
default,Fitting,starfit,1592,99.5,89.2,0.4082039658536083,0.31619814679854163,-1.6,0.1,0.009213804845145335,0.20477608636824562,0.183890401368671,0.21652770530291857
fitted,Evaluation,gdrom,1592,146.8,67.8,0.2274439952599372,0.720410139444578,-18.5,-0.4,-1.1549925238192853,0.5402130884537887,0.12375642315338645,0.5581321818909102
fitted,Evaluation,h06,1592,372.6,77.5,-0.48961076090177613,0.5369512885616747,140,-0,-12.884986750898532,0.39981520460115105,0.2623878059830066,0.4055715725544284
fitted,Evaluation,natlake,1592,143.7,73.1,0.20514450483933533,0.5794360535426102,-14.6,-0.2,-1.0650780573589764,0.46517838135089196,0.06904606688799775,0.4667923212304621
fitted,Evaluation,rulebasedloc200,1592,940.1,72.5,-2.6743822761212934,0.6623378039814108,362.6,-3.9,-87.40841409460549,0.4745522167428885,0.17897872447010887,0.4949085422287339
fitted,Evaluation,sdp,1592,720,103,-3.0799358297376696,-0.07543656092151885,231.4,-2.7,-50.84947364704685,-0.06183700721792551,0.14275300699122953,0.013334672190723165
fitted,Evaluation,starfit,1592,147.9,85.4,0.24354247113389105,0.3949652227955506,23,-0.5,-1.188660547437069,0.2700151503728637,0.1583925351908049,0.2787744603367823
fitted,Fitting,gdrom,1592,107.4,79.8,0.3652712172422643,0.6066789253527187,-19.8,0.1,-0.15411613392121004,0.3628113535596653,0.1690911052556204,0.4066216224427296
fitted,Fitting,h06,1592,256.8,87.1,-0.5873090368661091,0.3543509239500575,138.7,-0.7,-5.598254695581428,0.2409123613110451,0.08377902994357354,0.24952025748671702
fitted,Fitting,natlake,1592,104.4,79.5,0.34808159708507047,0.44093856982736557,-5.6,-0.2,-0.09002500940198188,0.36778292470955076,0.13757084819347504,0.36779752894088885
fitted,Fitting,rulebasedloc200,1592,728.4,84.4,-3.2960150734659486,0.5484575562994733,424.4,-3,-52.073566541403224,0.28837753996793136,0.11927025328342455,0.3439067500428949
fitted,Fitting,sdp,1592,531.3,101,-2.70833821163071,-0.07476808988471584,223.1,-1.5,-27.232805658290985,-0.02059089121405977,0.06517550750565293,0.021047833656879657
fitted,Fitting,starfit,1592,136.8,92.7,0.2562277586602564,0.2587017261714013,26.1,0.7,-0.871543624214357,0.14102864018360906,0.11905397136986652,0.1642419025252414
default,Evaluation,gdrom,1600,77.8,44.3,0.6821065850242958,0.8881742169282469,3.8,-0,0.3947939698181645,0.8041294327040415,0.4810051441710561,0.8071386727085265
default,Evaluation,h06,1600,373.5,70.8,-0.5072676332224009,0.6054361117917686,66.2,-0.2,-12.956315084600645,0.4986418450923876,0.15923814421635557,0.49950267357061884
default,Evaluation,natlake,1600,641.8,90,-0.6585546070405621,0.6170554916722846,130.7,0.1,-40.19967402022082,0.19007301247541386,0.007451546839007318,0.47611182224311616
default,Evaluation,rulebasedloc200,1600,711.7,91.1,-0.6748831475955597,0.5978949082752842,148.1,0.3,-49.662607264961295,0.16956204973839084,0.049123892011185076,0.49207459003446224
default,Evaluation,sdp,1600,671.5,91.6,-0.7173797524580157,0.6043465950718668,136.8,0.3,-44.09823811337722,0.1613946416509262,0.027859003122147587,0.4685878877437979
default,Evaluation,starfit,1600,88.9,66.7,0.6303669961026939,0.6018743648907778,-0.8,-0.3,0.2090561846434439,0.5549993369416771,0.4686390748589886,0.5579548072885367
default,Fitting,gdrom,1600,86.9,45.1,0.6506818898651188,0.8854041675026874,-1.2,0.1,0.2454360073895644,0.7968852461914634,0.4522016766327912,0.8004978189228443
default,Fitting,h06,1600,461.2,74.8,-1.6805616813710569,0.5150163263539234,50.8,-0.4,-20.276044508247367,0.44112458814875,0.13017570825382582,0.4413409388996052
default,Fitting,natlake,1600,844.1,83.7,-1.1012375588900105,0.6687383325677876,128.9,-0.8,-70.26555410536993,0.29884056594657116,0.155922307139701,0.4978450967117616
default,Fitting,rulebasedloc200,1600,854.8,84.4,-2.098371516644485,0.6657922954284432,123.7,-1,-72.07817088791784,0.2871858917686805,0.12962371929243402,0.47346515165555353
default,Fitting,sdp,1600,845.8,87.9,-1.6929017200943597,0.6402381012764821,125.8,-0.7,-70.54238543958255,0.2276554775784856,0.22712025924233337,0.4617677922713463
default,Fitting,starfit,1600,99.9,64.4,0.5502959062600594,0.6297500328100528,-4.1,0.4,0.001315620418324337,0.584614368811844,0.4696309769908316,0.5875199759438055
fitted,Evaluation,gdrom,1600,59.8,50.1,0.823672264980049,0.8537872055230337,-1.1,-0,0.6421571587663606,0.7485400718539886,0.6795088080827346,0.7533385671442951
fitted,Evaluation,h06,1600,137.3,70.2,0.3056317737857176,0.6016135861528199,-8.3,0,-0.88613083160399575,0.5068141664756353,0.20166330934337806,0.5069753579316656
fitted,Evaluation,natlake,1600,161.7,54.2,0.07879596855252347,0.7526409019092299,4.6,0.2,-1.616720804633371,0.7060822843965764,0.1235795645914987,0.7069943383318072
fitted,Evaluation,rulebasedloc200,1600,430.1,65.4,-0.23507011771706776,0.7910605473771553,84.6,-0.6,-17.503476326199095,0.571770497316111,0.04516540644514393,0.6370892559141728
fitted,Evaluation,sdp,1600,460.1,87.9,-2.1077222261222244,0.5864697515669655,53.4,0.7,-20.176103055478293,0.22725294587884926,0.060866926561357095,0.3491669710383561
fitted,Evaluation,starfit,1600,78.6,62.5,0.7231584184937943,0.6699526611553089,-5.3,0.3,0.3818369772088651,0.6090413327092938,0.5801616145969299,0.6098165136974224
fitted,Fitting,gdrom,1600,64.2,53.3,0.8145146930516977,0.8501229143028722,-3.2,0.2,0.5881623512451722,0.7156692156295562,0.6700472664554165,0.7286986081341275
fitted,Fitting,h06,1600,200.8,74.7,-0.23959794487302344,0.544398585730264,0.8,0.4,-3.0322727920680927,0.44204430792567206,0.031886450548592994,0.44270507008070153
fitted,Fitting,natlake,1600,191.6,56.8,-0.2804087713375525,0.7011109762115135,0.5,0.2,-2.6719528962230363,0.6775372495147509,0.2152236558333662,0.682306865309079
fitted,Fitting,rulebasedloc200,1600,522.3,67.6,-2.1268322022696604,0.7603244306749837,58.4,-0.5,-26.280102050182773,0.542975189886157,0.17587454108353787,0.5826583749558354
fitted,Fitting,sdp,1600,584.9,88,-3.688373846606286,0.5158719068883519,40.2,0.5,-33.21817443846731,0.22475279848377294,0.19324015560129823,0.3010507105434045
fitted,Fitting,starfit,1600,95.4,60.6,0.6510230836128261,0.6741556733439031,-7.2,0.2,0.08889561692716519,0.6326687648731186,0.519234697747016,0.6353823924141601
default,Evaluation,gdrom,1631,351.1,113.5,-2.194664993093132,0.4492283690178318,291.3,-0.2,-11.330481366623642,-0.2895136090815138,0.006487497624434377,0.29468467402568843
default,Evaluation,h06,1631,153.5,90.4,-0.2127333687602737,0.49655158426860024,92.8,-0.1,-1.3567591431045383,0.18172249709734845,0.06432727724981498,0.2759519769593074
default,Evaluation,natlake,1631,321.3,115.2,-1.8164789706378013,0.43720949028373846,262.1,-0.2,-9.325092540358161,-0.3284159021856634,0.01031984946831799,0.2699910805680697
default,Evaluation,rulebasedloc200,1631,337.9,115.2,-1.994605110249525,0.4373006044278871,278.4,-0.2,-10.42318614635943,-0.32810844991035815,0.008863267359188307,0.27066677304371106
default,Evaluation,sdp,1631,318.7,115.9,-1.7670945935207545,0.43238709507128537,258.9,-0,-9.15736838304618,-0.3429019371597344,0.013839873240051627,0.26068706269766045
default,Evaluation,starfit,1631,46.9,60.1,0.7134580722529373,0.7181756642761807,-13.9,1,0.7799932977430963,0.6381445570505172,0.826032890143959,0.6382096273814676
default,Fitting,gdrom,1631,574,99.2,-2.3023043785104966,0.5431254140220159,309.9,-0.6,-31.953656845002854,0.015942141843269475,0.006016072530300005,0.4316582225377397
default,Fitting,h06,1631,250,81.9,-0.36657884616075886,0.48875024343614837,113.1,-0.2,-5.252942514621701,0.3298344431644352,0.1515035317097495,0.34301667319715934
default,Fitting,natlake,1631,524.7,100.7,-1.9251744423976462,0.5382605088587276,279.8,-0.6,-26.53274088985413,-0.01401699425352465,0.02347462732451453,0.40649942177808956
default,Fitting,rulebasedloc200,1631,542.6,102,-2.003497566485641,0.5301978773434337,284.1,-0.6,-28.44685650902557,-0.04061060875550937,0.011492670680439278,0.39311521777002806
default,Fitting,sdp,1631,515.4,101.4,-1.8476698604396065,0.537378418202412,270.5,-0.6,-25.57099324210946,-0.027592070875989583,0.025930948989592823,0.38880842911855357
default,Fitting,starfit,1631,73.6,59.9,0.600586612383502,0.7295290099777989,-15.5,1.3,0.4575364739374681,0.6406215558803636,0.5377335774160228,0.6410116061649453
fitted,Evaluation,gdrom,1631,73.6,69.9,0.40414351413463356,0.7630973268629163,-17.1,0,0.45852460459171285,0.5117490833268817,0.5718493637957116,0.589150529844276
fitted,Evaluation,h06,1631,115.2,87.5,0.15329899481328635,0.5054549370765342,46.9,-0.1,-0.3280375488400058,0.23452724805373437,0.11967510741450753,0.2992627122260927
fitted,Evaluation,natlake,1631,102.3,86.6,0.40125393784349406,0.5699565786336238,22.2,-0.1,-0.04589398783898413,0.2502203307005637,0.2073983408702262,0.34203622136253853
fitted,Evaluation,rulebasedloc200,1631,218.8,102,-0.8768298152272722,0.5367682539461407,165.9,-0.6,-3.787992937129257,-0.04147904586275031,0.04527216924275337,0.3335113159833695
fitted,Evaluation,sdp,1631,244.8,115.6,-0.8090644918282801,0.4050208853130678,149.1,0.1,-4.993496388920005,-0.337209765298641,0.03290041239351244,0.17765764946682228
fitted,Evaluation,starfit,1631,77.2,69.9,0.337600221248361,0.7174893889947074,-20.5,0.5,0.403458713253141,0.5106023374433986,0.5754354408384259,0.5393363036225748
fitted,Fitting,gdrom,1631,63.8,49.2,0.6950262143154469,0.879450296773361,-14,0,0.592834510043236,0.7581775457592153,0.65769848532806785,0.7735146292653332
fitted,Fitting,h06,1631,198.4,79.9,-0.08264928122122539,0.48287302394596876,77,-0.1,-2.9350482628987127,0.36078946028329706,0.19125697135948566,0.36481357443146817
fitted,Fitting,natlake,1631,140.7,67.9,0.24200123976451549,0.6492444535754132,32.6,-0.2,-0.9809279609867916,0.5386734763233888,0.3041339111037041,0.5399461829795821
fitted,Fitting,rulebasedloc200,1631,344.1,88.4,-0.9018458573709294,0.6364837701683448,169.8,-0.5,-10.842519909369214,0.21832918013024116,0.0545373813487263,0.4577872001525592
fitted,Fitting,sdp,1631,395.8,101.4,-1.4709507895469125,0.5274870925059636,160.7,-0.5,-14.667256348058338,-0.02842403600486554,0.05566077760054274,0.2906123346166835
fitted,Fitting,starfit,1631,75.4,53.3,0.5360153789585018,0.7770130584859688,-17.5,0.3,0.4321120815590711,0.716333901329229,0.539577771713947,0.7164043754247289
default,Evaluation,gdrom,1636,46.3,89.6,0.7457149513902135,0.5985614411529911,4.7,-0,0.7858812336450256,0.19746071116528974,0.8536635381210944,0.3582760904835036
default,Evaluation,h06,1636,241.6,120.5,-0.7282718562041031,-0.0679887998551223,7.9,7.1,-4.840250069983411,-0.4526734660353431,0.1684360306761386,1.0666768744330741e-4
default,Evaluation,natlake,1636,182.1,102.9,0.2448704468437496,0.06395359265838163,29,3.3,-2.3186456329116303,-0.05899513942938217,0.16959333506328036,0.040136720891172754
default,Evaluation,rulebasedloc200,1636,475,119.8,-0.1340960594609324,0.29741915926756235,108.9,2,-21.568071864367763,-0.4345383061354271,0.4913673487278815,0.08882775794833063
default,Evaluation,sdp,1636,384,136.8,-0.08620203969086981,0.038371788002455,83.8,4.7,-13.747576671955017,-0.8720175171557538,0.2479291785073778,0.0015905637717783605
default,Evaluation,starfit,1636,42,80.1,0.8427843660458234,0.4253576931762644,-0.2,0.8,0.823679299646789,0.35901630861089784,0.8250794445837787,0.3591616652644762
default,Fitting,gdrom,1636,39.7,78.4,0.9124111932668231,0.6645855072732338,-0.6,-0.2,0.8425166061657687,0.3850491122829697,0.8581157180498515,0.45157709833221554
default,Fitting,h06,1636,320.7,132.8,-1.4854013515851165,0.045436670363944165,12,-2.6,-9.285786081591635,-0.7632111348848798,0.16718340287289588,0.002386444628497453
default,Fitting,natlake,1636,222.7,101.8,-0.01964467352978949,0.16982841965225992,27.9,-2.7,-3.9597399759109164,-0.036160478802273355,0.23346439650369305,0.07376049293275945
default,Fitting,rulebasedloc200,1636,532.6,129.1,-0.02902020987108922,0.27171539706358483,95,-3.8,-27.367212631548064,-0.6680762410227299,0.45958520305736333,0.08396801079908701
default,Fitting,sdp,1636,437.6,148.4,-0.23667090724484208,0.06817650902337424,73.9,-4.2,-18.150855007697164,-1.2018547002718174,0.29649369671237435,0.0077881006711284775
default,Fitting,starfit,1636,56.3,75.7,0.7902680041332801,0.4540373808103365,-3.6,-0.2,0.6824625709579708,0.4264147716984259,0.802833280541254,0.4335303802528716
fitted,Evaluation,gdrom,1636,79.9,93.8,0.6859869331697845,0.4723350523644647,-0.2,-0.2,0.3607049678863815,0.11994171916220497,0.47138973798584966,0.24474091220561733
fitted,Evaluation,h06,1636,166.9,106.9,0.04635414826629858,0.2468803640524091,7.5,6.1,-1.7873668288821052,-0.1429569011384808,0.1223115785826379,0.08299991054450186
fitted,Evaluation,natlake,1636,118.8,96.5,0.30132767956100326,0.15925610211321717,-0.8,-0.8,-0.410838113909471,0.06777704265337925,0.09086024063320668,0.1023458600115882
fitted,Evaluation,rulebasedloc200,1636,318.5,96.1,0.21390202497991362,0.4167406852570863,71.8,-3.3,-9.147118203844775,0.07690872219955203,0.4807014591295071,0.20334782342871202
fitted,Evaluation,sdp,1636,138.7,97,0.4034547326224336,-0.010550995322343715,19.6,-0.7,-0.9252934389915477,0.0594345573999735,0.4134104534282076,0.06391957127127054
fitted,Evaluation,starfit,1636,48.9,85.1,0.6932075102861819,0.3859700272948907,0.4,-0.6,0.7606900579884286,0.27526386008974435,0.792004155369401,0.28089269055580285
fitted,Fitting,gdrom,1636,146,78,0.18876653028426882,0.5996287795053157,-8.5,-0,-1.1326579036392328,0.39191415215433834,0.32625344272354273,0.41874205085530913
fitted,Fitting,h06,1636,213,92.8,-0.10238524101817559,0.24007163038212975,20.7,-3.1,-3.5385943736725984,0.139232696814809,0.09383469467325843,0.15874831533337674
fitted,Fitting,natlake,1636,126.9,86.6,0.3492396339607553,0.323398419574902,-1.8,-1.6,-0.6108255474627402,0.2494688870071481,0.1954951640905791,0.2513037942286758
fitted,Fitting,rulebasedloc200,1636,349.4,106.2,0.3095943553329924,0.43803075673343894,61.6,-2.8,-11.209043256388178,-0.12903577937953448,0.5250217484841632,0.19252715672064605
fitted,Fitting,sdp,1636,227.9,109.4,-0.4215962080854614,0.06300901385842372,19.5,-2.8,-4.196204582297199,-0.19745969841367428,0.2544021737444356,0.021489586797158403
fitted,Fitting,starfit,1636,47.5,79.2,0.8938037236125314,0.4338602642706175,-3,-0.4,0.7741089648942266,0.372831226042286,0.8092433960788105,0.3733367867515095
default,Evaluation,gdrom,1645,52.6,82.5,0.7939232743737956,0.6412618865794256,2.1,-0.1,0.7231089363461454,0.31916749146740186,0.8043166484927977,0.41504437607159606
default,Evaluation,h06,1645,247.9,135.6,-0.16870978573487116,-0.011146705205225427,86.8,-0.3,-5.149134830616856,-0.8380464221752708,0.4569303036796814,4.8874051071033646e-5
default,Evaluation,natlake,1645,255.5,114.1,-0.048019658232642426,0.1806534849118525,97.1,-0.8,-5.527803549687316,-0.30110060513154524,0.4022106856968313,0.042898856750805875
default,Evaluation,rulebasedloc200,1645,448.9,175.1,-0.890710544264598,-0.05082600595500275,180.2,-1.1,-19.159235921916988,-2.067153395152565,0.36625826120951166,0.009628713502194903
default,Evaluation,sdp,1645,421.1,184.2,-0.7311699995793786,-0.14907788403063305,167.7,-0.8,-16.73576944800291,-2.3949409362702796,0.3284453143449964,4.6075689563644087e-4
default,Evaluation,starfit,1645,258.8,123.1,-0.25364198278563155,0.05004869525792899,88.1,2.5,-5.7021129220768865,-0.5165641211089078,0.37815687320659525,0.00529861857287901
default,Fitting,gdrom,1645,81.5,92.3,0.67364598216602,0.5368251998680689,7.2,0,0.33621016017814576,0.14748755446162753,0.5609328724311291,0.2945625288727231
default,Fitting,h06,1645,285.2,134.7,-0.6816708774772346,-0.003186949871649025,87.1,3.3,-7.137697309195627,-0.8149570017618448,0.15858072979775178,3.6896734106231858e-6
default,Fitting,natlake,1645,225.2,101.7,-0.01813662137146066,0.1778704753236724,93.3,-1.8,-4.072056590311358,-0.033678552837858255,0.36626936087589457,0.07673289222600008
default,Fitting,rulebasedloc200,1645,400.8,155.9,-0.8306574794378794,0.04936402980093668,178.1,-3.5,-15.068360793150529,-1.4311727659866045,0.3381029697341305,0.009600961605754493
default,Fitting,sdp,1645,364.8,154.7,-0.6742900380580239,-0.014065160328694315,157.8,-3,-12.308806349564922,-1.3932605777327254,0.2715747057214138,9.634379428453942e-6
default,Fitting,starfit,1645,225.4,97.6,-0.45609746490726755,-0.07019059074374545,35.7,10.5,-4.079851015315821,0.047709802931148904,0.13157055925248345,0.05364546107464248
fitted,Evaluation,gdrom,1645,37.9,83.5,0.86867167082393,0.6616812414874901,4.6,-0,0.8565706368267382,0.30199507768040323,0.8961274916895604,0.4402851418434908
fitted,Evaluation,h06,1645,88.9,104.3,0.3822807086257983,0.24747683221309047,16.3,-0.2,0.20912683709000246,-0.08903509448384139,0.3719406798090076,0.09009625948146609
fitted,Evaluation,natlake,1645,87,91.5,0.5977440701544378,0.3258929667084943,2.4,-1.1,0.24341459956184786,0.1631854897824565,0.3629691965359451,0.1954973710305257
fitted,Evaluation,rulebasedloc200,1645,338,125.1,-0.43178929982297287,0.2778916522458367,134.2,-4.4,-10.425496335167173,-0.565800701112245,0.4041125938417595,0.08102425916283419
fitted,Evaluation,sdp,1645,136.8,98.7,0.08938583431644576,-0.011462675947474521,15.6,0.4,-0.8719376219907269,0.02596710424995774,0.5366409807499382,0.046788876486977264
fitted,Evaluation,starfit,1645,38.4,82.4,0.8834134150495548,0.39670696631381186,-3.6,0,0.852849092777145,0.32006925134876973,0.8609296788687009,0.3202958731173841
fitted,Fitting,gdrom,1645,52.8,79.5,0.8467383336460892,0.6759420034260041,7.2,-0,0.7213807549556657,0.36841648223216483,0.7808280452934194,0.45807681148599627
fitted,Fitting,h06,1645,97.9,105.8,0.24990536530615304,0.15732582597517708,6.8,0.7,0.04142797796399855,-0.11993834985214291,0.12930959600536945,0.05437196222663195
fitted,Fitting,natlake,1645,80.8,91.6,0.5861304836257455,0.2676817493271919,0.2,-0.4,0.3464400670869904,0.15989359663317082,0.3885472214335725,0.1770792523231266
fitted,Fitting,rulebasedloc200,1645,300.3,112,-0.364466973477761,0.2727991116750862,132.1,-2.7,-8.020103798192752,-0.2539939997732126,0.4486913986228962,0.08175221501065968
fitted,Fitting,sdp,1645,158.8,99.1,0.09963296449507575,0.029157889592932418,33,-0.3,-1.5235400733162052,0.018373305461257372,0.32252816975126475,0.051983664637734774
fitted,Fitting,starfit,1645,40.9,85.5,0.8569002493096509,0.3662240311433136,-6.4,0.2,0.832369058501998,0.2695647381449343,0.8530281769623886,0.27320923791678287
default,Evaluation,gdrom,1654,44.1,85.7,0.813122700107499,0.6422300823799257,-14.4,0.1,0.805838657634038,0.265779550681856,0.8605402781597457,0.4138946909178839
default,Evaluation,h06,1654,400.4,120.3,-1.4662868596741716,-0.05129627493624089,230.5,0.1,-15.035611119562613,-0.448392969322404,0.26749859551568983,2.181626415504295e-6
default,Evaluation,natlake,1654,370,97,-1.261719008180323,0.26190128807907076,224.1,-0.3,-12.691132386676445,0.05827024530675162,0.5566570091052707,0.13053205888490202
default,Evaluation,rulebasedloc200,1654,608.5,159,-2.825062983303532,0.03972730661181256,373.2,-0.2,-36.043218178983885,-1.5293857421089672,0.21823872234242825,0.010767051410971172
default,Evaluation,sdp,1654,574,164.9,-2.545272261114094,-0.08091811887476341,349.3,-0.5,-31.951298282053322,-1.7198612056085425,0.15285068369267313,0.002316103751496855
default,Evaluation,starfit,1654,51.4,81.9,0.6878331193222318,0.4603865269951217,-12.8,-0,0.7359121879372186,0.3284214889419357,0.805209152173371,0.3353498043858067
default,Fitting,gdrom,1654,61,90.6,0.7811280239279136,0.5945345190185389,-17.1,0.1,0.6278181263223218,0.17932350631012417,0.7506794213699611,0.35369547313358285
default,Fitting,h06,1654,578.4,132.5,-2.5901638529819784,-0.031698683333533095,268.4,0.1,-32.462512044626976,-0.7564170462993989,0.1020034177098832,4.258910143110685e-4
default,Fitting,natlake,1654,480.5,89.5,-1.6416118399045048,0.23365930353803466,256.6,-2.6,-22.093649325756562,0.1985426127544927,0.3984868091129355,0.19951367391201866
default,Fitting,rulebasedloc200,1654,796.5,141.4,-3.399415042000822,0.11583883028962261,431.9,-4.7,-62.45756790471264,-0.9997564966867747,0.03131887927242233,0.016244349083306596
default,Fitting,sdp,1654,710.8,147.6,-2.9396859347356625,-0.028827293030440293,378.8,-4,-49.531221611224296,-1.180176696366349,0.11188565596442757,6.917451472889101e-4
default,Fitting,starfit,1654,57,86.5,0.6561948449685205,0.3891416946077795,-10.3,-0,0.6756084544183838,0.2511081902049914,0.7333307701548103,0.2644274955045734
fitted,Evaluation,gdrom,1654,29.6,65.8,0.8424364467296266,0.7304557274137908,-11,0.1,0.9121835276353442,0.566474339626907,0.9507887042065388,0.5794230052790191
fitted,Evaluation,h06,1654,181.3,102.5,-0.20601602392038498,0.26447107408343085,98.6,0.1,-2.288408388026895,-0.050960617056448276,0.24147160509484492,0.10362123251999303
fitted,Evaluation,natlake,1654,57,87.1,0.7299573377804439,0.4037347789386714,-8.7,-0.3,0.6753699220552081,0.2412545447297536,0.6959221940326352,0.2622950090830508
fitted,Evaluation,rulebasedloc200,1654,484.8,108.9,-2.041542405245118,0.32236554296867737,295.3,-5.1,-22.50534953919742,-0.18604993228880606,0.18992186356228433,0.11226585949539666
fitted,Evaluation,sdp,1654,177.1,96.6,-0.07899716128264367,0.03271707663584167,70.2,0,-2.137049824748624,0.0670739102174408,0.37549010938715344,0.07479916701994797
fitted,Evaluation,starfit,1654,68.4,87.9,0.45526017375223304,0.46293929146524715,-21.9,-0,0.5313545787004263,0.22756867405085068,0.8034961545931378,0.2766548672602274
fitted,Fitting,gdrom,1654,34,68.9,0.7942307037907088,0.6994242755058736,-10.4,0,0.8841754952382401,0.5253519421949584,0.9407137418332974,0.5404235795722447
fitted,Fitting,h06,1654,207.2,100.3,-0.2461358159049727,0.21096500391946027,97.3,-1.2,-3.2932514783378313,-0.006466284725576754,0.0690913468231662,0.09404456592608847
fitted,Fitting,natlake,1654,65.4,86.1,0.7495372734343959,0.3538988214107487,-1.3,-0.2,0.5718740230858567,0.2577822474287279,0.590902909015471,0.2619933728148287
fitted,Fitting,rulebasedloc200,1654,645.2,104.6,-2.5577220366624527,0.3039439954633115,349.7,-3.9,-40.63731475465105,-0.09493184971129232,0.11989342167506832,0.11344012584735717
fitted,Fitting,sdp,1654,401,96.8,-1.320084269308079,0.02479794277666414,196.6,-1.8,-15.080374597480084,0.0630729660524375,0.2728092449512791,0.07133703779396006
fitted,Fitting,starfit,1654,68.6,91.2,0.4510563693658064,0.39338019390622725,-15.2,0,0.5297867558777727,0.16892125409411562,0.7442362878762226,0.2222439397884852
default,Evaluation,gdrom,1655,86.1,78.3,0.7087195696276072,0.7012080794933067,-3.8,-1,0.25925128434599143,0.3873781459282155,0.5073362663807076,0.4939497496562131
default,Evaluation,h06,1655,809.9,110.8,-3.525022772414716,0.014858455371723589,60.6,-2.5,-64.61520281570493,-0.2280939606341541,0.09386139206059732,0.01073925779539859
default,Evaluation,natlake,1655,377.5,89.6,-1.148384486240817,0.16590310867023061,25.4,-1.5,-13.252285703122192,0.19754986682680065,0.22098095912713256,0.20404691813745507
default,Evaluation,rulebasedloc200,1655,1280.2,121.9,-0.4190175689713498,0.3415795092552474,124.7,-2.3,-162.9270827782942,-0.48641995014701944,0.10441595798731271,0.12758941132832258
default,Evaluation,sdp,1655,1036.6,127,-1.4405126362402978,0.1401681712347962,97.3,-2.3,-106.48812470868742,-0.6123119243793707,0.1417641389588542,0.020364768749364257
default,Evaluation,starfit,1655,410.1,120.4,-1.3563647485745016,0.20820346713144733,-27.4,-0.8,-15.82286576312698,-0.44897101756455715,0.16860784986668395,0.0452589958999716
default,Fitting,gdrom,1655,119.3,79.5,0.4910646511528376,0.6677625821700071,-2.9,0.1,-0.42383154464332806,0.3674891354943126,0.347375229284583,0.44962454465215773
default,Fitting,h06,1655,1348.5,103.3,-6.86239064907872,-0.045466978297125316,58.5,-3.3,-180.8768345564159,-0.06756675214393182,0.10904225449721668,0.017008889521949823
default,Fitting,natlake,1655,649.6,93.2,-2.806241285453282,0.06380230831686406,26.9,-0.8,-41.20028233157702,0.13032911191104446,0.21644442209939427,0.13311582878974887
default,Fitting,rulebasedloc200,1655,2277.4,92.4,-1.5353612020513783,0.4445726251661525,126.5,-5.7,-517.7721143686771,0.1455595960235735,0.03390993188765737,0.23853078362048857
default,Fitting,sdp,1655,1789.9,108,-3.770204749828074,0.08409034711542362,95.9,-3.5,-319.4276446465558,-0.16695262003762856,0.20677152987350603,0.029118960275022355
default,Fitting,starfit,1655,663,118.1,-3.5005866511117265,0.19601618828616119,-24.2,1.8,-42.95958781920397,-0.39388624562726426,0.26716393818495826,0.04290594091653324
fitted,Evaluation,gdrom,1655,69.4,76,0.749151218705974,0.7160160362878917,-1,-0.8,0.51813822547948,0.4216126225195972,0.5683518180797077,0.5139305012438763
fitted,Evaluation,h06,1655,240.7,84,-0.6562575092774883,0.2802984671191505,4.6,-0.8,-4.7952112452434354,0.293786598698238,0.12879411706779992,0.3085566109683507
fitted,Evaluation,natlake,1655,197.1,84,-0.32742217675395113,0.33726230979664695,-3.8,-0.6,-2.8847085044881133,0.2947484710057581,0.251848689371587,0.2953285078036341
fitted,Evaluation,rulebasedloc200,1655,895.6,87.5,-0.17467158222289347,0.5820393649814928,86.7,-7,-79.23488308176681,0.23407069272061565,0.04322855966454922,0.35191375580697365
fitted,Evaluation,sdp,1655,425.3,96.8,-2.0021572835016017,-0.043876758798918836,22.2,-0.9,-17.09301500537406,0.06326118760644972,0.21289279532952793,0.06366437660949012
fitted,Evaluation,starfit,1655,56.3,72.6,0.6267614547168735,0.5668867802996187,-1,-0.8,0.6827243756875909,0.4721986427807988,0.7322556386669621,0.47239667048659
fitted,Fitting,gdrom,1655,77.3,73.2,0.7098160561263414,0.6960046941516816,0.1,0.1,0.4030530394640276,0.4636910648934143,0.5064467190685196,0.5036975472076529
fitted,Fitting,h06,1655,445,86.6,-2.6862958894250974,0.20479774772650416,-0.2,-1.3,-18.801793375156976,0.2491510452009077,0.07226609355351064,0.27568178134897264
fitted,Fitting,natlake,1655,314,87.9,-1.509995444845814,0.21853050652214523,-1.8,0.3,-8.859229547427825,0.2263905258783664,0.20761627159705653,0.23040748944007705
fitted,Fitting,rulebasedloc200,1655,1611.9,83.1,-0.6213671544706683,0.6022499195988502,89.6,-4.1,-258.8573839732038,0.3096254230904776,0.07466814582140462,0.3839194726944077
fitted,Fitting,sdp,1655,870.7,99.5,-4.024809805529031,-0.1364356693763169,37.4,-1.2,-74.8198372243325,0.010199700525063582,0.2060870470719811,0.021241941822169055
fitted,Fitting,starfit,1655,67.1,79.2,0.7551053960865475,0.4351148234062092,-0.7,0.2,0.5501590174111557,0.37312489362035917,0.5901231605556093,0.37356641655549705
default,Evaluation,gdrom,1659,45.8,60,0.8547166218954918,0.7515222528554852,-1.2,-1.2,0.790124426718514,0.6398405371159481,0.832572866807325,0.6423934858393695
default,Evaluation,h06,1659,675.6,115.2,-2.0362317032696517,0.10961721390905632,198.7,1.8,-44.64944945918548,-0.3274720243698881,0.25692623737595227,0.02211042401492409
default,Evaluation,natlake,1659,396.5,79.6,-0.4755197504772448,0.41574696915441034,121.8,0.1,-14.72459504318805,0.3654371556956516,0.4979659952500254,0.36678443875016215
default,Evaluation,rulebasedloc200,1659,810.2,120.1,-1.8156389320197701,0.3594490305802711,256.5,-0.7,-64.66596514282982,-0.4426670120185221,0.2009519268907138,0.14027839069850367
default,Evaluation,sdp,1659,715.5,112.4,-1.7570364002719496,0.20554194654928137,220.9,-0.5,-50.20280488030121,-0.264809695699314,0.28387043369309767,0.05384815124715822
default,Evaluation,starfit,1659,44.8,55.5,0.8134361826875984,0.7510573167785429,-6.9,-1,0.7989261203733522,0.6922289860275992,0.8505544397967306,0.6925499035110516
default,Fitting,gdrom,1659,41.2,60.3,0.9105795108277437,0.7811936882161329,-3.5,0.8,0.8301268226909985,0.6357482637062984,0.8454047838716718,0.6458423018476415
default,Fitting,h06,1659,540.5,120.9,-1.5507078377708026,0.10131171436278263,158.8,-4.6,-28.217864838238302,-0.4617259882671103,0.2120017318909137,0.014995876105164875
default,Fitting,natlake,1659,352.9,80.2,-0.31430822213759235,0.42029318906497737,111.4,-2.9,-11.453858150901343,0.35645490225611376,0.4435122410871487,0.3572934527800425
default,Fitting,rulebasedloc200,1659,677.2,98.6,-1.8569104750281067,0.48180727514723354,208.5,-5.4,-44.86482228179728,0.02819918527179066,0.08797872570943856,0.23789475544105693
default,Fitting,sdp,1659,619.4,107.5,-1.6470459068610257,0.24274054337980644,189.9,-3.8,-37.36863823740586,-0.1556384128122732,0.14855296728768497,0.07909507584461209
default,Fitting,starfit,1659,53.4,59.4,0.7869898723063169,0.7420449636645462,-8.8,0.7,0.7143368979096087,0.6475112820803992,0.7854200672045398,0.6482317888932848
fitted,Evaluation,gdrom,1659,32.9,56.2,0.9347835025948853,0.8025807063332951,-1.4,-0.6,0.8914134684199025,0.68444597922208,0.8936288046395672,0.689270648888259
fitted,Evaluation,h06,1659,201.6,83.4,-0.1214836271442874,0.4029776772734681,38.4,-0.3,-3.063902816379315,0.3047096867023892,0.3021941046176606,0.3070960096877887
fitted,Evaluation,natlake,1659,85,76,0.6622116943195724,0.6321101991454479,1.8,-0.1,0.27769730093756073,0.4220561505587348,0.46097603004958904,0.44957103114717
fitted,Evaluation,rulebasedloc200,1659,527,99.8,-1.2521359331123727,0.4223602949140426,154.2,-5.5,-26.778480834082373,0.0034772217029324093,0.19523897755781905,0.19304749868747878
fitted,Evaluation,sdp,1659,375.8,94.1,-0.8705644113693647,0.10617602493187805,102.5,-3.3,-13.12347409293286,0.1142767296156103,0.4034113678547619,0.11775427574127706
fitted,Evaluation,starfit,1659,45.4,57.1,0.7954954548032831,0.7560218560042891,-6.6,-0.4,0.7933923335121863,0.6743691012144113,0.843729461626192,0.6745418777832562
fitted,Fitting,gdrom,1659,31.7,55.4,0.9145129910869667,0.8240796507309729,-1.8,0.3,0.89975355161598225,0.6934760097387367,0.9030344348140875,0.7022310258004003
fitted,Fitting,h06,1659,170.8,86.7,-0.03201659428966108,0.3890414589390415,14,-0.4,-1.9183407025983432,0.24754233217389654,0.2241500994657509,0.26208840824540514
fitted,Fitting,natlake,1659,79.7,76.8,0.6842786111252455,0.6539409115009325,-1.2,0.2,0.36447390338316166,0.4097205159130146,0.46860929105398974,0.45405226760045747
fitted,Fitting,rulebasedloc200,1659,505.7,92.8,-1.1666025168213259,0.500898933750682,152.1,-3.8,-24.576451857981,0.1381510883398419,0.12671636854406215,0.2681512237267293
fitted,Fitting,sdp,1659,310.9,90.6,-0.45473317906131183,0.1648283636796668,88.3,-2.5,-8.66489834309284,0.1789686399471886,0.3974393827640518,0.1803201035082515
fitted,Fitting,starfit,1659,51.7,60.2,0.7923480578106116,0.7535320941562313,-8.7,0.7,0.732725665507273,0.6375202617699878,0.802756991786822,0.6406045157763097
default,Evaluation,gdrom,1683,69.1,72.2,0.6754684172685705,0.6943331906224582,2.8,-0,0.5228763858377323,0.4787799552933948,0.7467171378742509,0.510170545754083
default,Evaluation,h06,1683,945.5,106,-3.919928826195659,0.03460181407532603,107.4,2,-88.41210339975369,-0.12431246391334216,0.07800356572955587,0.023406436715992112
default,Evaluation,natlake,1683,699.2,94,-1.4589398193455732,0.13828597699600598,89.5,1.2,-47.90835226325321,0.11625043739162211,0.2504812346209941,0.12310362358460354
default,Evaluation,rulebasedloc200,1683,1517.2,112.5,-1.208559260728114,0.4156327431325334,212.4,-1.1,-229.24496906610543,-0.2649594077211108,0.2148211457607386,0.17847350077429233
default,Evaluation,sdp,1683,1165.8,121.4,-2.0080020464620554,0.19158488694246156,157,2.1,-134.95386895224,-0.47482706973451805,0.13036729952756235,0.03862848341924277
default,Evaluation,starfit,1683,63.3,82.3,0.6179798168571383,0.433474209284451,-1.7,-0.6,0.5987230115789877,0.32223140047693843,0.6265331282423181,0.32578236241498465
default,Fitting,gdrom,1683,80,74.3,0.7071912400039323,0.6880963073855171,2.1,-0,0.3602535594534829,0.4475662876669798,0.5598553233079232,0.49155508777772694
default,Fitting,h06,1683,1164.3,106.6,-4.7772792716945895,-0.022942680489933087,100.5,-3.6,-134.59405490927682,-0.1358054838521563,0.12328908981131484,0.012309785180649825
default,Fitting,natlake,1683,932,93.9,-2.2149525798726124,0.08837661184064372,88.5,-2.6,-85.87053609904305,0.1185426728211103,0.257360929159969,0.11916674545824728
default,Fitting,rulebasedloc200,1683,2058.5,106.2,-1.6253032190685675,0.40417133953412154,210.9,-5.5,-422.81193427415536,-0.12704648572393218,0.0514406411092367,0.16710494104728596
default,Fitting,sdp,1683,1561.6,110.8,-3.1632487940212295,0.11773864682942048,154.3,-4.8,-242.9094258293345,-0.2289114502405183,0.18094740792090977,0.03126540687695308
default,Fitting,starfit,1683,73.5,87.3,0.6820182700788615,0.37178510424738564,-2.2,0.4,0.45901778813140537,0.23835079311313234,0.5218453262763161,0.2517372377599753
fitted,Evaluation,gdrom,1683,90.4,74.6,0.489948364052582,0.6949339877012579,2.9,-0,0.18282978915805115,0.44367138343164314,0.6615287769207859,0.4946319747233538
fitted,Evaluation,h06,1683,200.7,87.3,0.07802317309173223,0.26816313722624796,17.5,0.3,-3.030091095538215,0.23826450726977122,0.16119141222795044,0.2383972398732112
fitted,Evaluation,natlake,1683,168.9,84.5,-0.09617869704281246,0.34129688636900335,-1.1,0.7,-1.8542751302183538,0.2859778424309539,0.2821758588506994,0.28599018521962616
fitted,Evaluation,rulebasedloc200,1683,1133.4,78.2,-0.7857881269344915,0.6580609591496038,158.2,-5.8,-127.4919516702848,0.38822415178746517,0.0420959973513464,0.45173443769765137
fitted,Evaluation,sdp,1683,434.8,97.3,-2.004189963622557,-0.03757856057061537,34.6,0.3,-17.910291368567957,0.05236177015674537,0.2173565770476401,0.056025353534351854
fitted,Evaluation,starfit,1683,55.1,77.6,0.6211518811584997,0.4966802899488638,-0.8,-0,0.6960691884564624,0.39806258822729657,0.7465188620510528,0.39872663598177926
fitted,Fitting,gdrom,1683,65,67.4,0.7964831389056599,0.7335770770970641,0.9,0,0.5769889977330442,0.5458437158143318,0.6466930857229887,0.5672982205923369
fitted,Fitting,h06,1683,269.8,85.9,-0.8729124150043077,0.2662950927828158,-3,-1.1,-6.280862092626613,0.2613952379867892,0.037662337826237964,0.26586228482745294
fitted,Fitting,natlake,1683,215,82.1,-0.6010739056972849,0.32424269989345333,-0.1,-0.3,-3.624349124507191,0.32533106132603673,0.30801389250377414,0.3377602109820202
fitted,Fitting,rulebasedloc200,1683,1544.1,84.1,-0.8368627069934609,0.6217567474950092,158.4,-4.1,-237.47104140411867,0.2931581568690106,0.11246800578424311,0.3943668528246435
fitted,Fitting,sdp,1683,690.1,99.1,-3.1494542893112287,-0.08716284758531567,52.2,-1.3,-46.62989260773508,0.018278073087105162,0.22397555210977294,0.031208398180170342
fitted,Fitting,starfit,1683,65.4,83,0.6346871846041673,0.43242283609871235,-1.3,0.1,0.5715832841410596,0.31145721701401985,0.5893417967335255,0.3170362755705322
default,Evaluation,gdrom,1699,143.7,50.7,0.012343224667174302,0.8050182151193506,-11.7,0,-1.0654465275302836,0.7424202175291048,3.870193176850033e-4,0.7424211901908003
default,Evaluation,h06,1699,942.5,80.4,-2.1722540914503385,0.32560842921984945,265.1,0.5,-87.8497684661022,0.3538519891016567,0.11345977927925838,0.3860291072241878
default,Evaluation,natlake,1699,1278.4,76.6,-3.1931828796532775,0.6577960907913929,361.1,0.1,-162.46319413496346,0.41367587003187756,0.14223056652939609,0.45807549317588636
default,Evaluation,rulebasedloc200,1699,1449.2,64.7,-3.3766826670917887,0.7953352314658886,419.9,-0,-209.06987462906534,0.5807978746231044,0.05482510926528042,0.6394664569457671
default,Evaluation,sdp,1699,1495.4,63.2,-3.521741402221827,0.7760223263750996,434.2,0,-222.6754856250292,0.6010328150881374,0.03964562830037144,0.7012926043351807
default,Evaluation,starfit,1699,68.2,62.7,0.7034736459123334,0.6334031543109142,-9.9,0,0.5352774847346102,0.6064987047190511,0.787477399224834,0.6125660798882904
default,Fitting,gdrom,1699,123.1,53.5,0.33129661148077627,0.8220086899619587,-5.8,0.1,-0.5144140935100354,0.7139596819496341,0.11819960381272718,0.7177471283394236
default,Fitting,h06,1699,933.2,80.8,-2.707006681791679,0.3903813598291356,258.4,-0.2,-86.09956425716516,0.34715488506121917,0.1122096187744267,0.34896977833167386
default,Fitting,natlake,1699,1242.4,89,-3.0880966150351012,0.5948805123257327,359.3,-1.7,-153.37703464950215,0.20736121126440077,0.003891536626259494,0.3549028920696934
default,Fitting,rulebasedloc200,1699,1313.2,87.6,-3.3153732721169566,0.6231022581852463,381.3,-1.7,-171.47690386143253,0.2326718438294606,0.09391249949769047,0.38935162916301214
default,Fitting,sdp,1699,1446,86.6,-3.3678297665700283,0.6282274984169733,427.4,-1.5,-208.1411073113651,0.25036476895993964,0.011829573717632477,0.5258910266770196
default,Fitting,starfit,1699,80.1,65.8,0.6678606308468393,0.6236363554435693,-10.1,0.3,0.3579654681281149,0.5670137203703847,0.6688602449246045,0.5685286839686171
fitted,Evaluation,gdrom,1699,56.3,49.5,0.840325236456558,0.8656707610793073,-4.3,0,0.6824296195785142,0.7545949076522531,0.7479859938665657,0.7616889578980979
fitted,Evaluation,h06,1699,347.5,78.2,-0.2971124594884591,0.47981221191076795,95.2,0,-11.080175147210358,0.3880116317554143,0.020984453388917763,0.38834389616834636
fitted,Evaluation,natlake,1699,231.2,74.1,-0.6075879805954603,0.5159457785948705,-1.7,-0.3,-4.345087060252466,0.45010722795365876,0.21079683085029757,0.4508371181807568
fitted,Evaluation,rulebasedloc200,1699,1051.1,64.6,-2.1801095362257903,0.7493369654608342,302.3,-2,-109.50546811395583,0.5829587587027489,0.05021072052475946,0.598043483971811
fitted,Evaluation,sdp,1699,1344.1,75.9,-3.331994752145282,0.7107741963448376,381.9,-2.6,-179.70572752940745,0.423595276405635,0.004636732245058404,0.5068718263580455
fitted,Evaluation,starfit,1699,58,63.4,0.8262659164068359,0.6259779560779577,-7.6,-0,0.6629879258349329,0.5974616115956624,0.7803065182409424,0.603370691870081
fitted,Fitting,gdrom,1699,59.6,59.5,0.8145985244754506,0.8231065780240627,-2.6,-0,0.6448055994937629,0.6463800992551288,0.7169233086244964,0.6775055986146894
fitted,Fitting,h06,1699,225.9,79.9,-0.04055483071584853,0.4574344279660775,47.2,-0.4,-4.1059915771740005,0.3622171682479408,0.04215512774140908,0.36302508873368317
fitted,Fitting,natlake,1699,200.9,72.1,-0.25368226869737454,0.5333601441545472,1.2,-0.2,-3.038814340123195,0.48073836637816547,0.0011158652611751741,0.483066910805152
fitted,Fitting,rulebasedloc200,1699,946.9,76.1,-2.1970973378975494,0.6678048635994099,272.4,-1.2,-88.67544492992457,0.42048389294131316,0.15063538202479093,0.4672811462270979
fitted,Fitting,sdp,1699,1317.9,89.6,-3.36640530803024,0.6257369540866349,381.7,-1.5,-172.7093728484241,0.19700349280477647,0.05164432985930579,0.4092836125890189
fitted,Fitting,starfit,1699,68.3,66.4,0.7802111888847624,0.6179799270251276,-8.1,0.1,0.5332129235659058,0.5584920408490626,0.6876348747364001,0.5597478191341172
default,Evaluation,gdrom,1703,73.5,110.6,0.6823621217902405,0.3710973665050016,1.4,0.3,0.4589852566324105,-0.22410759098155908,0.6632517032050469,0.1381317567851978
default,Evaluation,h06,1703,192.9,101,0.34087408168690914,-0.2792100895543399,24.1,-2,-2.721793603234597,-0.020808147157222567,0.3555375835637018,6.553931973013889e-4
default,Evaluation,natlake,1703,139.1,87.7,0.7148976412468875,0.19484837777950392,-19.4,0.6,-0.9344321445207231,0.23066396754502494,0.6320546782584666,0.24603023217471018
default,Evaluation,rulebasedloc200,1703,406.6,158.7,0.20271536757483288,0.06307597132149745,63.4,-0.8,-15.53618395257297,-1.518735403286266,0.5788766079098909,0.02177331447519301
default,Evaluation,sdp,1703,299.5,141.9,0.45645739831028675,0.13225925754589973,45.7,-0.9,-7.972022731560362,-1.0148865153817002,0.5497400796078783,0.022046029045040917
default,Evaluation,starfit,1703,503.6,93.7,0.046726459522517416,0.011931765482640855,-77.7,18.1,-24.365241438401398,0.12120175985107307,0.3663277736035682,0.175055324777992
default,Fitting,gdrom,1703,96.1,97.3,0.49497605660793864,0.539759867946606,5.1,-1.2,0.07705383608237648,0.05250549546739358,0.629044172207272,0.292635687965056
default,Fitting,h06,1703,202.8,109.4,-0.16557536435584996,-0.04170737389903967,15.3,-1,-3.114334214291608,-0.1972169366124208,0.2572385927524596,0.005419439825339719
default,Fitting,natlake,1703,156.5,96.3,0.5682345242154871,0.13871270348414022,-19.4,1.8,-1.451225314567285,0.07155485649639426,0.44224821453789476,0.09884715917217718
default,Fitting,rulebasedloc200,1703,404.7,135.4,-2.6940346702297724e-4,0.21951718661388464,57.6,-7.4,-15.384713767636221,-0.8346340256684024,0.08315028410504939,0.061028469726414875
default,Fitting,sdp,1703,294.7,111.5,-0.16720424754176832,0.09729183051923262,36,-5.5,-7.688711407445819,-0.24263852981778422,0.17632199213768723,0.0254173048170341
default,Fitting,starfit,1703,479.8,94.4,-0.909891588762838,0.028907965487249387,-62.5,28.6,-22.025732333284306,0.10943189903686079,0.1306503072765906,0.18162398018035691
fitted,Evaluation,gdrom,1703,61.4,98.6,0.7858555133212697,0.42932821330969506,-3.2,0.2,0.6231514151169243,0.028264584236963763,0.7525634131142025,0.1994997272985944
fitted,Evaluation,h06,1703,103.3,98.6,0.5276311167431915,-0.1814421325486073,1.1,-1.4,-0.06796736269329262,0.026674791076569115,0.36113309916008685,0.026771825906654043
fitted,Evaluation,natlake,1703,63.8,86,0.7985062639192596,0.24815973733887042,-1.1,-0.4,0.5934770123683549,0.2609233897784121,0.6381276252565301,0.2708044491537961
fitted,Evaluation,rulebasedloc200,1703,216.8,98.4,0.4938488282625437,0.4206392752802397,31.1,-6.4,-3.6997048498864817,0.03188970036263761,0.3643684174666433,0.19749063672045572
fitted,Evaluation,sdp,1703,67.4,85.4,0.8359819471873748,0.27693769704357307,6.3,-1.4,0.5459359842868095,0.26991707398530884,0.7437776396758187,0.27466728720622957
fitted,Evaluation,starfit,1703,73,87.3,0.6925005613159956,0.38483569811099183,-7.9,0.4,0.4676667270506851,0.23698689160224828,0.7272725065911055,0.25428744501187
fitted,Fitting,gdrom,1703,75.4,86.1,0.6560434252451286,0.5531551918254947,-2.5,-0,0.43140858597399445,0.2577630912596294,0.6800564962616422,0.33385464881931703
fitted,Fitting,h06,1703,174.8,96.8,-0.1192006212826906,-0.06711896984963484,-2.1,0.6,-2.056545770393526,0.0635145377885914,0.23599943863955478,0.06372725524994453
fitted,Fitting,natlake,1703,88.2,96.8,0.6374130196949337,0.16613371521208575,-0.4,-0.3,0.22180749636817976,0.06213390465291113,0.4257065582585242,0.10187799742795087
fitted,Fitting,rulebasedloc200,1703,245,100.2,0.2533768450257967,0.39843678093110635,31.8,-5,-5.003469741727793,-0.003598624021018626,0.16333212937336147,0.17725006332996932
fitted,Fitting,sdp,1703,113.6,91.1,0.7004305528449855,0.26500615493736757,13.3,-1.6,-0.29153992787584504,0.1702563367366522,0.5991916992620894,0.18285305765253562
fitted,Fitting,starfit,1703,54.5,79.2,0.7900831057499614,0.4726226622091281,-4.7,0.1,0.702846938508078,0.37247372316766847,0.8017607489037114,0.373533329693499
default,Evaluation,gdrom,1707,153.7,69.2,0.42460991017593774,0.7458619031253209,-21.5,0,-1.3634632089263938,0.5207115444971084,0.23323489526572458,0.5624860545985167
default,Evaluation,h06,1707,998.5,104.5,-5.199816474869905,0.17574226881215715,146.1,4.8,-98.71824044770145,-0.0914837882334536,0.10032852061586744,0.06518171141396648
default,Evaluation,natlake,1707,1132.1,93.1,-2.5464495824204616,0.264504396534877,212.1,1.9,-127.20676788352023,0.13224983917388156,0.027404277415874888,0.1614954972071459
default,Evaluation,rulebasedloc200,1707,1695.8,95.5,-2.44658672945254,0.5806734815706219,335.2,0,-286.6647295643685,0.08712857447016442,0.039521005317900336,0.3564568701312242
default,Evaluation,sdp,1707,1566.4,112.6,-2.752269997587161,0.4527947298791646,304.7,1.1,-244.43219275019356,-0.2689344854525222,0.0468055574985023,0.2471327680343163
default,Evaluation,starfit,1707,63.6,74.9,0.8333452775659687,0.5256624578908322,-6.7,-0.1,0.5950021352407067,0.4388487862489434,0.7226045860863948,0.43886710244980226
default,Fitting,gdrom,1707,133.5,63.2,0.5031153621389295,0.7573501069277541,-20,0.4,-0.7817373709536264,0.5999960016606866,0.3873257362610309,0.6121589895903689
default,Fitting,h06,1707,887,103.4,-4.899809820706532,0.2152059127801621,140.6,-1.5,-77.69052527587148,-0.0698632883153949,0.16457362270838033,0.08168764670766651
default,Fitting,natlake,1707,979.3,97.3,-2.444819964317235,0.2554501099262032,208.4,-2.8,-94.92901821121792,0.05280719446156368,0.11639225969339677,0.12674148345854755
default,Fitting,rulebasedloc200,1707,1442.9,102,-2.4348036759881677,0.4853524642090409,325.5,-3.1,-207.24349298613032,-0.039996863018126216,0.07241168466167126,0.2366212757963543
default,Fitting,sdp,1707,1288.5,113.3,-2.9030396023515936,0.38201348838701854,282.6,-3,-165.04934967350377,-0.28315672633173183,0.11003001134789318,0.14747951028275688
default,Fitting,starfit,1707,62.4,72.9,0.8069005485067285,0.5374658081458694,-5.2,0.3,0.6107322891592273,0.4682081002389943,0.6772684739126319,0.4687398091844053
fitted,Evaluation,gdrom,1707,51.1,66,0.8532768018934718,0.7767198981787542,-1.7,0,0.739308731772635,0.5638329537883124,0.7519504268511477,0.6047137604499448
fitted,Evaluation,h06,1707,285.6,81.9,-0.18196357898607185,0.4066634345735899,43.4,1,-7.15614737623377,0.3292073493911303,0.06098518383151244,0.3294207768204384
fitted,Evaluation,natlake,1707,227.3,77.3,-0.4361330318288381,0.45123630396172365,-5.2,-0.1,-4.169604474575541,0.40183948426982896,0.002749427057376671,0.40394108401184986
fitted,Evaluation,rulebasedloc200,1707,1273.5,76.7,-1.6580217923749228,0.7064301541641993,250.5,-4,-161.23137665442906,0.41138755668755633,0.13000997055464752,0.503255881062239
fitted,Evaluation,sdp,1707,728.2,99.3,-4.0818501152907185,-0.1032760706777196,92.9,0.4,-52.04143244616857,0.013339076609705791,0.2145265893831841,0.026865029501135163
fitted,Evaluation,starfit,1707,60.1,75.5,0.8151884044769622,0.5275026133550618,-5.7,-0.1,0.6381411355916227,0.4305056054173483,0.7233682858014728,0.43087614296964755
fitted,Fitting,gdrom,1707,71.9,57.9,0.7595580668056447,0.8147533029297831,-4.7,-0,0.4827626069684038,0.6641459499815228,0.6269546100658104,0.6784360698058648
fitted,Fitting,h06,1707,267.5,80.3,-0.5409086773122493,0.4113423115273174,33.4,-1.2,-6.158788629392554,0.3550956883828148,0.09995234847052746,0.3557597330080153
fitted,Fitting,natlake,1707,204.2,75.2,-0.2871209799777532,0.4778417734803484,-4.2,-0.3,-3.171917460414864,0.43450775734467284,0.0700540108488952,0.4380825233718343
fitted,Fitting,rulebasedloc200,1707,1100.9,78.8,-1.5863496643120518,0.6804691395965041,248.5,-2.5,-120.22570333906744,0.37930720341692237,0.154273805459398,0.4655979518627416
fitted,Fitting,sdp,1707,777.8,99.5,-4.654385861631999,0.09731791674296308,106.8,-2.8,-59.50423865498834,0.010673505488300261,0.1511544126897052,0.06552161514729699
fitted,Fitting,starfit,1707,59.3,73.7,0.7887091779657205,0.541146692331297,-4.4,0.2,0.6484646602915468,0.4565466537861045,0.6884950262329572,0.4565486736435335
default,Evaluation,gdrom,1709,70,65,0.7508825580583653,0.7873384776231567,-6.7,-0.1,0.5104771291699873,0.5779959701382943,0.5788332165559642,0.6201028623332449
default,Evaluation,h06,1709,263.4,86.3,-0.3178036258420245,0.24819289783884735,115.2,0.8,-5.937875808431196,0.25573845265364314,0.13029487609903634,0.2631117569042695
default,Evaluation,natlake,1709,410.7,87.1,-1.2133105157223878,0.5341792544903844,184.9,0.2,-15.872292087236367,0.24042609868752818,0.04676232059113151,0.31678319062461896
default,Evaluation,rulebasedloc200,1709,437.1,78,-1.206797164775161,0.6525055041832979,205.1,0.8,-18.107182890779654,0.3912816086258082,0.0427045620548523,0.44536143398981815
default,Evaluation,sdp,1709,485.8,91.2,-1.6127919298339921,0.6035184454497708,230.6,-0.1,-22.611160336486805,0.16721145412961258,0.0013647810901503744,0.47804751023320674
default,Evaluation,starfit,1709,77.4,82.3,0.7142335547492444,0.5030328821786487,-2.8,0.5,0.40085230040924,0.3232017348206675,0.5376011111755755,0.34288681456360404
default,Fitting,gdrom,1709,59.9,59.7,0.8214024496834087,0.8073587655852287,0.9,0.2,0.6407436633056245,0.6434222014408166,0.6752399800907231,0.6622069448747229
default,Fitting,h06,1709,276.5,84.3,-0.31990998894477696,0.32060693128531936,112.4,0,-6.647948274075862,0.2899910190756546,0.13587899057663969,0.29158727192548783
default,Fitting,natlake,1709,400.4,85.8,-0.9632447474401098,0.5822470480830303,172.5,-1.6,-15.031761579214958,0.26387609105986776,0.004380171842560879,0.3546977417301285
default,Fitting,rulebasedloc200,1709,388.7,82.8,-0.8248307089281266,0.616687855240797,168.3,-1.6,-14.109515222569595,0.3148008423238834,0.21562291000394482,0.39425721224507826
default,Fitting,sdp,1709,471.5,73.4,-1.3372584779914725,0.7331550171928991,212.2,-1.5,-21.239201050411538,0.4616483697192122,0.03462802915250118,0.5954810178818992
default,Fitting,starfit,1709,85.4,81.2,0.6561779294251424,0.4559062815849826,-4,0.9,0.27044020367317345,0.34008005188193036,0.49531084638746387,0.343785569353957
fitted,Evaluation,gdrom,1709,62.3,65.9,0.8084950108750028,0.7883070016108653,1.7,-0,0.6114663559425282,0.5660295951607948,0.6565819117905493,0.635257010315491
fitted,Evaluation,h06,1709,98.4,85.9,0.19728050261194818,0.34192725276578617,-2.8,0.6,0.031246782510270243,0.26194774514865704,0.10136129405222649,0.263834266560378
fitted,Evaluation,natlake,1709,139.4,86.4,-0.36172130635015964,0.38593115773567244,0.6,-0.7,-0.9427583719738115,0.2537557664722343,0.10730950109056821,0.2654428453661707
fitted,Evaluation,rulebasedloc200,1709,294.6,80,-0.4840571887693874,0.5750826564321674,133.7,-1.3,-7.682607568060689,0.3590251499284156,0.13414831310449063,0.3902691090087618
fitted,Evaluation,sdp,1709,430.8,85.4,-1.189448836682327,0.6144647808649337,197.2,-2.1,-17.561255093342744,0.2713075684461438,0.0032585708479312843,0.38219312198575045
fitted,Evaluation,starfit,1709,43.1,69.8,0.9032021537873467,0.5943439198769274,3,-0.1,0.813943138424783,0.5127462143298485,0.8250427648089922,0.5127804627695409
fitted,Fitting,gdrom,1709,43.5,60.5,0.9058130961178497,0.8168126855257152,-0.4,0.2,0.8111377941560207,0.6333116310940878,0.8229049846107621,0.6672139178655259
fitted,Fitting,h06,1709,110.4,85.1,0.2905154743623012,0.33865876801677575,4.8,-0,-0.2183839055650516,0.27490491792692084,0.09418401412126141,0.2751531550248254
fitted,Fitting,natlake,1709,132.4,83.3,-0.13969087535106817,0.40416958035381145,-0.9,-0.4,-0.7530976321142813,0.305891263475741,0.013058541365272429,0.3082458965809468
fitted,Fitting,rulebasedloc200,1709,263.5,78.2,-0.23421981288417593,0.607729321661842,108.6,-1.2,-5.946732092274959,0.3889869902106845,0.2708855824148084,0.4206345549826759
fitted,Fitting,sdp,1709,420.2,81.3,-0.9810346653192574,0.6681448702947385,183.7,-1.5,-16.663125641000416,0.3396941975753973,0.08559249585420811,0.4469094155462608
fitted,Fitting,starfit,1709,46.6,70.6,0.8899727905906456,0.5659087598122843,-1.1,0.3,0.7831917956659173,0.501539899668457,0.7937907383235105,0.502497810917442
default,Evaluation,gdrom,1712,87.8,68,0.6235152563975295,0.7577888936730752,-1,0,0.2288505158814388,0.537653681557253,0.38966592122886307,0.578575942627249
default,Evaluation,h06,1712,1427.1,102.9,-7.418645416296341,0.022798814150275626,187.9,4.1,-202.72475147769055,-0.058884977345538436,0.028737266871026682,0.031142623621818983
default,Evaluation,natlake,1712,1538.1,92.8,-3.4156231810800293,0.11191385710632751,249.9,1.6,-235.62975685731837,0.13833817839249374,6.584779930325948e-4,0.13842315346834247
default,Evaluation,rulebasedloc200,1712,2394.1,70.5,-3.1466305977293763,0.6992307572801578,406.9,0.1,-572.3088722559032,0.5024193477319128,0.041586397684775116,0.5257816410962742
default,Evaluation,sdp,1712,2202.4,93.7,-3.896270496959036,0.5227410193457038,368.3,1.5,-484.19131586647495,0.12133041021497037,0.01631371740841621,0.279523682029439
default,Evaluation,starfit,1712,74.4,76.6,0.7336143260539238,0.4538557716154852,-2.4,0,0.44627030228214415,0.41364302583905577,0.5996084204610083,0.41750617183650257
default,Fitting,gdrom,1712,84.1,63.6,0.6872700833517038,0.7829685895206713,-5.4,0.1,0.2925428347696417,0.5949696627350892,0.47883611426073885,0.6216141318877658
default,Fitting,h06,1712,1285.4,98.7,-6.5901034059743155,0.27006167305086715,181,0.7,-164.25278552882142,0.025477874131261014,0.13311015403489668,0.12361917946455817
default,Fitting,natlake,1712,1422,92.3,-3.6613079775649933,0.29378553276932506,241.6,-2.7,-201.24454589218834,0.14711941590439548,0.057099531577909354,0.1776972696049416
default,Fitting,rulebasedloc200,1712,2156.5,92.3,-3.213523225060073,0.5624669175127257,386.4,-3.5,-464.11470903362647,0.14810239485758725,0.0849588051070606,0.3186192881128848
default,Fitting,sdp,1712,1894.4,97.8,-4.581174512593108,0.4994849666926273,328.4,-3.5,-357.9541424260948,0.043296016891222866,0.10155835884999254,0.2524049447051204
default,Fitting,starfit,1712,128.8,73.7,0.2910109189674652,0.5045951202529815,-0.2,0.1,-0.6599728420322164,0.4574634921333921,0.32677575664746755,0.46056511802014805
fitted,Evaluation,gdrom,1712,84.5,69.3,0.6658889187993601,0.7502641719337824,-0.7,-0,0.2862552485080263,0.5202910948896177,0.4676182298496943,0.5662263443100491
fitted,Evaluation,h06,1712,297.7,86.3,-0.21315617330636294,0.30169608159261974,39.1,0.9,-7.865060346102842,0.2557374204667078,0.0423650334462421,0.25576340358837524
fitted,Evaluation,natlake,1712,277.1,84.3,-0.8132715458263935,0.3136542474121211,-7.5,0.1,-6.682801134369659,0.2892690978831516,0.026440722328098295,0.2917305710676211
fitted,Evaluation,rulebasedloc200,1712,1740.7,120.7,-2.5779911577368657,0.38871228604709906,292.2,-4.4,-302.0767064793996,-0.4568629991112676,0.044096797843924486,0.2804085711136023
fitted,Evaluation,sdp,1712,1152.8,100.4,-4.864012836179602,-0.1612994457423953,164.4,-0.7,-131.9382766648136,-0.00834052459876089,0.1373203436555448,0.012183600135794446
fitted,Evaluation,starfit,1712,79,75.9,0.6944388439669769,0.4842438102723976,-4.1,-0,0.37635675681882996,0.42354202830697907,0.6178343192318323,0.424556718182344
fitted,Fitting,gdrom,1712,67.3,70.6,0.764900863762094,0.7387768692005852,-3,0.1,0.5471876036095733,0.5019872712071145,0.6016161814585035,0.5501134248147461
fitted,Fitting,h06,1712,368.4,79.6,-1.30902045519036,0.41766228430371577,38,-0.5,-12.573438915546229,0.3661958676139677,0.08964170654296773,0.36743689723051404
fitted,Fitting,natlake,1712,283.1,76.9,-0.9325952460269797,0.45245054831772,-6.9,-0.3,-7.015900677202588,0.40882244392846534,0.005136354103753989,0.411960427888649
fitted,Fitting,rulebasedloc200,1712,1611.9,127.3,-2.1163061395593297,0.3414414193366194,288.7,-2.7,-258.8733270667166,-0.6196838279771621,0.12476014330047877,0.23548390472323813
fitted,Fitting,sdp,1712,968.4,100.4,-6.283145587123814,0.09868071608581896,102.1,-2.3,-92.80092082180568,-0.007920014181356239,0.14521054826995158,0.06043782358132466
fitted,Fitting,starfit,1712,85,71.6,0.6766729087478556,0.5539261919174525,-4.1,0.1,0.2774582082385134,0.4873951497098922,0.5215696233577415,0.4881572113804328
default,Evaluation,gdrom,1714,53.2,75.1,0.8377766412028896,0.6928845317450589,-2,0.6,0.7164250779533066,0.435777240646644,0.7329704023358268,0.49029163838985473
default,Evaluation,h06,1714,482.4,110.8,-2.135845821963942,-0.053716214434561094,54.7,3.7,-22.275899801539982,-0.22866788433888519,0.09213653144515252,0.0030234804574977244
default,Evaluation,natlake,1714,433.6,89,-0.407356496694365,0.2462179201485699,73.2,1.7,-17.807322404935814,0.20768949701535833,0.2383786625302322,0.2083354010699906
default,Evaluation,rulebasedloc200,1714,843.4,98.4,-0.7639677755063385,0.4218682330592166,154.3,0,-70.14987199882604,0.03215601739659579,0.055182346702980445,0.19578992161799136
default,Evaluation,sdp,1714,772,128.7,-0.9908632766592553,0.12735703806502885,137.9,0.7,-58.60860800812069,-0.6560275233080723,0.11655115722019185,0.01660891351617902
default,Evaluation,starfit,1714,56.4,73,0.6284543844356123,0.5554783673915663,-2.2,0.1,0.6813555307504273,0.46767015318351157,0.7345752105971741,0.46768362373861977
default,Fitting,gdrom,1714,64.2,67.7,0.7291381197172416,0.7652405865188148,1.6,-0.2,0.5874807728608139,0.5412081200369412,0.733366259025459,0.5869263162472155
default,Fitting,h06,1714,497.5,113.5,-1.6968017546820247,0.1361360323265406,72,-1.2,-23.753666820307643,-0.28951426958427207,0.23628471159048664,0.030885134287165647
default,Fitting,natlake,1714,437.1,86.5,-0.44406454400746176,0.38321325293761144,75.6,-2.5,-18.112158949974646,0.2513194457188068,0.3985318888924841,0.26355972843100156
default,Fitting,rulebasedloc200,1714,774.1,121.6,-0.8389792628325177,0.34815737260276014,141.2,-3.2,-58.92843448667585,-0.47878394091886056,0.058394992496006666,0.13402126275182175
default,Fitting,sdp,1714,728.1,147.7,-0.8749001243452041,0.11389760767380219,131.8,-3.3,-52.029111605659445,-1.181174098053034,0.17358406197278375,0.02231329993885057
default,Fitting,starfit,1714,50.4,64.9,0.7946417488053984,0.6603801785203991,-2.8,0,0.7464171133929669,0.5784120717403565,0.7700223049683029,0.5784140077929013
fitted,Evaluation,gdrom,1714,42.8,67.5,0.8102292706849881,0.7294229756622038,-2.2,-0,0.8167788948832889,0.5439058787637987,0.837093867485154,0.5642380176572278
fitted,Evaluation,h06,1714,138.3,84.9,0.18490330793079235,0.4346363228455564,-2,1.4,-0.9127307573452363,0.2784258005330176,0.041711450112084776,0.29432189352302124
fitted,Evaluation,natlake,1714,124.1,82.6,0.3617736651299791,0.45299941939013755,-1.8,-0.7,-0.5406805629230178,0.3180739895035527,0.17119610061979978,0.3261191522068028
fitted,Evaluation,rulebasedloc200,1714,551.8,85.9,-0.6038634964465244,0.4643913684376004,95.3,-4.4,-29.453607959027636,0.26122301719739116,0.05863880119632592,0.2950918687291375
fitted,Evaluation,sdp,1714,337.5,93.8,-0.3371534424727276,0.08971343954765476,53.9,-1.5,-10.394715830683467,0.12006906798378247,0.3829929274180473,0.1205526024039507
fitted,Evaluation,starfit,1714,61.6,75.7,0.5673729007116363,0.5404549213741912,-1.2,-0.2,0.620349707603193,0.42734640397819634,0.6686733007141548,0.42906066434786355
fitted,Fitting,gdrom,1714,33.1,54,0.9429869095101701,0.8447974951995258,-1.7,-0.6,0.8904818025966255,0.7085776002215658,0.8994947043840437,0.7214930640198814
fitted,Fitting,h06,1714,122.5,83.7,0.3675404502655212,0.5221915092899743,4.8,-0.8,-0.501348859012561,0.2984675305587804,0.15133237814805003,0.335939778280924
fitted,Fitting,natlake,1714,102.8,75.2,0.5295532080658163,0.6034802542940048,-0.5,-0.7,-0.056358731896197334,0.43453886957392795,0.3695139362144525,0.4473728424168126
fitted,Fitting,rulebasedloc200,1714,555.3,82,-0.5292420694368363,0.617002151487389,98.3,-2.4,-29.839042496790086,0.3269644104211109,0.10526297549803945,0.3987779125113481
fitted,Fitting,sdp,1714,298.9,102.8,-1.2216775928874575,0.03665418120660302,24.1,-2.7,-7.937736145113066,-0.05623129231517088,0.3495184783794311,0.03448454932307106
fitted,Fitting,starfit,1714,51.1,66.9,0.8072848278222517,0.6455018881818968,-1.6,-0.1,0.739191868493443,0.5529176231238768,0.7465620538851291,0.5530490095685187
default,Evaluation,gdrom,1718,24.5,72.6,0.8531828826162167,0.7354093323562916,0.3,0,0.9398898529617707,0.47287963658312104,0.9549904366535664,0.540867512122035
default,Evaluation,h06,1718,611.4,127.9,-2.412954598734703,-0.03247372624173983,97.6,4.9,-36.39482322626543,-0.6354810905021759,0.04864884215239577,8.394427514849777e-5
default,Evaluation,natlake,1718,489.6,114.6,-0.5596338532657372,0.1910057197563444,97.4,2,-22.97988998279599,-0.31350153728515884,0.2833766655596086,0.04550989397539936
default,Evaluation,rulebasedloc200,1718,964.2,146.6,-1.176773220031591,0.15434337490480787,205.5,-0.1,-91.98794948355786,-1.1509949462137334,0.21646511133387603,0.04454277546626416
default,Evaluation,sdp,1718,804.6,153,-1.247682228018733,0.011827500928776824,165.3,2.2,-63.757341550388446,-1.341123588742624,0.0918072280939362,9.147295169106109e-4
default,Evaluation,starfit,1718,44.8,74.4,0.7639955058344106,0.5263195636214164,-1.8,0,0.7990752665061038,0.44607553971156677,0.8209840161425771,0.44610796526413427
default,Fitting,gdrom,1718,47.8,80,0.8098866782458418,0.6870695216068674,0.9,0,0.7711638533627332,0.35916437418714553,0.7743677047543585,0.4736095276128356
default,Fitting,h06,1718,675.2,131.6,-2.291663776197972,0.023880613914956994,104.1,-3.7,-44.599069035271484,-0.7326025047920188,0.07854897075594888,9.680994515298472e-4
default,Fitting,natlake,1718,563.7,100.1,-0.7771453798208587,0.18818795896203333,98.7,-2.9,-30.777066021814015,-0.0017884585695517874,0.2524196779374079,0.08799115385459015
default,Fitting,rulebasedloc200,1718,1069.6,139.2,-1.1870667579713161,0.2088705180476198,199.3,-3.8,-113.43554959751874,-0.9391004980512254,0.03930917298440923,0.06295973394169617
default,Fitting,sdp,1718,907.6,154.5,-1.7311653740105046,0.028095190413354287,161.5,-3.8,-81.39525979114732,-1.3866298121722118,0.07100733055369003,0.003385891893563042
default,Fitting,starfit,1718,51.6,74.2,0.8043965456305554,0.5361656572068516,-1.9,0.1,0.7335018891472123,0.4489945326712078,0.7435121231200927,0.4490099306791495
fitted,Evaluation,gdrom,1718,27.3,60.6,0.8354367364518188,0.7721620888737686,-0.9,0,0.9252754508023857,0.6327654379939345,0.9449097062363156,0.6407755001073842
fitted,Evaluation,h06,1718,132,84.7,0.3160026664229191,0.3615020592862497,14.5,0.7,-0.7419172479362737,0.28199422127695994,0.11076507036471062,0.2831362397161861
fitted,Evaluation,natlake,1718,103.6,83.9,0.5184437441746492,0.4059235472052396,-2.8,0.2,-0.07260110506934736,0.29534249663990386,0.4047292665143317,0.2998775606066378
fitted,Evaluation,rulebasedloc200,1718,696.2,90.4,-0.6252589056899922,0.5091170360217446,146.3,-4.5,-47.47946282074096,0.18201853462298412,0.12831193142858138,0.28486269957167093
fitted,Evaluation,sdp,1718,292.7,102.5,-1.0423678660768716,-0.0373970531711616,27,0.1,-7.5695212442859585,-0.05088306080244398,0.2139355951272167,0.020960838721232094
fitted,Evaluation,starfit,1718,51.4,78.7,0.6254891075130672,0.4998392281724323,-2.5,0.1,0.7361119048131038,0.38055443902708075,0.8216774820786737,0.38369373203318274
fitted,Fitting,gdrom,1718,30.5,62.9,0.8807908538896219,0.776064338437546,-0.3,-0,0.9066631972564663,0.6037554324115513,0.9110565518790762,0.6223572503719838
fitted,Fitting,h06,1718,203.9,88,-0.1878549777973919,0.3277872126907475,13.4,-1.4,-3.159249559330757,0.22617758867132698,0.08193446883307741,0.23375592911988033
fitted,Fitting,natlake,1718,113.6,86,0.4282156416123799,0.38823971594889983,-0.9,-0.6,-0.2898486402775369,0.2611142060806315,0.36565622688160043,0.2710143147573455
fitted,Fitting,rulebasedloc200,1718,813.8,93.2,-0.6228436352842677,0.5154961030139364,151.9,-2.9,-65.24649085808981,0.13200922868643616,0.18499137637385166,0.2763934689765104
fitted,Fitting,sdp,1718,370.3,100.8,-1.7121770060657169,-0.02433237509702124,29.5,-1.6,-12.71107029440471,-0.016305860529335803,0.16189041499057044,0.03080934534798114
fitted,Fitting,starfit,1718,54.4,80.3,0.67876351093079,0.4909530395848426,-2.7,-0,0.7043561165496417,0.3556960970669125,0.7497476828904072,0.3622451374949607
default,Evaluation,gdrom,1726,156.6,62.7,0.15440504569959668,0.7784049007189776,-8.7,0.2,-1.4528983067195442,0.6067959406039772,0.14058078681946534,0.6253453178763742
default,Evaluation,h06,1726,657.6,84.7,-1.8950743397731071,0.381813742206079,113.7,0.7,-42.255663218028495,0.28226130148520046,0.02743518896784545,0.28573114771228403
default,Evaluation,natlake,1726,1002.3,87.4,-1.6686383342568152,0.618173443742281,197.2,-0.1,-99.48787219162864,0.23597195200795607,0.0018826501964326508,0.38214023582229006
default,Evaluation,rulebasedloc200,1726,1100.4,84.7,-1.5245202400277194,0.6619367259838208,221.1,-0.1,-120.11915218430916,0.2823503246873963,0.015606112657671433,0.4532047065675707
default,Evaluation,sdp,1726,1085.6,87.4,-1.7132927226770236,0.642582784054669,216,-0.1,-116.88213920388624,0.23651354987099982,0.026931488646204732,0.42944041420865436
default,Evaluation,starfit,1726,137.7,79.9,0.2140345020736979,0.4630912266044571,-1.6,0.1,-0.8965679727743292,0.36169657983644965,0.30525089689586005,0.36303251156646715
default,Fitting,gdrom,1726,137.9,54.3,0.38516368326727424,0.8120375823131408,-13.9,-0.1,-0.9011455096014955,0.7047802317350682,0.21846762905846911,0.7080889564416952
default,Fitting,h06,1726,499.4,78.6,-1.3314274361228984,0.42678147173988334,82.9,-0.3,-23.942945148381554,0.38208530794915463,0.1234675840173189,0.38452220040595286
default,Fitting,natlake,1726,805.4,85,-1.3215369278530398,0.65661891090521185,155.1,-1.2,-63.87444480585957,0.277724540933004,0.001760733664641368,0.43984130593093
default,Fitting,rulebasedloc200,1726,909.3,85.6,-1.2463363388946846,0.656787090072976,179.9,-1.2,-81.69066253712991,0.2671436341940995,0.043667213141735925,0.4540521535725593
default,Fitting,sdp,1726,868.7,87.4,-1.3651963056465335,0.6438188303088113,169.6,-1.2,-74.48512979880778,0.23517144334087703,0.044353588004682754,0.44059873141185985
default,Fitting,starfit,1726,191.9,77.9,-0.25877995611032345,0.4546066059279532,-7.3,0.2,-2.682676325396449,0.39247146380452036,0.22499157386465848,0.3930894763082221
fitted,Evaluation,gdrom,1726,93.9,72.4,0.6646785681779662,0.733292559623808,12.2,-0.4,0.11772489024694666,0.4758471613108787,0.5033825636018749,0.5384612870606981
fitted,Evaluation,h06,1726,242.3,83.6,-0.570849840601001,0.3636338080336837,16.1,0.8,-4.871362020366812,0.30034585589167284,0.10351847756581035,0.3003944285349066
fitted,Evaluation,natlake,1726,241.3,74.6,-0.4645553560089073,0.5020087610864626,15.6,-0.4,-4.824368224433885,0.4428732604154695,0.0016278612075923907,0.4441986590609748
fitted,Evaluation,rulebasedloc200,1726,741.5,97.6,-0.8305284791091774,0.5691830053825895,146.8,-1.4,-53.99245253585682,0.046337461450796535,0.06639746668652075,0.3616944205425177
fitted,Evaluation,sdp,1726,748.9,98.8,-3.9473788506684446,0.36868514769886995,99,-1.9,-55.102130310538726,0.02283628466719656,0.02209104291078525,0.16559280873446056
fitted,Evaluation,starfit,1726,235.3,122.5,-0.6013252433464671,0.2138961041820282,-14.8,29.4,-4.539260319901331,-0.5021114424949931,0.19486860621133884,0.07336101929230317
fitted,Fitting,gdrom,1726,62.8,66.4,0.7576740006718624,0.7727601642709598,-2.2,0.1,0.6060432802519835,0.5584241359391643,0.6259116014035717,0.5991496671165412
fitted,Fitting,h06,1726,224,79.5,-0.5035056720431788,0.4275184833768164,-0.1,-0.3,-4.018064709547881,0.368639660077293,0.09366470199059136,0.36924578021057736
fitted,Fitting,natlake,1726,228.4,69.1,-0.4611665037786741,0.5719965005612047,0.3,-0.3,-4.218258309069846,0.5218038413587853,0.006277440162048542,0.5244568268463963
fitted,Fitting,rulebasedloc200,1726,594.1,84.2,-0.8127543946650113,0.6599743276370194,112.3,-0.8,-34.30212880743132,0.290918245449559,0.04775753560696732,0.44080672404822746
fitted,Fitting,sdp,1726,593.6,89,-3.2340178145042637,0.5302439813808904,67.8,-1.1,-34.24604460326693,0.2070061037902562,0.09092078688702177,0.3037178974091096
fitted,Fitting,starfit,1726,247.2,109.6,-0.45442027960921183,0.26394088283659234,-26.8,35,-5.110981297613367,-0.2018544469812371,0.17865347571127593,0.13027528158282212
default,Evaluation,gdrom,1733,145.3,50.9,0.2368830677768431,0.8610530326330506,-9.6,0.3,-1.1114153932481985,0.7405378714300672,0.1701221822458798,0.7499975303449667
default,Evaluation,h06,1733,511.3,75.1,-0.8041575538013455,0.5603846455231303,116.3,1.1,-25.149446298237386,0.43570898975081773,0.10991622459798747,0.4389244174172199
default,Evaluation,natlake,1733,906.3,71.6,-1.5955035649718106,0.7500368977992047,219.2,-0,-81.15945494661919,0.48663426223028183,2.924964498637982e-4,0.5956721082555768
default,Evaluation,rulebasedloc200,1733,935.5,71.4,-1.701057096310434,0.7532651611977083,226.4,0,-86.54008929987972,0.4904691737556569,0.04070979274224758,0.5914952829642351
default,Evaluation,sdp,1733,977.3,69.1,-1.619219058701315,0.7509964641635152,239.6,0,-94.5424960178609,0.5221711822154538,0.021588783915662258,0.6440843744992277
default,Evaluation,starfit,1733,97.7,62.3,0.555733078831746,0.6626171648569432,-7.1,-0.1,0.04440868689002431,0.6122990340037578,0.5079987605819448,0.6141084039759966
default,Fitting,gdrom,1733,112.7,40.1,0.5273982865889916,0.9013165424168702,-12.7,0,-0.26989261427162514,0.8389425408281846,0.4181142196221531,0.8399037102335308
default,Fitting,h06,1733,629.1,73.1,-0.9773784599927182,0.5532168381523836,143.1,-0.4,-38.58211943099396,0.46562772335199243,0.15016029801112282,0.4656498448326724
default,Fitting,natlake,1733,905.4,79,-1.5447270589041104,0.694196393301554,211.1,-0.9,-80.98520890558294,0.3756201912488347,0.021750655338513947,0.5550927144076001
default,Fitting,rulebasedloc200,1733,945.7,79.5,-1.7790335178441166,0.697618209222048,219.6,-0.9,-88.44220144967696,0.36861115817618306,0.0686192937233547,0.5339404972078595
default,Fitting,sdp,1733,979.7,78,-1.5166741324899893,0.6910020764345388,232.2,-0.8,-94.98954229828352,0.3909837874661304,0.05842686861820211,0.5801076645364954
default,Fitting,starfit,1733,80.7,57.8,0.721443439658233,0.6978589584897033,-8,0.2,0.3478313298225101,0.6663783873901072,0.5928952385654173,0.6699919911036045
fitted,Evaluation,gdrom,1733,136.2,51.6,0.33007106779274364,0.8656798297826697,-13.9,0.1,-0.8558414506809617,0.7336738212082852,0.14378917239493202,0.749756924709844
fitted,Evaluation,h06,1733,287.2,74.3,-1.0369482190384534,0.5321779079996418,17.7,1.1,-7.252911179118314,0.44715434648832864,0.08194802517394907,0.44722457516356184
fitted,Evaluation,natlake,1733,223.4,65.4,-0.39288643215493213,0.646614009681622,-9.8,-0.2,-3.9940870191391404,0.5719336632777963,0.006656263373055221,0.5720876799118301
fitted,Evaluation,rulebasedloc200,1733,587,85.6,-1.0722974277375537,0.6534705184906693,134.4,-1.1,-33.46390750748283,0.2678348672121128,0.08015942200702811,0.4375893091140884
fitted,Evaluation,sdp,1733,775.8,82,-2.9119737916289483,0.6527676084104395,159.7,-1.5,-59.198041886366944,0.3270561637715069,0.04823822388087261,0.42804709387904727
fitted,Evaluation,starfit,1733,147.8,78.8,0.1286778292994769,0.5903948758123765,-9.7,4.4,-1.1845202050515766,0.37945234953001405,0.34465279514922,0.40949491840411295
fitted,Fitting,gdrom,1733,86.7,43.4,0.6422883716421846,0.9025481514793171,-9.4,0.1,0.24817592581104175,0.8118214631060352,0.4503532253000053,0.817788221271189
fitted,Fitting,h06,1733,280.3,72.2,-0.80493621634056,0.543915280897249,32.8,-0.3,-6.8565195983230085,0.4788492800847741,0.1592275472381125,0.4797278679706143
fitted,Fitting,natlake,1733,241.5,60.2,-0.6412629254842819,0.6808995256619623,-4.5,-0.1,-4.834905143148268,0.6370021792061358,0.06583560465100925,0.6392916780054538
fitted,Fitting,rulebasedloc200,1733,612.8,78.7,-1.074494351694248,0.7045905131236676,136.6,-0.6,-36.55405143064621,0.3807729572468237,0.09307482944576362,0.5089989308499759
fitted,Fitting,sdp,1733,787.5,83.5,-3.0026558033051227,0.6696219296624801,157.6,-0.8,-61.02517014069945,0.3033728573479393,0.12490509281477792,0.45950850235754137
fitted,Fitting,starfit,1733,132.4,69.4,0.27872261994070624,0.6422646399995724,-6.5,2.7,-0.7519922811584108,0.5183392438901284,0.32948113405950463,0.5216697316257937
default,Evaluation,gdrom,1735,386.6,106.4,-1.5548127392987214,0.4301621959410924,83.8,11,-13.951461435180445,-0.13259657937001013,0.09941321534290894,0.19445963474762548
default,Evaluation,h06,1735,398.6,92.6,-1.6887053268075083,0.42425611761037874,74.1,14.5,-14.895075421709445,0.14271580094591152,0.17174910948958927,0.24000830134869441
default,Evaluation,natlake,1735,511.1,67.5,-1.7273181253865562,0.7657395058769212,238.9,-0.1,-25.125375322251415,0.5447015331521972,0.09893217181154558,0.5882889297552069
default,Evaluation,rulebasedloc200,1735,457.8,75.8,-1.439387532171347,0.6647694300912772,197.2,-0.1,-19.962300256550684,0.4245850593009326,0.048546757256581106,0.46710699201986494
default,Evaluation,sdp,1735,521.9,68.2,-1.7221135059566293,0.7736641742392518,244.1,-0.1,-26.247045195445537,0.5343952583449061,0.04074692338137071,0.6055439555749501
default,Evaluation,starfit,1735,273,110.7,-0.8414275730254832,0.2302273649434191,10.5,21.2,-6.455629398848435,-0.2256822794726594,8.579954790638673e-4,0.08131069640517725
default,Fitting,gdrom,1735,368.6,93.9,-1.4020961606482492,0.5368696017051077,99.4,9,-12.59056678528575,0.1172073279838205,0.22417982265354028,0.29889923288721154
default,Fitting,h06,1735,370.4,82.9,-1.4551788474451213,0.5486594852084901,86.7,12.6,-12.720677200943353,0.31241429237332374,0.29157550102791563,0.3665727882841675
default,Fitting,natlake,1735,450.2,58.3,-1.712975650748838,0.8220469414476521,234,-0.9,-19.272438799306176,0.6595787134286917,0.12592878504141172,0.6804816959019911
default,Fitting,rulebasedloc200,1735,438.4,62.2,-1.448292155967248,0.7810755113343724,221.8,-0.9,-18.220339236446808,0.6128545648277508,0.005951812300371257,0.6304264134044416
default,Fitting,sdp,1735,467.1,56.9,-1.7498402086518534,0.839245519553615,244.8,-0.8,-20.8196921312683,0.6758387361164337,0.055554829334329765,0.7054506573799731
default,Fitting,starfit,1735,307.5,103.1,-1.055732038949896,0.20724193095025256,39,18.1,-8.454911089585046,-0.062465983096169575,0.04941332159561668,0.0908398275187345
fitted,Evaluation,gdrom,1735,388.1,104.8,-1.5310209199032738,0.43270720255385076,87.8,9.3,-14.067681436892043,-0.09946158595269705,0.20303063785846157,0.19431804386690335
fitted,Evaluation,h06,1735,416.1,90.8,-1.8296269244568202,0.5194115430867159,99.6,17.5,-16.31682709550063,0.1747775454507553,0.005829506955924257,0.3161154943909914
fitted,Evaluation,natlake,1735,153.4,87.2,-0.27715783020480345,0.36281948420514887,-7.2,0.2,-1.3539121940789718,0.2387623958934495,0.07409483717727997,0.24986238927884488
fitted,Evaluation,rulebasedloc200,1735,297.9,104.4,-0.6405330557399114,0.44447712531535644,111,0.9,-7.879767288497463,-0.09067041814210852,0.07465473474843522,0.1978912631536738
fitted,Evaluation,sdp,1735,398.9,85.6,-1.354556665135057,0.43735250305713436,135.8,-0.5,-14.916828473252725,0.26644127388719485,0.0731144592754421,0.28754639332437676
fitted,Evaluation,starfit,1735,145.3,98.2,0.2063619611291505,0.39264469277962366,-12.8,9.3,-1.1110411239207796,0.03632327541586289,0.18219496251138775,0.1857063140638573
fitted,Fitting,gdrom,1735,370.6,98.7,-1.4298046483797848,0.5076125544508612,99.9,7.4,-12.736194494278948,0.025409466988592144,0.370006853872728,0.26341812639571244
fitted,Fitting,h06,1735,355.1,80,-1.3302810933074167,0.5847704379930612,88.1,10.9,-11.60836184147487,0.35968478232472245,0.09033180615617177,0.40437416229067186
fitted,Fitting,natlake,1735,164.5,84.8,-0.3631763839871833,0.40255170340380053,-3.8,0.1,-1.7078992255769347,0.2810031712643415,0.13149002805081847,0.288317409855024
fitted,Fitting,rulebasedloc200,1735,285.1,94.5,-0.6082338007514223,0.5182912772255959,128.4,-0.4,-7.1290789717604,0.10657093385282945,0.018304726369243466,0.2736792420637948
fitted,Fitting,sdp,1735,365.8,74.9,-1.2545431612281859,0.5843703544876351,134.9,-0.3,-12.379872564966044,0.4393182425778036,0.13358247077625612,0.4460831421608147
fitted,Fitting,starfit,1735,156.5,92.9,0.1116486722501624,0.36790690047780283,4.3,10.6,-1.4486731709328047,0.13621109055818903,0.06638716324474299,0.2045346215696439
default,Evaluation,gdrom,1739,117.2,69.3,0.42084502761853526,0.7606348306544407,-17.2,0.6,-0.37357193347061757,0.5190378599983174,0.20495402282760505,0.5787615742618374
default,Evaluation,h06,1739,842.7,91.5,-4.164199217761995,0.2438793541202139,265.2,1.1,-70.03910412211397,0.16230578672812812,0.07913328504710136,0.17312558694574204
default,Evaluation,natlake,1739,1059.5,100,-3.5825712463952364,0.39670292257961404,405.3,0.1,-111.27872184453287,-0.0012739354370936429,0.008749093773696537,0.17525941276255164
default,Evaluation,rulebasedloc200,1739,1285.4,114.1,-4.299054256458857,0.4247389223333483,503.5,-0.3,-164.2773028084949,-0.30245407414924186,0.04146219434929702,0.19852938204959059
default,Evaluation,sdp,1739,1348.9,128.2,-4.449607747748484,0.33599681021938654,533,-0.1,-181.01466301022782,-0.6449945500323335,0.050133508589508456,0.18672440617969963
default,Evaluation,starfit,1739,52.1,78.1,0.8257497265305691,0.5922355854242806,-7.7,0.2,0.7287589043497287,0.39019210776957114,0.7671140318527259,0.41483169893687716
default,Fitting,gdrom,1739,96.8,56.8,0.580757097759244,0.817785488067952,-10.3,-0.1,0.06335650701081219,0.6777675791566512,0.4283865002024453,0.6887419429625783
default,Fitting,h06,1739,697.4,94.7,-3.0841510632066527,0.3345186926808782,263.8,0.4,-47.64897645135741,0.10379365863711487,0.12015170086591838,0.1733922377852373
default,Fitting,natlake,1739,892.3,120.6,-3.2511776385340037,0.3264981398234683,386.3,-2.1,-78.63313990808994,-0.45379174378440057,0.05213002801337458,0.11018578303016037
default,Fitting,rulebasedloc200,1739,1083.5,139,-3.942801999824492,0.24703004166318487,483.3,-2.2,-116.41607884893556,-0.9310859992182541,0.08883256889113587,0.11732158694787141
default,Fitting,sdp,1739,1119.7,149.1,-4.097087385432764,0.1732649390201798,500.4,-2.2,-124.39784594624955,-1.2235593455799072,0.07574972441688954,0.11197605273290646
default,Fitting,starfit,1739,57.3,72.2,0.791113497405354,0.6462602734418814,-5.6,1,0.6720213708671071,0.4781546408263714,0.6907311634057168,0.49066455192191094
fitted,Evaluation,gdrom,1739,48.3,61,0.8540691517347488,0.816726714212127,-2.2,-0,0.7667982386364381,0.6282129718654491,0.7718474527643097,0.6685933105355192
fitted,Evaluation,h06,1739,353,80.2,-0.48994021501865825,0.47209960646209037,133.1,0,-11.462766574053623,0.356062242048087,0.10858005080184169,0.3592871286433625
fitted,Evaluation,natlake,1739,178.7,68.4,-0.11465112934552302,0.5793765409509961,-7.8,-0.5,-2.19465733412388,0.5316340286619085,2.364257398943098e-4,0.5346354837338133
fitted,Evaluation,rulebasedloc200,1739,966.5,68.6,-3.139523367952558,0.6953135245444177,371.9,-3.2,-92.43335521692956,0.5293091175564384,0.09220568831354312,0.5427378328874727
fitted,Evaluation,sdp,1739,964.1,113.2,-4.793913705988314,0.29496033602288296,312.1,-4,-91.96806845633292,-0.28268371086742095,0.07378439837281063,0.09097772005959633
fitted,Evaluation,starfit,1739,121.5,121.9,0.4312539262879531,0.28387988069571746,-22.5,26.9,-0.4774434390620028,-0.48666238662204675,0.3862174924371692,0.11753920729616081
fitted,Fitting,gdrom,1739,59.6,51.2,0.8196225273493265,0.8635748754982973,0.7,0.2,0.6451851145902743,0.7379285633755567,0.7040194164792026,0.7498086520207151
fitted,Fitting,h06,1739,308.3,78.6,-0.4494588212688915,0.5233778894615959,128.9,-0.4,-8.506958302487726,0.38151060439452744,0.11420402484302032,0.388652581224111
fitted,Fitting,natlake,1739,156.1,64.3,0.1149217048325758,0.6518042811468017,-5.6,-0.2,-1.4384784370075652,0.5867124923826648,0.06554132163991519,0.5873163530210834
fitted,Fitting,rulebasedloc200,1739,839.6,73.5,-2.832487534213358,0.7054298192320307,373,-1.8,-69.49812932101729,0.4592622004572643,0.1741311100717352,0.5086595977950351
fitted,Fitting,sdp,1739,873.4,120.4,-3.8999860985890527,0.3033143450264876,346.9,-2.2,-75.30439485924336,-0.4503946483843102,0.1113805686292585,0.09298493985371106
fitted,Fitting,starfit,1739,107.9,106.8,0.5200428525217936,0.39604530930753823,-20.8,24.9,-0.16442221976975557,-0.1417982390193291,0.40522655757170767,0.2025523411148533
default,Evaluation,gdrom,1740,28.6,77.4,0.9379845526574698,0.6684013160755129,-3.1,-0.1,0.9183140472412711,0.4012001428999056,0.9300719481820281,0.4598501261889099
default,Evaluation,h06,1740,493.1,109.2,-1.2658443984706804,-0.08029306055926733,177.6,4.2,-23.32580143555107,-0.19208534493260654,0.1331226492099826,0.00240669928278358
default,Evaluation,natlake,1740,426.6,101,-0.7639736161701007,0.14588869594508846,161.3,2.1,-17.205147254385867,-0.019790629014368788,0.14600914021326397,0.07033707807911148
default,Evaluation,rulebasedloc200,1740,747.5,113.8,-2.0036410911378066,0.2642526204275686,295.2,2,-54.89171574610016,-0.2952990623694123,0.21362791240570758,0.07507236118459634
default,Evaluation,sdp,1740,696.8,125.5,-1.8267934118884082,0.052147147442283104,271.7,3.4,-47.56203688655721,-0.5764565711918697,0.10816127537771406,0.0046418859015419514
default,Evaluation,starfit,1740,103.8,116.9,0.5650316297406728,0.23275878362620883,-19.4,17.9,-0.07694037720133062,-0.36726471339442135,0.4484800466924469,0.06739149751751501
default,Fitting,gdrom,1740,48.5,89.5,0.877879859896762,0.584868043752875,-1.1,0.1,0.7651042274291763,0.1995430666316501,0.7754688861262353,0.3437087656714074
default,Fitting,h06,1740,591.4,114.8,-1.6462498819204385,0.011186447115256626,184.3,-2.1,-33.987434867309794,-0.31786279610499957,0.15113281219087604,0.005933955568755934
default,Fitting,natlake,1740,479.4,98.7,-0.7820280709305085,0.12198293891321432,158,-3.2,-21.988002600058064,0.025177751314272245,0.19347137418912344,0.0767469866450812
default,Fitting,rulebasedloc200,1740,807,112.1,-1.9145054602618798,0.26186199009640065,273.3,-4.9,-64.13921002096096,-0.2562248254327295,0.14656917020106844,0.07731359386364475
default,Fitting,sdp,1740,764.2,127.7,-1.9359496136403198,0.06848933570055193,253.5,-5.1,-57.40907047136941,-0.6299340645712506,0.11966647003638897,0.00613349324767797
default,Fitting,starfit,1740,123.7,127.8,0.4364896770187121,0.17863497352531466,-21.5,17.7,-0.530226229412065,-0.6345117995898673,0.3983961331706181,0.03914975944495145
fitted,Evaluation,gdrom,1740,42.4,82.1,0.9094720741916327,0.5784972549294101,-0.7,0.3,0.8198979217226232,0.32571929183231596,0.8319815541919403,0.37502182570797576
fitted,Evaluation,h06,1740,181,89.7,0.06825265335744701,0.30663670665533915,61.6,1.1,-2.2765327657709435,0.19555365493399135,0.16675338883755497,0.20840274261504388
fitted,Evaluation,natlake,1740,107.7,89.5,0.2785401737193005,0.36747386851777464,-3.1,-0.1,-0.16036909708464697,0.1981496882682272,0.09377733041670822,0.22677775020139979
fitted,Evaluation,rulebasedloc200,1740,552.9,95.4,-1.2325985313689074,0.3881006726600562,215.1,-4.1,-29.582200633873768,0.09018532346200803,0.2081467073040896,0.19293327718483128
fitted,Evaluation,sdp,1740,251.2,99.4,-0.2606864182704032,-0.015894159000792163,78.2,-0.7,-5.311530419214531,0.011218839172568162,0.30552470803653,0.040503868281970196
fitted,Evaluation,starfit,1740,62.7,94.2,0.8084128256574838,0.38811954335372556,-6.6,4.2,0.6072594008425379,0.11274468564537532,0.6746793857697784,0.1999785520537565
fitted,Fitting,gdrom,1740,41.5,74.9,0.9018030379416951,0.6701000552733845,0.3,0.1,0.8277674440490587,0.4384242203452605,0.8300639205375983,0.47667973934554414
fitted,Fitting,h06,1740,185.6,95.2,0.1786731224310476,0.2679928141658876,49.9,-0.9,-2.4445716524321277,0.09352595179824763,0.12227426610388746,0.14538318652839932
fitted,Fitting,natlake,1740,112.5,92.4,0.26885555017655605,0.3236669931495323,-1.8,-0.8,-0.26574920300901006,0.1457216074958605,0.07917685670691949,0.1864015541559373
fitted,Fitting,rulebasedloc200,1740,621.8,96,-1.242162132408386,0.3756822510218163,209.6,-3.9,-37.66884542518333,0.07766988045212331,0.21686418768497873,0.18346793133088712
fitted,Fitting,sdp,1740,313.9,95.5,-0.6435018651371107,0.047998471405684806,86,-1.6,-8.856571752812695,0.08688288952231815,0.35675615750794004,0.0900428885125478
fitted,Fitting,starfit,1740,65.9,94.4,0.7916031084058297,0.41095655892456984,-5.8,2.4,0.5653436008667918,0.10941983053698234,0.6589457172744545,0.2090605818731675
default,Evaluation,gdrom,1741,58.1,79.2,0.8090459042126272,0.6317209678546698,1.3,0.8,0.6621913257384461,0.37281016977051684,0.6795329722436564,0.4249341154794547
default,Evaluation,h06,1741,751.8,109.7,-2.5877928739584757,-0.11896114452239126,95.3,1.9,-55.530295166621904,-0.20454207574744454,0.059714222592083095,2.4779952205317515e-4
default,Evaluation,natlake,1741,596.3,92,-0.8690909887543412,0.11761800473991191,83.7,1.1,-34.562327252025554,0.15384887554304305,0.08674428511469723,0.1551352368860739
default,Evaluation,rulebasedloc200,1741,1217.4,119.1,-0.9877821617613307,0.31235583992430493,186,-0.4,-147.25811534488062,-0.4176980573250446,0.08938987117728005,0.09801628270650643
default,Evaluation,sdp,1741,1065.3,139.4,-1.6492940249184982,0.05067096560363915,157.2,1.5,-112.50998970606175,-0.944237901937161,0.04290507883552641,0.0026104628649214904
default,Evaluation,starfit,1741,71.4,82,0.7788716093813068,0.38392450884207796,-4.3,0.3,0.4898807923740216,0.3280519902475334,0.6134303182747388,0.3283498932125968
default,Fitting,gdrom,1741,70.6,82.2,0.7796249646100404,0.6574629773001679,5,-0.6,0.5020609247919261,0.3240863926676548,0.6168837661440046,0.4326367496676632
default,Fitting,h06,1741,615.8,117,-2.020056334819756,0.009212623214112092,98.3,-1.6,-36.93013108625162,-0.36802361349136437,0.17676361995756382,0.00414686256432393
default,Fitting,natlake,1741,480.2,90.7,-0.564356176295618,0.23483056130792124,85.3,-2.8,-22.06537608220353,0.1779974121014526,0.24736281897373794,0.18278418982074807
default,Fitting,rulebasedloc200,1741,938.8,127.1,-1.0865642227697352,0.30039922964154586,178.5,-4.3,-87.14560156193816,-0.6148604864465594,0.058740561371473474,0.10417150088058731
default,Fitting,sdp,1741,803.5,139,-1.2327159833299302,0.09777832141481768,149.1,-4.4,-63.571536159045294,-0.9319442835085137,0.18718606797938583,0.010346757381684397
default,Fitting,starfit,1741,53.4,76.8,0.8030577770286206,0.5166618299260467,-1.8,-0.1,0.7144604221814626,0.410108327434085,0.7232189170128395,0.41131085635595016
fitted,Evaluation,gdrom,1741,85.1,78.1,0.7048374170490727,0.6159649659290585,-5.3,-0.2,0.2751880870254012,0.3903780084966142,0.5436427202295133,0.4249580665808195
fitted,Evaluation,h06,1741,142,84.8,0.31489336452623307,0.3235566673897139,8.7,0.1,-1.0175117299227714,0.2806630811479358,0.17208129364545843,0.28093752952931245
fitted,Evaluation,natlake,1741,166.3,85.2,0.04134594290633398,0.3338620131564882,-2.4,-0.7,-1.7674377102812486,0.2743480297722024,0.051069994160111216,0.2744788679200957
fitted,Evaluation,rulebasedloc200,1741,844.8,83.2,-1.1966146011435255,0.487958505932388,123.3,-5.2,-70.3949600183993,0.30735360777550436,0.04055171633230449,0.3299050159080399
fitted,Evaluation,sdp,1741,532.5,97.8,-1.0128998693516436,-0.04309398696722777,72.1,-2.2,-27.364705301535516,0.04337783770139991,0.20893918071065543,0.05002390400775762
fitted,Evaluation,starfit,1741,80.1,80.5,0.756960649889103,0.40489243587188906,-6.1,0.1,0.3588328813429862,0.3510966186601968,0.6095689557071295,0.35185342762546445
fitted,Fitting,gdrom,1741,46.7,67.5,0.8734554183188674,0.7501390099087545,0.8,-0.7,0.7814596502481661,0.5437737978329362,0.786566244230541,0.5753668043951295
fitted,Fitting,h06,1741,147.8,86.7,0.2320330716445087,0.4271626853292494,9,-0.5,-1.1854642796826957,0.24786826821091823,0.114768514438046,0.2734772173451993
fitted,Fitting,natlake,1741,130.9,86.1,0.3120013978304028,0.45239584663540766,-0.5,-0.8,-0.713281758485462,0.25858027521349536,0.15496218119908967,0.2880362226590259
fitted,Fitting,rulebasedloc200,1741,705.4,90.5,-0.5545392278489323,0.5456520225611016,133.8,-3.3,-48.765311504515054,0.18111321394709545,0.13725137511686483,0.3086230426946434
fitted,Fitting,sdp,1741,311.4,95.5,-0.984580149133556,0.0474944111295047,38,-1.3,-8.696693321149477,0.087422648752839,0.3883479231981205,0.09034655764890294
fitted,Fitting,starfit,1741,54.5,74,0.8484830582554226,0.5437794326165208,-3.3,-0.1,0.7026978861944426,0.45174309979304983,0.7394674306163318,0.4518534666906557
default,Evaluation,gdrom,1742,69.7,72.7,0.7122457939180677,0.7208961972988239,1.7,-0.1,0.513646559535041,0.47147880618729665,0.5461517929595547,0.5248564653864259
default,Evaluation,h06,1742,624.8,100.4,-3.3346956293387855,0.1912891184672355,51.1,2.3,-38.042846096092916,-0.0079273267875688,0.006906085558122459,0.08730213639440783
default,Evaluation,natlake,1742,503.2,95.3,-0.7523652320335543,0.07289167149171494,65.1,0.9,-24.325506546476507,0.09110973943337664,7.259940032669609e-4,0.09614671826893299
default,Evaluation,rulebasedloc200,1742,854.8,81.4,-0.7979325957320844,0.5143303573939577,123.2,-0.1,-72.09396033133417,0.33750716855666674,0.01167689250971572,0.35545246103918154
default,Evaluation,sdp,1742,852.9,88.9,-1.089156373010315,0.5632444364370233,121.1,-0.1,-71.76908080703704,0.20869943541217773,0.014338939415986676,0.326702242658809
default,Evaluation,starfit,1742,187.6,91.1,-0.13396265315472244,0.3290306623556707,-0.4,0.5,-2.520983514462082,0.17063192578007058,0.01076311553113887,0.20021105439351508
default,Fitting,gdrom,1742,72.9,68.5,0.7133959942236328,0.7482553626457351,0.1,0,0.46817484822323796,0.530119690551445,0.5175669054098959,0.5679750359856776
default,Fitting,h06,1742,475.1,99.5,-1.9683861056248086,0.11200582556293115,47.5,0.3,-21.576785604959866,0.010390344647765448,0.2086168396553589,0.0690557564591776
default,Fitting,natlake,1742,463.5,93.1,-0.6073887906578415,0.17844320750975595,60.7,-2.1,-20.485725613255173,0.13241190822844928,0.07617694187423651,0.14093578623674663
default,Fitting,rulebasedloc200,1742,811.1,87.8,-0.5258417310364403,0.5593360833841445,118.8,-2.8,-64.80145339413455,0.22962961701790818,0.09250343311435587,0.32969576662186756
default,Fitting,sdp,1742,800.9,94.7,-0.781446156391338,0.5495251591790205,115.6,-2.9,-63.1489468473452,0.10328684865865989,0.091473623073416,0.303020933315128
default,Fitting,starfit,1742,149.2,87.3,0.17106729529151798,0.34200740331674007,0.3,-0.9,-1.2279502304114311,0.2382114902132758,0.09952011860707831,0.2451384451146438
fitted,Evaluation,gdrom,1742,55.2,71.5,0.8584840942392715,0.711202861783306,2.9,-0.1,0.6947226408575583,0.4880933356698125,0.7455510999182142,0.5243631931021033
fitted,Evaluation,h06,1742,167.8,88.3,0.01112503110732277,0.2894999302980732,1.6,0.4,-1.8181202997339327,0.22087371502752495,0.021238033556827605,0.22348750475719795
fitted,Evaluation,natlake,1742,172.4,88.9,-0.14734545203000904,0.2608595108846843,-0.6,-0.7,-1.9730890615128076,0.20905548945769548,0.011476992298419088,0.21051048343256387
fitted,Evaluation,rulebasedloc200,1742,570.5,80,-0.48752763667475696,0.593748904357253,79.3,-3.4,-31.55176209569924,0.3602301617519167,0.041179800610125585,0.3999825041431388
fitted,Evaluation,sdp,1742,424.9,96.6,-1.2621918093763016,0.007891916140782773,44.4,-1.1,-17.060614364540868,0.06735485951480358,0.042580803270894474,0.0714874673590328
fitted,Evaluation,starfit,1742,64.2,80.5,0.80490198634421,0.43496528053357086,2.2,-0,0.5876176630834823,0.3516949747421326,0.6502243371033868,0.35190864433123226
fitted,Fitting,gdrom,1742,77,70.6,0.7160402956588837,0.7248056253488837,-1.6,-0,0.40696752116944945,0.5021679586901682,0.5156407757107379,0.5394747593107392
fitted,Fitting,h06,1742,152.8,85.9,0.16465724003339433,0.34366400541876685,6.3,-0.1,-1.3344588374718738,0.2625907101361451,0.05828413835549228,0.2645426161152816
fitted,Fitting,natlake,1742,166.1,84.2,-0.0029221270631878404,0.3496800008175144,-3,-0.6,-1.7597271059258044,0.29039899704850447,0.005898848673453861,0.290422024744953
fitted,Fitting,rulebasedloc200,1742,554.2,74.8,-0.11189880331417923,0.6538276640337521,80.1,-2,-29.72217387039185,0.44088097706008333,0.128157961433462,0.4701686473520853
fitted,Fitting,sdp,1742,329.5,99.2,-1.7337715555167739,-0.042349018445389186,6.4,-2.2,-9.857495609657454,0.015360284809269098,0.28831114129868446,0.037300195549769405
fitted,Fitting,starfit,1742,60.8,78.6,0.7931448664552809,0.4630857037506594,-0.1,-0.2,0.6300867480250076,0.38191169972566186,0.6467784058036278,0.38193508749939326
default,Evaluation,gdrom,1752,443.7,42.2,-2.4938706685709113,0.880090404934806,10.1,0.2,-18.68898774898273,0.821851981000936,0.008230073784791203,0.8221765620861843
default,Evaluation,h06,1752,401.3,57.2,-0.8166038299726539,0.7656190977633799,51.4,0.1,-15.109120735345847,0.6732955153905011,0.030425894615192284,0.6740641967606475
default,Evaluation,natlake,1752,1005.5,38.6,-0.9070974074343419,0.9246669270848539,165.7,0.1,-100.13236419113534,0.85060422453206,0.004658952792601424,0.8588486211425932
default,Evaluation,rulebasedloc200,1752,1032.5,38.3,-1.1304061563212402,0.9251280626598126,170.7,0.1,-105.63660762434701,0.8535142217530501,0.0023949892727676524,0.8623465551251857
default,Evaluation,sdp,1752,1038.6,38.8,-1.206460667931573,0.9224264028533516,171.7,0.1,-106.88987074787978,0.8491393457390656,0.0012357692902400714,0.8589036584202989
default,Evaluation,starfit,1752,147,45.8,0.27251392962628596,0.8047315857312507,-12.7,-0,-1.1604973233465579,0.7897473285917972,0.3951196003231286,0.7924133554901137
default,Fitting,gdrom,1752,380.4,36.9,-1.7783012900776969,0.9232726906846463,16.9,-0.1,-13.473770201784324,0.8637512483646643,0.011887547002665394,0.8652009793585465
default,Fitting,h06,1752,681.4,60.5,-0.7901905650873822,0.721842083229742,102.7,-0,-45.43441238491728,0.6338125811647606,0.04051560305311484,0.6340194243213925
default,Fitting,natlake,1752,1109.9,38,-1.1253132502301555,0.9266831378348227,176.5,-0.3,-122.20036969065355,0.855449791727821,1.3566214850396064e-4,0.8635199818341868
default,Fitting,rulebasedloc200,1752,1108.1,38.1,-0.9891428714066872,0.927451657847882,175.8,-0.3,-121.81995095397625,0.8548780413923439,0.005059199373793143,0.861571148143239
default,Fitting,sdp,1752,1112.3,38.2,-1.1254496401745508,0.9252717572444566,176.9,-0.3,-122.74479289245829,0.8541766463694427,0.001203607955496561,0.8630522404738512
default,Fitting,starfit,1752,154.7,48.1,-0.011449400490521011,0.7990682744121396,-4.6,0,-1.3934239028237458,0.7683629637765184,0.4010489053768438,0.7696922240251721
fitted,Evaluation,gdrom,1752,279.2,42.6,-0.709412862281458,0.8729973329393252,-21.8,0.1,-6.799170904123042,0.8181521035885958,0.0651219871950438,0.8182876885445322
fitted,Evaluation,h06,1752,224,59.3,-0.3180265504775661,0.7370577382035456,-14.5,0.3,-4.02108215456052,0.6486475811656408,0.06285621318056872,0.6489602882278124
fitted,Evaluation,natlake,1752,258.8,49.4,-0.8202530157627272,0.8028276818822988,-1,-0.1,-5.6976562624821065,0.7561356382435629,0.06974808379122334,0.7564518781871726
fitted,Evaluation,rulebasedloc200,1752,345.4,69.5,-1.3410191083626994,0.759153826096644,26.1,0.1,-10.931631625195426,0.5174421214336459,0.08559065496987762,0.5763264407188631
fitted,Evaluation,sdp,1752,1036.6,40.9,-1.0567444324921276,0.9150695144205837,171.3,-0.6,-106.48667941050543,0.8323600422133154,0.0012199284096306323,0.8432300985680581
fitted,Evaluation,starfit,1752,173.8,44.9,0.10928307244277147,0.8101415349180895,-16.5,0,-2.0198080827814664,0.7985064154347479,0.3608542985974049,0.801368845915792
fitted,Fitting,gdrom,1752,170.6,36.9,0.021210763254522202,0.9231779676558053,-4.4,-0,-1.9117625124959567,0.8634701790768702,0.06568891479356499,0.8649363055003337
fitted,Fitting,h06,1752,230.9,60.4,-0.1926534109459579,0.7128470005760665,20.7,-0,-4.331305262917287,0.6356910597606555,0.07306848651596884,0.6356915847090127
fitted,Fitting,natlake,1752,299.4,51.2,-0.8935225767132824,0.7913879768748439,17.9,-0.1,-7.965622855060829,0.7373134512296294,2.752378279301205e-4,0.7374685903109142
fitted,Fitting,rulebasedloc200,1752,509.7,80.7,-1.5148451972269479,0.6914179784990384,62,-0.2,-24.986489968703683,0.3480601238304438,0.014232298989225473,0.4986965890632595
fitted,Fitting,sdp,1752,1112.2,38.1,-1.1214086937851047,0.9258387720682444,176.9,-0.3,-122.71942354263768,0.8551310559169836,0.0012868712729789868,0.8638236033430547
fitted,Fitting,starfit,1752,155.4,46.8,-0.01904118766581142,0.8012741289980645,-4.4,0,-1.4163668250013348,0.7808914159227481,0.3971415878464141,0.7830953168755255
default,Evaluation,gdrom,1753,3629.8,34.7,-5.945661923127545,0.9398956605971778,431.9,0,-1316.916751829406,0.8798507519773089,0.06795246310609701,0.8834072887767834
default,Evaluation,h06,1753,3489.2,46.9,-5.924355100116739,0.8379406449930178,414.5,-0.2,-1216.773460014304,0.7796478676872606,0.11535934990328023,0.779677544047676
default,Evaluation,natlake,1753,3914.4,25,-4.224590864698177,0.9684016049297407,471.1,0,-1531.693237725887,0.9374933679472205,0.006816416945190802,0.9388541901432493
default,Evaluation,rulebasedloc200,1753,4067.8,19,-4.020469922385851,0.9714582331852135,491,0,-1654.188822509113,0.9638514079825887,0.003923849838745663,0.9654538348630768
default,Evaluation,sdp,1753,4098.8,18.7,-4.140830360674379,0.9663381325759776,494.8,0,-1679.4454525573497,0.9650681231266991,7.011574212421733e-4,0.9671715340917337
default,Evaluation,starfit,1753,1036.8,33.7,-1.686877537604353,0.8897717751053464,120.3,0,-106.52021935228443,0.8864356017874171,0.38516372562628987,0.8877356350667527
default,Fitting,gdrom,1753,1823.9,35.8,-4.92366175991381,0.9108318587216079,315,-0.7,-331.7096850148663,0.871480379747198,0.016831140336552215,0.8715972449305428
default,Fitting,h06,1753,1770.1,55.2,-4.025980543011437,0.7354476687105933,311.7,-0.3,-312.39745895699957,0.6956390579148664,0.11389351055844488,0.6974133186985333
default,Fitting,natlake,1753,2208.5,25.3,-3.1070129388250356,0.9587219889172035,402.2,-0.8,-486.8276491688288,0.9357934730948598,0.032075957408924154,0.9391298436524556
default,Fitting,rulebasedloc200,1753,2243.5,24.2,-3.215136165505169,0.9628166015206585,408.2,-0.8,-502.4075391594544,0.941248660187328,1.706537384755362e-4,0.9439312952764317
default,Fitting,sdp,1753,2254.3,24.3,-3.234624790026829,0.9529635216623535,410.7,-0.7,-507.28844627267085,0.9411424291073821,5.629928851313195e-5,0.9454253566217441
default,Fitting,starfit,1753,529.3,37.6,-0.5031456625521371,0.8431287348640246,90.6,-0.1,-27.017077139243554,0.8585191523012711,0.21291168248502917,0.8632938769597247
fitted,Evaluation,gdrom,1753,486,46.3,-2.570954702432327,0.8774550813858957,30.9,-0,-22.630597618397033,0.7854363855928477,0.2300511144999694,0.7891728036255166
fitted,Evaluation,h06,1753,2305.7,59.9,-14.754653632329639,0.7068431971205914,195.8,1.2,-530.7857710797305,0.6416078742936806,0.061752482149588464,0.6420817425386497
fitted,Evaluation,natlake,1753,828.9,52.1,-4.24789988481608,0.7817932911577439,68.4,-0.4,-67.72075342650682,0.728594981955295,0.027977976910983565,0.7288620674868246
fitted,Evaluation,rulebasedloc200,1753,1986.5,122.7,-13.159828291118723,0.375077384161865,158.2,-1,-393.7315905965001,-0.5062243231339858,0.020989562440388233,0.267290033357963
fitted,Evaluation,sdp,1753,4088.9,26.5,-4.125129106875194,0.954808115292763,493,-1.3,-1671.344766866741,0.9300199736286872,4.330347956758148e-4,0.933973973137642
fitted,Evaluation,starfit,1753,403.6,47.1,-2.394055553925558,0.8009898378429902,12,0.2,-15.292209122946275,0.7784056807380727,0.292180126903471,0.780410253595763
fitted,Fitting,gdrom,1753,329.7,41.6,-1.5873056851707439,0.8699769115173888,-5.1,0.5,-9.870800958926738,0.8267463271735964,0.12655234693991804,0.8267816088735206
fitted,Fitting,h06,1753,1184.3,62.3,-7.567879510870435,0.623162620437725,136.3,1.3,-139.2874676858436,0.6113987140630301,0.08264620993578152,0.6215832121378512
fitted,Fitting,natlake,1753,513.9,53.9,-2.243105006839908,0.7535786016644486,60,-0.4,-25.41091163168163,0.7098619850364984,0.07388267899236978,0.710986133186447
fitted,Fitting,rulebasedloc200,1753,1225.6,105.5,-4.172025065801515,0.5014652914139542,200.3,-0.5,-149.22582020888,-0.11217745070687357,0.1286072260181667,0.3808245391809696
fitted,Fitting,sdp,1753,2254.2,24.1,-3.2332807945323925,0.9535240288091038,410.7,-0.7,-507.2126364754363,0.9418822729122983,5.2322347240657965e-5,0.946062971364995
fitted,Fitting,starfit,1753,381.3,57.9,-2.1015419365680192,0.6730882721717656,13.9,0.4,-13.543075803509046,0.6651307504736341,0.1750632449638953,0.674092274550814
default,Evaluation,gdrom,1754,136,86.3,0.19606510439566593,0.43012176951002234,-2.2,0.7,-0.8500948462610565,0.25535828427980967,0.4311349400693454,0.2787372093084894
default,Evaluation,h06,1754,579.5,100.1,-2.0307051305930957,-0.12566373149804222,-27.7,5.1,-32.59184037353769,-0.0015454366299445521,0.25045273144634017,0.01903515789868898
default,Evaluation,natlake,1754,759.3,93.3,0.08568116275115123,0.05933425444995877,-45.5,3.3,-56.66230789703867,0.12971084879490913,0.5352434158583153,0.1336561003588966
default,Evaluation,rulebasedloc200,1754,97.7,81,0.6869003128964923,0.4698017233214199,4.7,0.3,0.045937314589241884,0.34445795074882934,0.639133305668942,0.34952632743216994
default,Evaluation,sdp,1754,228.7,97.5,-0.28455159796441265,0.03797187824835513,-8.7,2.3,-4.231600568859158,0.0493440268784463,0.3806637904744558,0.06652683008282029
default,Evaluation,starfit,1754,81.3,90.5,0.6554491706448394,0.3189128721801874,1.4,0.4,0.3390206138758465,0.18151155282563192,0.4483121155328948,0.20306774453931264
default,Fitting,gdrom,1754,101.2,66.5,0.43796152589872983,0.6775711177251411,-2.4,-0.2,-0.024798066182580847,0.5581659432623398,0.6578888425786406,0.5605927820715668
default,Fitting,h06,1754,491.1,95.3,-1.8353662218344478,0.07223018769057843,-21.7,-0.1,-23.12544525434966,0.09201246913004246,0.49867964339389365,0.09663386147534041
default,Fitting,natlake,1754,766.5,93.8,-0.16127100312103093,0.07769646902035154,-43.6,3.7,-57.757436016888626,0.12049632982610103,0.5098761823712795,0.12100834117338762
default,Fitting,rulebasedloc200,1754,76.6,73.6,0.6233837618025493,0.6032681980420149,3,-0.4,0.41320306074601043,0.4583225243620702,0.7126518406624397,0.464915286107511
default,Fitting,sdp,1754,214.1,89.7,-0.27001963894527026,0.27704885142301916,-8,-0.4,-3.586660765746367,0.1959779806087516,0.5505164365931595,0.20251112535415666
default,Fitting,starfit,1754,71.4,79.7,0.6468436836430633,0.49437663108170427,0.3,-0.3,0.48973845730956256,0.3650805461285044,0.5012211766205437,0.37021769495352325
fitted,Evaluation,gdrom,1754,67.4,81.9,0.7649316719442605,0.4976910805590362,0.5,-0.1,0.5455319779102581,0.3286702923581216,0.6617105351934485,0.34473471354719
fitted,Evaluation,h06,1754,165.6,87.4,-0.03055983639697435,0.32094958984381994,-0.6,0.2,-1.7445451344138299,0.23621642582095004,0.2401495340518608,0.24003806208271478
fitted,Evaluation,natlake,1754,95.4,90,0.5178228291090934,0.4669394326503977,2.4,-0.6,0.09029519380386963,0.19013906811718084,0.6504990861793998,0.26319418701637687
fitted,Evaluation,rulebasedloc200,1754,72.5,77.4,0.6591627599579213,0.5695822837428192,2.4,0.2,0.47424952881512206,0.40047432088620205,0.6350852563070383,0.41387315063695007
fitted,Evaluation,sdp,1754,105.8,87.3,0.7112977184807237,0.48000871716834204,4.8,-1.1,-0.12020349605411051,0.2377873500048855,0.6771993983413406,0.2887230549467475
fitted,Evaluation,starfit,1754,101.1,93.5,0.5464031139567898,0.2761197255602583,0.8,-0.7,-0.02272656741856882,0.12463145265928643,0.32573080755411987,0.16123445980878376
fitted,Fitting,gdrom,1754,51.7,65.1,0.8768568520244701,0.6901499776079947,-0.8,-0.2,0.7325797115439432,0.5767518849214845,0.7725113734103531,0.5785706235304301
fitted,Fitting,h06,1754,113.3,78.7,0.4099036384410807,0.5507877559939043,2,0,-0.28417920520445694,0.3807387370181975,0.4887187471102688,0.3949282093396458
fitted,Fitting,natlake,1754,78.2,82.7,0.6239891605320149,0.6130557207506244,1.8,-0.8,0.38869763423564907,0.3159523962759876,0.7263705209430048,0.3917961364608957
fitted,Fitting,rulebasedloc200,1754,58,65.5,0.5983138702145248,0.6976794376697155,0.6,-0.1,0.6630951038859496,0.5712788278270151,0.7259573777215979,0.5749118068850455
fitted,Fitting,sdp,1754,74.3,81,0.7561802397974813,0.5982582142476045,2.5,-0.7,0.4476508695182464,0.3443362198247266,0.7426358189055503,0.39373888055252654
fitted,Fitting,starfit,1754,85.6,82,0.6600929186940165,0.451250174450475,0.9,-0.6,0.2670624436649083,0.32783982547950763,0.44027174348949116,0.3331837266213148
default,Evaluation,gdrom,1755,58.7,74.1,0.8281334340748048,0.6615410510962221,-5.5,0.8,0.6557742052924302,0.4510146255429254,0.7019888300106976,0.4790972373510561
default,Evaluation,h06,1755,347.4,142.2,-0.7244784367597197,0.0025112620550458153,139.6,1.8,-11.074436375381529,-1.0217970245570225,0.2651395915849522,7.610209144646631e-6
default,Evaluation,natlake,1755,336,112.4,-0.5435622927374517,0.16297134870754126,144.4,0.3,-10.291968705725921,-0.2639978562187364,0.2131787954570799,0.040213713610808104
default,Evaluation,rulebasedloc200,1755,493.3,175.6,-1.245521907044619,-0.03895615634221916,218.4,0.1,-23.33914755905889,-2.08311383081721,0.31457710608211503,0.026514237530269987
default,Evaluation,sdp,1755,549.4,216.6,-1.523288599705352,-0.36073207927538387,244.4,0.2,-29.192577547981653,-3.6938621557704634,0.14022841637233477,8.16559233675478e-5
default,Evaluation,starfit,1755,38.8,75.3,0.8569515030483618,0.4883550055446345,-5.8,-0.1,0.8494356631057476,0.43219000179542943,0.8676925314124299,0.433766863009381
default,Fitting,gdrom,1755,41.2,68.4,0.906605169133861,0.7316750585476607,4.9,-0.4,0.8298198670845561,0.5327386195042085,0.8517908981008189,0.5588513812802298
default,Fitting,h06,1755,382.4,146.2,-0.8832443826807999,0.02914266438266855,147.7,0.5,-13.625223017727912,-1.1387800962058172,0.25811954096828266,0.0011940448569038543
default,Fitting,natlake,1755,339.8,115,-0.5028161465035343,0.23061602185397378,139.6,-2.7,-10.550733368900332,-0.32378065657006383,0.24107966350013063,0.05934841146121812
default,Fitting,rulebasedloc200,1755,474.4,136.1,-1.2274066358461897,0.23760436640693317,191,-3.8,-21.505992395296918,-0.8532884902204798,0.1637467419734331,0.07723807861504314
default,Fitting,sdp,1755,529.5,186.7,-1.3627869755038549,-0.13873896157565913,221.7,-3.9,-27.042529977296006,-2.4878846633160574,0.12965235532571445,0.0026817029077226343
default,Fitting,starfit,1755,42.7,74,0.9058323410360318,0.5414438218009878,-1.6,0.2,0.8178478426536924,0.4530080054831055,0.8252189613702378,0.4530422038183878
fitted,Evaluation,gdrom,1755,32.3,71.5,0.9217168765103524,0.7255264954148364,-6.6,0.1,0.8954830157062262,0.48813824535886163,0.9178637990528737,0.5342778667935366
fitted,Evaluation,h06,1755,103.2,94.5,0.5147995991244838,0.23983639752816588,23.7,0.1,-0.06552168552210036,0.1075522948076102,0.33684242815673854,0.14238134296367155
fitted,Evaluation,natlake,1755,102.6,97.8,0.38738228500220206,0.2728349437963754,-1.1,-0.8,-0.052662858719373595,0.042798852085440986,0.1620022940149736,0.129667924947496
fitted,Evaluation,rulebasedloc200,1755,330.3,130.8,-0.5591782338667934,0.2589739426468417,136.4,-4.4,-9.91055434865294,-0.7116580262811036,0.25271972370319884,0.07804233031216085
fitted,Evaluation,sdp,1755,245,93.5,-0.1193156847209933,0.12667508084599366,102.9,-2.6,-5.002249452821689,0.1251871267263126,0.5202690633964981,0.12836136205119444
fitted,Evaluation,starfit,1755,59.7,96.5,0.8164820777612689,0.466414555991034,-6.7,3.7,0.6438736672758499,0.06835710989668486,0.6890509148724886,0.23118591600421828
fitted,Fitting,gdrom,1755,25.3,66.6,0.9605508303094769,0.7757069361891732,-2.5,0.2,0.9357917168401267,0.5557816534739389,0.9399079152990633,0.6020176519640758
fitted,Fitting,h06,1755,126.1,94.3,0.4247462134834784,0.35610921892092917,30.8,0.6,-0.5899250935790743,0.11003261701852884,0.2940411598103525,0.1843310620839991
fitted,Fitting,natlake,1755,105.5,96.6,0.4388731090134784,0.38724808326702165,-0.4,-0.5,-0.11241678503949704,0.06598401491783767,0.19268157035644617,0.18497238199796687
fitted,Fitting,rulebasedloc200,1755,357.3,96.9,-0.7183498846768388,0.47435906818104856,137.7,-2.9,-11.770262924771481,0.0600646892041129,0.21164514432086728,0.23478485388655104
fitted,Fitting,sdp,1755,173.7,94,-0.007232193810213561,0.17256370223482875,53.7,-1.2,-2.016991620758493,0.11706137951050555,0.5976207567012534,0.13018958673210307
fitted,Fitting,starfit,1755,44.5,82.7,0.8957107588801445,0.6149197915799939,-1.9,1.3,0.8018410481946118,0.3151570959399087,0.809814191512437,0.39302228863984356
default,Evaluation,gdrom,1756,153.7,78.8,0.27875850526091206,0.5768267976134284,18,-0.7,-1.362690925746639,0.37920786997471145,0.2767945156295984,0.40251952156705745
default,Evaluation,h06,1756,315.7,112.9,-0.7375972870395138,0.0024308068760826584,44.3,2.1,-8.970220055410834,-0.27447820846825066,0.0804194834214076,0.0066494965336332335
default,Evaluation,natlake,1756,199.6,80.6,0.23947674140296982,0.4251047222857711,33.4,0.2,-2.983187438592694,0.3496889190875797,0.14459833823045717,0.3497127780730089
default,Evaluation,rulebasedloc200,1756,349.7,87.3,-1.013969866011224,0.4943806567989343,52.5,-1.1,-11.230773302527071,0.2370632589336793,0.22147331077737126,0.29502087563689106
default,Evaluation,sdp,1756,430.3,131.7,-0.21936619030482496,0.24179064929506366,88.8,0.1,-17.52304703937614,-0.7337357314135744,0.1015180625405029,0.06607807412030764
default,Evaluation,starfit,1756,307.9,91.2,-1.5263140885638173,0.21423038742720324,13.1,7.5,-8.483203140453071,0.1681413647912825,0.33423783893137227,0.17785592268354905
default,Fitting,gdrom,1756,66.3,68.7,0.8333340152421969,0.73769882918607,-6.1,-0.2,0.559735101589756,0.5278476069373397,0.7269441591214597,0.5597331780436416
default,Fitting,h06,1756,207.9,109.5,-0.46425215884811544,0.32393956911817445,13.8,0.3,-3.324509453460684,-0.19973393475683388,0.4319371834740022,0.11083638687448066
default,Fitting,natlake,1756,67.6,65,0.6185811531191419,0.6876821759751135,3.2,-0.8,0.5434046674768144,0.5770997035417578,0.8008050117605163,0.5787129527175702
default,Fitting,rulebasedloc200,1756,283.1,106,-0.7707544034767815,0.498896023847723,24.3,-2,-7.018836232361618,-0.12454892026440167,0.1443850836939056,0.27448051670399654
default,Fitting,sdp,1756,277.9,139.9,0.2845611436819292,0.24601004799806836,44.2,-2.2,-6.726072803427721,-0.9562731803035962,0.6089969833752051,0.14684712611214346
default,Fitting,starfit,1756,285.9,96.4,-1.131121675927138,0.32923444514618616,-5.6,3.6,-7.173417238412325,0.07011815918177455,0.12045933223248309,0.1611718380732344
fitted,Evaluation,gdrom,1756,146,78.6,0.43624794769816877,0.5502532892937657,21.7,0.1,-1.1312964183501455,0.3820096905806235,0.2474031824064209,0.3956449735131838
fitted,Evaluation,h06,1756,171.3,72.7,0.4663601308151032,0.6174602862259174,31.7,-0.8,-1.9349685376325287,0.47092168632953324,0.32570168334621225,0.47788162801004536
fitted,Evaluation,natlake,1756,174.8,75.6,0.2881271321729192,0.5366769980283098,28.9,-1,-2.0558644699773234,0.4287833873183494,0.12240653959599197,0.43008524616031735
fitted,Evaluation,rulebasedloc200,1756,251.7,76.8,-0.2518988161430662,0.5914347875411716,35.7,-2.8,-5.339006647858275,0.4101420892371792,0.09427813305814246,0.427998402610616
fitted,Evaluation,sdp,1756,220.7,87.5,0.17185209194577467,0.3064870316586129,38.8,-0.9,-3.872367068464021,0.23424339063261834,0.09371242394108023,0.2366051784918925
fitted,Evaluation,starfit,1756,164.3,70.2,0.33863181565463063,0.519486961170375,28.5,-0.5,-1.6993022774563729,0.5069930125123527,0.17494270264369632,0.5195227169719154
fitted,Fitting,gdrom,1756,52.1,66,0.8851325584681776,0.7465282069613106,-5.1,-0,0.728803896432731,0.5640208838687193,0.840644384414565,0.5842520864691071
fitted,Fitting,h06,1756,125.1,93.6,0.347835837821574,0.5855410875744556,3.4,1,-0.5641212862585285,0.1234714239529563,0.14348758832435585,0.3491947231745429
fitted,Fitting,natlake,1756,49.3,57.2,0.8422642756508625,0.8080818525169873,-0.5,-0.5,0.7566543623047278,0.6731342682178103,0.8067516903581081,0.6819744554742464
fitted,Fitting,rulebasedloc200,1756,158.4,74,0.11273066950687571,0.7187470756226044,10.4,-1.1,-1.50993300201936,0.4521171662190555,0.3123281809703808,0.518307971231605
fitted,Fitting,sdp,1756,93.2,93.2,0.46731153325676145,0.3928571836919029,-1.9,-0.5,0.13044416248024104,0.13093980895657253,0.629088670798168,0.20736054756751096
fitted,Fitting,starfit,1756,37.8,63.2,0.9265995136102066,0.7072578961128748,-0.6,0,0.8568554893233898,0.6007807567079828,0.86663937270522,0.6020550966092799
default,Evaluation,gdrom,1758,69.4,88.5,0.4801502639102755,0.44891843515474894,-0.2,0.5,0.518809038363435,0.21712056554639192,0.56151588188379975,0.266048705340547
default,Evaluation,h06,1758,1102,104.1,-2.626494268721851,-0.15768161388937618,60.6,2.2,-120.46329700356257,-0.08400785208233263,0.27850161023760334,0.0023427060242279907
default,Evaluation,natlake,1758,143,91,0.05336211099997212,0.13183979973982118,-2.2,1.6,-1.0441465878063445,0.1721935480715826,0.508681401165996,0.17707462165407564
default,Evaluation,rulebasedloc200,1758,1296.2,90.9,-0.8308050139586849,0.2729917994698463,75.8,0.3,-167.070465000963,0.1741241031159365,0.3710412439407642,0.1869788847433227
default,Evaluation,sdp,1758,1326.2,103.9,-0.06047501408240241,0.20783874016737913,78.3,1.5,-174.93124170297378,-0.07939191729760742,0.3906336015464991,0.07741716303433387
default,Evaluation,starfit,1758,84,91.2,0.638851484091528,0.2386246264154076,0.7,0.8,0.2946664284926074,0.16824633991975957,0.4111584037796762,0.17604026096713107
default,Fitting,gdrom,1758,65.4,78.1,0.634781586617728,0.5074917596961676,0.2,-0,0.5722262318424933,0.38965469181950674,0.5740583023191311,0.39242219226282804
default,Fitting,h06,1758,915.8,98.9,-3.8441613922466455,0.03237628474971477,56.4,-1.4,-82.88574406507908,0.021003771650031977,0.4673522859652268,0.05367174778175379
default,Fitting,natlake,1758,154.8,90.1,-0.21038041536499885,0.1625006691598967,-1.4,0,-1.397432733947392,0.18892631505893032,0.6150578689409827,0.1925946262570318
default,Fitting,rulebasedloc200,1758,918,89.9,-4.683197690227717,0.22762781215627081,50.3,-4.3,-83.29590040747905,0.1924809722192674,0.22476523722998645,0.19488065363214277
default,Fitting,sdp,1758,997.1,95.4,-1.8481102126542859,0.1193820768113596,70.1,-4.6,-98.43976165612978,0.08944775374388947,0.27218528028861694,0.10457074214500718
default,Fitting,starfit,1758,81,87.6,0.7297969394430817,0.2687973156561181,2.3,-0.4,0.34315170793709704,0.23314199195404073,0.5472116801645868,0.23315361370259116
fitted,Evaluation,gdrom,1758,49.3,83.7,0.7170029209960274,0.48807230111435695,-1,0.3,0.7573140412865387,0.29854367176978225,0.8111350265281524,0.3230251380213551
fitted,Evaluation,h06,1758,259.3,91.9,-1.0374376738078044,0.06809480761347064,-0.7,1.5,-5.727044471601104,0.1547619052898147,0.28514284031989307,0.17910080267016054
fitted,Evaluation,natlake,1758,107.5,88.6,0.4109126475331104,0.20076079963481674,-2,0.9,-0.1568023847386848,0.21430852331685335,0.5640293354963368,0.2184140458129531
fitted,Evaluation,rulebasedloc200,1758,737.8,93.4,-0.8523346403455925,0.20977848258780696,41.3,-4.2,-53.45179617181763,0.12685216136609367,0.22567462675190766,0.14566038240689677
fitted,Evaluation,sdp,1758,331.7,94.3,0.26582267667820847,0.13013437669528727,18.3,-1.1,-10.007053026642923,0.10969405315514202,0.4730750752837773,0.11750147321338178
fitted,Evaluation,starfit,1758,107,95.4,0.5302306882249705,0.23132578874308674,2,-0.3,-0.14460013250033055,0.08885592274984389,0.3006719155916358,0.13171192494421483
fitted,Fitting,gdrom,1758,81.7,78.6,0.6843918861629739,0.49496413636988945,-2.6,0.3,0.3317186172750025,0.38239314486980536,0.6482738265868755,0.38461060060737534
fitted,Fitting,h06,1758,341.7,90.2,-2.011550774266437,0.12514468653516087,0.2,0.8,-10.675587028825566,0.18577315168801833,0.4345270312174623,0.20314495272418706
fitted,Fitting,natlake,1758,110.8,87.8,0.2469954159780149,0.22424973783684943,-0.9,-0,-0.22794030035582424,0.22837090544399863,0.6413876379050935,0.23178079797729467
fitted,Fitting,rulebasedloc200,1758,623,86.7,-2.9565854324959147,0.34502895155524616,33.1,-2.7,-37.81988597822405,0.24757714956264076,0.38273955159386935,0.2532403831357628
fitted,Fitting,sdp,1758,285.2,94.5,-0.14326481211535036,0.14152868066117763,18.2,-1.2,-7.1358995128395915,0.10755279289404274,0.5939740746793877,0.11823033963879673
fitted,Fitting,starfit,1758,111.8,90.5,0.5396389012658654,0.2663009076283773,4.1,-0.6,-0.2505666140337981,0.18064528237339472,0.4688806023239878,0.1898008885804078
default,Evaluation,gdrom,1761,76.5,81,0.6557018069221799,0.6055401728700242,3.6,0.1,0.4148646693163289,0.34451471297231595,0.5408555093620373,0.3977596276129322
default,Evaluation,h06,1761,694.8,123.2,-4.650856900515285,0.13531271300893333,29,4.8,-47.294242002922545,-0.51710937271915,0.11686741428098608,0.021149851666441732
default,Evaluation,natlake,1761,505.2,82,-0.6179987996934797,0.37812565706199364,47.4,1.5,-24.533745156115994,0.32664793193333175,0.5478578938253571,0.32747011227039174
default,Evaluation,rulebasedloc200,1761,716.5,94.8,-3.2453388388621285,0.32499325307255145,52.1,1.5,-50.357066585520194,0.10166233558063231,0.06584718325038352,0.16906157981149086
default,Evaluation,sdp,1761,1120.7,118.9,-0.4357994381934489,0.34484402639215217,112.5,0.6,-124.62929224355823,-0.41299931879227536,0.3507110788455393,0.12249572018338978
default,Evaluation,starfit,1761,57.7,70.9,0.788918073395973,0.5701148632976438,-1.8,0.4,0.6670410333357604,0.49717102868828156,0.6989448762020356,0.4975250984974077
default,Fitting,gdrom,1761,61.5,63.6,0.790755333903436,0.7587433962312647,4.3,0,0.6220371160606764,0.5949760336114629,0.7124562780973833,0.6092120093385297
default,Fitting,h06,1761,543.1,122.5,-2.6786621464924116,0.30447095335934315,49.3,0.3,-28.50224772081289,-0.501327881647188,0.23295059285287328,0.09568416325784629
default,Fitting,natlake,1761,417.8,81.9,-0.36674834457555683,0.5486853515934216,55.6,-1.5,-16.45577306360157,0.3290347484588533,0.5952111279835408,0.36316608847533305
default,Fitting,rulebasedloc200,1761,648.8,113.8,-2.204908850726138,0.43203910062449147,75.9,-2,-41.09782896663326,-0.29431902679790833,0.14794185094846046,0.20924530892038393
default,Fitting,sdp,1761,780,138.5,-0.48772456676301035,0.2552018979206314,109.7,-2.1,-59.85118581008969,-0.9195396116931074,0.16330364999900165,0.13995640331900971
default,Fitting,starfit,1761,41.3,58.6,0.9106890987855101,0.7005355029197567,0.6,0.1,0.829298530919059,0.656145264811768,0.845155664990344,0.6580523479830374
fitted,Evaluation,gdrom,1761,51.9,74.9,0.877249404443669,0.608636453572923,-1.6,0.5,0.7308463499914667,0.43955580008322825,0.771459434803468,0.45236658812341946
fitted,Evaluation,h06,1761,193.6,79.3,0.25606387866249103,0.5109102352261881,-14.6,1,-2.749188596970808,0.3709359643576047,0.08100335320300268,0.3780811320465197
fitted,Evaluation,natlake,1761,97.3,72,0.4966154949185311,0.5413972934865963,-4.9,0.5,0.0528920126658714,0.4807891322015918,0.6932841722671748,0.48212800571260694
fitted,Evaluation,rulebasedloc200,1761,392.4,89.4,-1.8102507255102918,0.3704615368514711,18.3,-2,-14.400046922916578,0.20010094659591382,0.14237120545034673,0.22911210771299254
fitted,Evaluation,sdp,1761,447.1,101.2,-1.0846946420259198,0.19648969935059646,37.3,-0.4,-18.998948831706816,-0.024729996064300597,0.36541518067020856,0.08470982794793654
fitted,Evaluation,starfit,1761,63.6,71.9,0.7826410323402269,0.541663092218395,-1.2,0.4,0.5952135384817514,0.48238824433967087,0.6290754229754729,0.48386574237078755
fitted,Fitting,gdrom,1761,40.4,56.9,0.8609667311726884,0.7750779421027528,1,0.1,0.8364774337231075,0.6761720281194543,0.8764693830184801,0.6776058242774582
fitted,Fitting,h06,1761,161.2,74.6,0.13564823345552424,0.6175174746315344,7.4,0.1,-1.5985353184096618,0.4432437111472307,0.07371357950732235,0.45755643062522017
fitted,Fitting,natlake,1761,69.2,60.7,0.6723707432845414,0.7290132796944508,-0.9,-0.2,0.5215961105375861,0.6320244206877267,0.72037856041113,0.6327490878042173
fitted,Fitting,rulebasedloc200,1761,417.4,81.7,-0.9869461959001802,0.6562110413284965,47.5,-1.5,-16.427652779473856,0.3316414080684229,0.20766817587875855,0.4322889115938021
fitted,Fitting,sdp,1761,458.4,102.5,-2.2601343534657103,0.2775299243600098,37.3,-1.8,-20.015403164468257,-0.051307878681811525,0.2694383356992404,0.10898090248111529
fitted,Fitting,starfit,1761,62.1,60.7,0.7153351839179254,0.6618181408377191,2.6,0,0.6148092044375211,0.6319849486058885,0.7872733537988176,0.6367723289404218
default,Evaluation,gdrom,1762,71.4,87.3,0.874238760470788,0.518809514469328,-5.9,0.6,0.49021993477401393,0.23800536729407973,0.7998687061214911,0.30751535405067965
default,Evaluation,h06,1762,274.5,103.9,-0.916175418542662,-0.04992789629427863,-11.2,3.7,-6.535297158434393,-0.07904282958634745,0.20967714570612364,0.014834881764986992
default,Evaluation,natlake,1762,339.9,86.7,0.48726711552632185,0.33364687131578075,-35.4,1,-10.555031171086897,0.24866196714797728,0.5786749548119225,0.25187844874132126
default,Evaluation,rulebasedloc200,1762,302,98.6,-1.2512722190416472,0.23566775596692402,-7,0.2,-8.12000109760423,0.02752716491642382,0.13048342542811345,0.11174359255669138
default,Evaluation,sdp,1762,193.9,111.5,-0.041562998734240075,0.18237315347850158,11.2,1.3,-2.759391313870518,-0.24454272949210187,0.27755467981696186,0.04784046815938496
default,Evaluation,starfit,1762,39.4,78.4,0.8702568695223587,0.44370474356453415,-0.4,-0.3,0.8446909585323754,0.3845807860434324,0.8465497465352697,0.38536322473068674
default,Fitting,gdrom,1762,49.8,82.4,0.908763197853391,0.564568135570507,-4,0,0.7517207420675691,0.3206360489153339,0.8791403782469146,0.3657662644198486
default,Fitting,h06,1762,182.6,102,-0.28310907932540563,0.054484453834947044,-0.2,-0,-2.3352845337309405,-0.039881220715529686,0.33404397541861414,0.04164658520688704
default,Fitting,natlake,1762,284.8,84.1,0.5911084418703549,0.36974712604850146,-30.8,1.9,-7.11502039494799,0.2933358698800509,0.7003216124176429,0.2943615833405346
default,Fitting,rulebasedloc200,1762,195.8,100.5,0.20388485417287172,0.45300193904524,15.9,-2.1,-2.8340640073063046,-0.009250907291308286,0.3528100029592553,0.21014279760123813
default,Fitting,sdp,1762,205.8,119.2,0.5956525321252208,0.2551273110722122,21,-2.5,-3.2381620470615182,-0.421450004058604,0.5519590799132265,0.06601446079487376
default,Fitting,starfit,1762,38.9,76.7,0.9166574028470289,0.46066221613761427,2.1,0.1,0.8487240662191884,0.4122108413130747,0.8834141850381412,0.4146094180485779
fitted,Evaluation,gdrom,1762,46.1,97.6,0.9022283253850215,0.5454545314442606,-1.5,-0.2,0.7870512600719352,0.04705151519440398,0.8161286746888561,0.30081791483994114
fitted,Evaluation,h06,1762,210.1,92.5,-0.2685143660445992,0.18410640345629803,-8,1.6,-3.414792949491291,0.14492377050484406,0.13201493562546532,0.15050154256736767
fitted,Evaluation,natlake,1762,99,86.6,0.59920761549966,0.32071675699032587,-5.3,-0.6,0.018897758011368726,0.24966795177373724,0.5705278743660569,0.2511393632859511
fitted,Evaluation,rulebasedloc200,1762,243.1,93.8,-0.4197311194730038,0.3536064510759096,-14.2,-1,-4.913091913861464,0.11912736765878096,0.2194978042447934,0.18662821543641936
fitted,Evaluation,sdp,1762,74.9,95.3,0.7298034197924061,0.27015973303993546,-0.5,-1.3,0.4395216748994393,0.09125031893330626,0.5381218084643141,0.14530443190227488
fitted,Evaluation,starfit,1762,49.2,81.2,0.8713027694935165,0.45561924035280366,-2.8,-0.3,0.7577689605157734,0.3407738140589116,0.8272180690315831,0.3442550318565031
fitted,Fitting,gdrom,1762,43,85.3,0.9043351727277918,0.61820511149589,0.3,0.5,0.815320911893205,0.2716157089822442,0.8215620282082398,0.38516193002394183
fitted,Fitting,h06,1762,162.6,92.6,0.08609158182238175,0.23090661530813872,4.8,0.6,-1.6437314661953106,0.1415237475092469,0.18780642569699044,0.1574657082329377
fitted,Fitting,natlake,1762,61.5,83.7,0.7613275220951023,0.3763957216885331,-0.4,-0.7,0.6213660760308852,0.2985143264011134,0.7342888930945056,0.29917681259588347
fitted,Fitting,rulebasedloc200,1762,132.3,82,0.23441655745864876,0.5212417137486232,-2,-0.8,-0.7506471795294645,0.3276285239189708,0.37667431926523465,0.35169986341659887
fitted,Fitting,sdp,1762,59.5,93.4,0.8212433703763097,0.3236118330514991,1.4,-0.6,0.645323058141573,0.12821260824154335,0.6806230382246621,0.1787394026260597
fitted,Fitting,starfit,1762,33.3,78.5,0.9327893990665632,0.483378326664641,-0.3,0.1,0.8890132675925558,0.3840411677478264,0.8900245487193333,0.384893897999756
default,Evaluation,gdrom,1763,129.1,60.4,0.6766131516319918,0.7340437987975206,-13.4,0.6,-0.6665843666775142,0.6354939760552946,0.6829014496727601,0.6364259979364542
default,Evaluation,h06,1763,870.1,99.7,-1.9800911789794244,0.026260275249034182,98.5,3.1,-74.73473944233169,0.00579777803743986,0.16868908974504465,0.0477788627278019
default,Evaluation,natlake,1763,394.9,92.6,0.04257799501400883,0.169241522532097,45.1,0.8,-14.597468610802578,0.1419915912353097,0.1934925006237204,0.14600364452055037
default,Evaluation,rulebasedloc200,1763,999.4,91.2,-1.4235308176800952,0.26069302783732595,118.5,1.5,-98.90161511192368,0.16864519927724053,0.16896580548781734,0.18099672708575282
default,Evaluation,sdp,1763,1279.4,82.6,-0.7656414227884529,0.5620859015245869,156.9,0.9,-162.7387941441903,0.31733202562303064,0.08892518400605572,0.363125207918154
default,Evaluation,starfit,1763,54.1,71,0.8076814467382294,0.5434455507739768,-0.5,0.1,0.7075240501706024,0.49622225561302147,0.7114515561077794,0.49942442634023404
default,Fitting,gdrom,1763,92.5,63.8,0.6417914142176555,0.7144704592545129,-4.7,0.2,0.14383972387486232,0.5934400156179038,0.5164816863527902,0.5965095403713228
default,Fitting,h06,1763,950.6,94.3,-1.7466922839702779,0.1647540372507471,119.1,-0.7,-89.38515800689285,0.11108405662715781,0.0770412111102252,0.12498559029726682
default,Fitting,natlake,1763,428.4,91.3,0.002468435622505094,0.1801975315917499,53.5,-2.1,-17.35592962557472,0.16717853179109465,0.1795246392300678,0.16831121686090977
default,Fitting,rulebasedloc200,1763,948.6,87.3,-2.0900810408347468,0.3509237053242287,116.6,-3.9,-88.99187388638478,0.23807141957239797,0.04775010016370178,0.24867774938569706
default,Fitting,sdp,1763,1204.3,89.9,-1.063422071518025,0.51770892026872,158,-3.8,-144.0516777146033,0.19215934786255495,0.0022570849274398037,0.29314087490667534
default,Fitting,starfit,1763,54.4,75.6,0.8482682345596733,0.4692641744719327,3.1,-0.1,0.7035867696065505,0.42826608584906,0.7593196994571995,0.4322110545821195
fitted,Evaluation,gdrom,1763,61.2,58.6,0.8069182043510608,0.798201912432762,-3.6,0.5,0.6248803079339575,0.6566499685430482,0.7143501326008337,0.6666480678386845
fitted,Evaluation,h06,1763,162.3,82.1,0.05824933162902979,0.33681112198103147,-0.6,1.4,-1.633421504764331,0.32551252872247105,0.13755231485922345,0.3337188898588505
fitted,Evaluation,natlake,1763,117.2,86.6,0.35264682615652665,0.3322411052041131,-5.7,-0.6,-0.3750233406752408,0.24923613602858108,0.13128696661317016,0.25210310461764524
fitted,Evaluation,rulebasedloc200,1763,557.3,91.8,-1.8421667669585466,0.33652899863473984,54.9,-4.6,-30.07147044659967,0.15795765594870992,0.24786966064883217,0.19851484407843953
fitted,Evaluation,sdp,1763,531.2,97.7,-0.6869886968938668,0.07628926316378415,59.3,-3.3,-27.225156641737136,0.04444961464615527,0.15192088437408266,0.07306636192115958
fitted,Evaluation,starfit,1763,57.4,71.6,0.7779779962387335,0.5414896282113731,-2.1,-0.3,0.6703398280463051,0.48770110735405214,0.7006303421379738,0.48988101311858995
fitted,Fitting,gdrom,1763,157.8,57.8,0.05961454806600164,0.7656823073212349,2.5,-0.1,-1.4898473923802626,0.6655508716904065,0.23707053624601304,0.6669517579314015
fitted,Fitting,h06,1763,188.9,84.4,-0.02230587804934947,0.31307718418559805,10,-0.3,-2.569874413950697,0.2870761150491088,0.052105676522044245,0.28919550495480373
fitted,Fitting,natlake,1763,102.1,85.6,0.4109341590809572,0.346629680543485,-0.5,-0.5,-0.04275632021384901,0.26752137238310425,0.17761000235381966,0.2691064544333457
fitted,Fitting,rulebasedloc200,1763,684.4,84.7,-1.5880744297954767,0.48023029323154076,80.3,-3.1,-45.84399330353575,0.2824779773219013,0.060990870963960574,0.31225432147720183
fitted,Fitting,sdp,1763,555.3,97,-0.8062600175381438,0.051621206233918415,66.7,-3.5,-29.84243990652649,0.05949828452366657,0.10205446202335246,0.07507787832193999
fitted,Fitting,starfit,1763,47.7,75.6,0.8234546626619903,0.48156043038375673,1.2,-0.1,0.7727472380054369,0.4280681600166074,0.7805047133049136,0.4299459486460772
default,Evaluation,gdrom,1765,274.2,26,-0.1519914668237503,0.9567172171298174,42.9,0,-6.5222319353945615,0.9324658970304427,0.003937652586630895,0.93252948626324
default,Evaluation,h06,1765,485.3,64.2,-0.4698563335474908,0.652413785113084,84.2,0.1,-22.556657844530022,0.5881014264846464,3.2205760595652925e-4,0.5887523918505723
default,Evaluation,natlake,1765,813.4,23.6,-0.9238361709010956,0.9463899036214171,152.9,-0.1,-65.18295927644483,0.9441054239842704,0.06990586378197952,0.9444094694078927
default,Evaluation,rulebasedloc200,1765,816.1,23.6,-0.9833097915968809,0.9487603996812307,153.4,-0.1,-65.61630784886033,0.9442902774856405,0.04888438361963343,0.9445067950513134
default,Evaluation,sdp,1765,816.4,23.5,-1.0865122527095608,0.9492627210458952,153.4,-0.1,-65.66197354234122,0.9446606772788959,NA,0.9448686906265542
default,Evaluation,starfit,1765,146.2,58,0.05835057489774542,0.7028691301863941,-3.6,-0.1,-1.1375228479829604,0.6640002609793909,0.40996570071188676,0.666503774403459
default,Fitting,gdrom,1765,205.3,30.7,-0.11538639483719804,0.9281871889862675,28.1,-0.2,-3.216787934635108,0.9055922565304368,0.005543836737433037,0.9056246187688373
default,Fitting,h06,1765,475,72.6,-0.4278076717827557,0.5505721199739779,91.5,-0.1,-21.568198295953742,0.47314675411751417,7.766189431273738e-5,0.473279145928114
default,Fitting,natlake,1765,761.1,31.2,-0.8915321763561146,0.922841440152246,156.6,-0.5,-56.93312182034578,0.9023270731530724,0.018238246513589604,0.902453285113967
default,Fitting,rulebasedloc200,1765,760.9,31.7,-0.8144675950049716,0.915940077562473,156.2,-0.5,-56.904317263626105,0.8994726702464337,0.01642075631062944,0.8997467207363958
default,Fitting,sdp,1765,763.5,30.5,-0.92688753500926,0.9285173983804788,157,-0.5,-57.3019627766488,0.9067099234215151,0.008007636938755011,0.9067868978448995
default,Fitting,starfit,1765,106.4,62.7,0.34751627113616534,0.641786171956571,-4.3,0.1,-0.1312850425386649,0.6064574142739465,0.6067599761804526,0.610727253936934
fitted,Evaluation,gdrom,1765,77.7,29.1,0.7284115215858984,0.9561231289179276,-4.3,-0,0.3961630931324539,0.9152721975641703,0.5759952531809579,0.9163487780848185
fitted,Evaluation,h06,1765,142.1,64.6,-0.05911669787546825,0.6597715949296812,3.3,-0.2,-1.0189057869764975,0.5828295719494679,0.0032271192145066716,0.5828998308619099
fitted,Evaluation,natlake,1765,196.8,58.3,-0.271173667439393,0.7141259582641013,-4.3,-0.2,-2.8752228694407242,0.6601597316674369,0.023245312086599718,0.6610235627376174
fitted,Evaluation,rulebasedloc200,1765,364.3,55.6,-1.1074477304486021,0.8018269413066434,39.9,-0.6,-12.27238359336303,0.6904025212953651,9.737238385622435e-4,0.6940963892726586
fitted,Evaluation,sdp,1765,813.9,28.6,-0.8559854422699793,0.9406497260860792,152.8,-0.9,-65.26680045631875,0.918209328416932,0.008337403520858317,0.9183685337173332
fitted,Evaluation,starfit,1765,95.6,52.3,0.5386325761912121,0.7536516985503894,-4.9,-0.1,0.08645985538661316,0.7262957168483888,0.5580363773028993,0.7290129330468456
fitted,Fitting,gdrom,1765,104.4,32.7,0.5776016412659715,0.9459384842283719,-9.2,0.1,-0.08928184369252112,0.8929478157121344,0.43475371789054834,0.8953095193818671
fitted,Fitting,h06,1765,133.2,73.6,0.04353234847062781,0.5491658296039399,8.6,0,-0.774253215763095,0.45767616073481143,0.003696912085807137,0.457763391677624
fitted,Fitting,natlake,1765,172,65.2,-0.08144171971674363,0.6398497766040028,3.5,-0.1,-1.9580990470508302,0.5754318443746747,1.7780392301720147e-4,0.576148257122314
fitted,Fitting,rulebasedloc200,1765,385.4,55.1,-0.718729423827801,0.8141007114276747,62.6,-0.3,-13.85659673327045,0.696462421830071,0.03769336109713623,0.7016489514539478
fitted,Fitting,sdp,1765,763.4,30.5,-0.9214480692218088,0.9283322736802414,157,-0.5,-57.28470632311381,0.9071650946704717,0.008531757751964724,0.9072500122984344
fitted,Fitting,starfit,1765,57.5,57.3,0.7991156176061601,0.6953311781505634,-5.3,-0,0.6696269239511009,0.6714730440107781,0.8061951667696033,0.6763703246034644
default,Evaluation,gdrom,1767,118.4,60.1,0.4712493657712351,0.750881096991906,-4,0.5,-0.40183031943643943,0.6384481422576498,0.22411210237417634,0.6409928554260681
default,Evaluation,h06,1767,1348.4,96,-3.9405145970789377,0.19698110727608276,87.6,4.9,-180.85597630055824,0.07882963931731224,0.22193129713583645,0.11892881038440073
default,Evaluation,natlake,1767,462.5,87.9,-0.8136666994131314,0.2350786991719903,28.4,2.4,-20.39872527878821,0.2268084768478591,0.3280745033996075,0.22881519470001108
default,Evaluation,rulebasedloc200,1767,1746.1,80.2,-1.8488614321727979,0.4536073990548539,121.9,1.4,-303.9839013519516,0.355920433054447,0.2048498141858045,0.3572193124455055
default,Evaluation,sdp,1767,1878.2,86.8,-2.62908965701833,0.3958471465755051,130.3,1.7,-351.84756766109905,0.24714495803379444,0.1779576144476563,0.26389922011669326
default,Evaluation,starfit,1767,148.7,78,0.13042335916697834,0.4120224390786368,0.3,1.5,-1.213167655807939,0.3911782270708072,0.2533662091133812,0.3996508279509096
default,Fitting,gdrom,1767,61.7,63.7,0.7724914199871793,0.7249427064211472,1.1,0.1,0.6191491467994874,0.5947514805916339,0.6419167864549276,0.5994609335011388
default,Fitting,h06,1767,1375.5,95.7,-2.8911152521541004,0.08157470405006828,122.6,-1.4,-188.2441925850947,0.08446419177334497,0.054398129702107695,0.09344094495236079
default,Fitting,natlake,1767,465,92.1,-0.11911428038447092,0.11335211302915593,40.8,-1.7,-20.625227209326095,0.1515659093403665,0.1792082877273328,0.15330041138619485
default,Fitting,rulebasedloc200,1767,1475.4,83.5,-1.8300960729044733,0.4339539891181029,135.4,-4.9,-216.7297828462778,0.3018694776887545,0.012200066381926354,0.31304899428453875
default,Fitting,sdp,1767,1523.5,97.7,-2.6073822296941978,0.3791587103893602,137.9,-5.3,-231.1336820997169,0.04600231991759185,0.009329606663477966,0.17803015377976936
default,Fitting,starfit,1767,120.4,84,0.5164584743956595,0.3429774014769662,7,-0.4,-0.44899159000702427,0.2934630973739534,0.2755342778793342,0.2936568795793442
fitted,Evaluation,gdrom,1767,105.1,55.4,0.3822029574676684,0.7833009456570804,-0.2,0.1,-0.1040772737180371,0.6932934178203338,0.1527674133904274,0.6941134787069737
fitted,Evaluation,h06,1767,344.7,82.1,-1.6993570690865063,0.2828307404906849,-5.5,2.5,-10.88553495682821,0.3259065732734727,0.15880564736853717,0.3702069282360816
fitted,Evaluation,natlake,1767,183.8,82.3,0.2842844515975457,0.35994430756035656,-9.4,1.4,-2.3783472008333,0.32259893158188,0.35041433107179243,0.3247140059983674
fitted,Evaluation,rulebasedloc200,1767,1035.9,84.3,-2.568607213675044,0.4316155134654214,67.3,-4.6,-106.34044641686761,0.28834103339366635,0.14616250048744175,0.30208399735587765
fitted,Evaluation,sdp,1767,775.7,96.9,-3.0538387815707226,0.035956979048439974,43.9,-2.2,-59.19417308150311,0.0600518446827808,0.1512205661864555,0.07172538317553347
fitted,Evaluation,starfit,1767,114.4,75.9,0.657077790258156,0.45958200524122417,-5.5,1.1,-0.3096079908005387,0.4233751975607516,0.5161133724884397,0.4284005807394592
fitted,Fitting,gdrom,1767,127,65.3,0.08168766376871628,0.7019791737946597,5.2,-0.1,-0.6125716354364263,0.5739940023268384,0.017515945046513097,0.5779397938329138
fitted,Fitting,h06,1767,258.8,88.5,-0.6013673578129983,0.18465455210296655,9.7,0.5,-5.700443178482584,0.216790463511775,0.05527621084051208,0.2271974724953669
fitted,Fitting,natlake,1767,107.1,88,0.48473998164404297,0.2397566367997338,-0.8,-0,-0.14622785885214395,0.22465734791908798,0.24976253241525487,0.22523639806137544
fitted,Fitting,rulebasedloc200,1767,1072.8,83.3,-1.0051743800298114,0.5183297732495037,98.2,-3.6,-114.10046720438903,0.30559916607908844,0.02964073440135601,0.33956488571836574
fitted,Fitting,sdp,1767,607.6,97.8,-1.2221776452698747,0.06098985970030446,50,-2.3,-35.923419121529655,0.043882121440697364,0.05438085393243123,0.06903088023703854
fitted,Fitting,starfit,1767,53.9,81.3,0.7716057077721367,0.3916472348743092,0.8,0.1,0.7097476980117936,0.33820016655703056,0.7176596507064588,0.3387828165636756
default,Evaluation,gdrom,1768,768.5,23.9,-4.8399488912660384,0.9633666431079114,-9.1,-0,-58.08055206330574,0.9426600634093258,9.87485572724496e-4,0.942705995334066
default,Evaluation,h06,1768,1611.8,51.4,-8.605935713283486,0.8017866208429618,-31.5,0.1,-258.85322861141185,0.7355038241301333,0.0022803330522128654,0.7355241629653884
default,Evaluation,natlake,1768,1352.6,23.9,-0.19438383805007242,0.9711438129239898,35,-0,-182.00363561264874,0.9429382527260447,3.398199581437042e-4,0.944069942299995
default,Evaluation,rulebasedloc200,1768,1360,23.9,-0.3588174314249182,0.9711425130363535,35.3,-0,-184.0042490295451,0.9430629606947639,0.0010009357684203693,0.944216396684573
default,Evaluation,sdp,1768,1362,24,-0.44120953450206035,0.9708346151845167,35.3,-0,-184.55304726130896,0.9425519743292419,4.2814092206133893e-4,0.9437460655155521
default,Evaluation,starfit,1768,502.1,29.1,-1.9813388236830107,0.9056105605038229,-8.2,-0.1,-24.22013348736188,0.9155780735374303,0.0018743367158430312,0.9173604155044749
default,Fitting,gdrom,1768,158.6,22.8,0.12965439423935965,0.9702881721648409,0.8,0,-1.5162719322639187,0.9479948351238044,0.10590855753469705,0.9481484024534008
default,Fitting,h06,1768,1564.9,53.2,-9.299141428760482,0.7812364390679356,-26.1,0,-243.9513864980168,0.7167550944051785,9.543174836763882e-4,0.716761919664895
default,Fitting,natlake,1768,1557.2,21.7,-0.41988575336398815,0.976330278373902,37.3,-0.1,-241.53073010288023,0.9528219732352858,4.190832132250218e-6,0.9534953810739525
default,Fitting,rulebasedloc200,1768,1557.2,21.6,-0.38741568369911894,0.9765406382282127,37.3,-0.1,-241.5235712160599,0.953248145597018,8.619608563422795e-5,0.9539111677880441
default,Fitting,sdp,1768,1557.3,21.8,-0.4307909129888954,0.976196989735456,37.3,-0.1,-241.5555366417063,0.9525692424268808,1.2867379670387433e-4,0.9532539878298136
default,Fitting,starfit,1768,520.3,33.9,-2.9971409071235087,0.8891049083494487,-4.1,0,-26.07509675911219,0.885308376838807,0.0054132869291770485,0.8865942144776302
fitted,Evaluation,gdrom,1768,1017.4,25.7,-7.225298191675018,0.9626754631266288,-11.2,-0,-102.53828104419584,0.9339216044084393,1.4814998027328663e-5,0.9342075120526251
fitted,Evaluation,h06,1768,1293.1,48.4,-10.370914056769104,0.8314589973926174,-9.1,-0,-166.24892726207443,0.7654168412820639,0.007432034296171831,0.7655617036888239
fitted,Evaluation,natlake,1768,753,28.3,-5.584104512421487,0.9274512230148675,0.4,-0.1,-55.71492766461953,0.9197670719840314,0.0028187774365524745,0.9201384103956836
fitted,Evaluation,rulebasedloc200,1768,1777.2,29.1,-15.220869733744927,0.9309896694500027,-10.9,-0,-314.9321259411049,0.9152994570615104,0.002815279798115594,0.9154112436541372
fitted,Evaluation,sdp,1768,1361.7,24.6,-0.36316474974274815,0.9693897319692607,35.3,-0.2,-184.4676585221904,0.9396139124923647,3.013909501106536e-6,0.9409029759780945
fitted,Evaluation,starfit,1768,1132,32.1,-7.279430137963985,0.9261868484642665,-17,0.6,-127.16990860374415,0.8966668227104804,0.0013384323453422056,0.8967168247935674
fitted,Fitting,gdrom,1768,109.4,23.1,0.25804080325040435,0.9733254103460579,-0.1,-0,-0.19697331401928486,0.9466327032043409,0.08014049014603901,0.9473934217522456
fitted,Fitting,h06,1768,1075.9,49.5,-8.16111964466658,0.8161494471138354,8.6,0,-114.77125476787685,0.7546552874752452,1.0243546238270849e-4,0.7546619614030579
fitted,Fitting,natlake,1768,663.5,28.1,-4.254776814598328,0.9259470816240124,7,-0,-43.025913694756674,0.9208747097737215,0.10226378167576722,0.9213641936914824
fitted,Fitting,rulebasedloc200,1768,705.5,20.1,-0.7951271807740723,0.9540780219686786,15.9,-0,-48.784713425071786,0.9596599812428609,0.1557945832828206,0.960106035533198
fitted,Fitting,sdp,1768,1557.3,21.8,-0.42961627741843267,0.9762134307145225,37.3,-0.1,-241.55439903834733,0.9526001903777291,1.2649322247380257e-4,0.9532834617639314
fitted,Fitting,starfit,1768,503.8,35.6,-2.8054849779836735,0.9189062029735269,-4.5,0,-24.390790496790185,0.8729352860332111,0.020089795360935546,0.8732500267853888
default,Evaluation,gdrom,1770,120.7,65.3,0.6019473271905126,0.718227472700657,-13.1,0.2,-0.45727241316057343,0.5734068080912882,0.5316339220166192,0.5809269626619623
default,Evaluation,h06,1770,826.1,96.1,-2.50739466204833,0.1974192506143535,112.1,2.4,-67.25579964202686,0.07542359023586687,0.09743967222233146,0.11653279568299914
default,Evaluation,natlake,1770,572.8,90.2,-0.4641549533233009,0.25851841957119714,83.9,0.8,-31.817077499589686,0.18696308417199292,0.07397382479859538,0.1928269716323598
default,Evaluation,rulebasedloc200,1770,821.5,83.7,-3.5499194786495636,0.39200288060234867,99.5,0.4,-66.50852681700333,0.29882726164560924,0.09809087757059519,0.3008173522581369
default,Evaluation,sdp,1770,1273.6,79.3,-1.1213906211029219,0.6662441193174311,197.6,-0.2,-161.24523195977682,0.371420365404314,0.07545214813034186,0.4491358413077924
default,Evaluation,starfit,1770,80.6,68.7,0.6684293525460159,0.5726668499887557,-3.5,0.5,0.3495105998002972,0.5280928061978457,0.6156621917460656,0.5316987277918417
default,Fitting,gdrom,1770,101.8,63,0.6042562731091866,0.7466759002055663,-11,0.3,-0.03730271869914015,0.6030711883492362,0.5149289970295757,0.6111342233871488
default,Fitting,h06,1770,709.5,96.3,-1.5569795741174257,0.24676929906841538,140,0.5,-49.35400909681964,0.07236794806907632,0.1694016010225663,0.13024672112055838
default,Fitting,natlake,1770,498.6,90.3,-0.3217129274586188,0.28415530049435767,102.2,-2.6,-23.864775278625224,0.18471250468999412,0.16903885012870093,0.19702064607349248
default,Fitting,rulebasedloc200,1770,736.5,83,-2.550510706261137,0.46334858427883174,132,-3.7,-53.24966021433078,0.31036229583052743,0.07248312171199349,0.3248815105242367
default,Fitting,sdp,1770,1026.3,100.7,-1.3846547516986516,0.5398080141176621,217.9,-3.8,-104.33985294088087,-0.014846724340393802,0.003989773318030897,0.31501633464893214
default,Fitting,starfit,1770,70.6,72.3,0.7665221155047549,0.5279138667111918,6.1,-0.3,0.5015978618692337,0.477708758752299,0.6830395502295551,0.4804121125993243
fitted,Evaluation,gdrom,1770,79,67.8,0.7423446993658113,0.7460816385711795,-4.9,0.5,0.3753851808481973,0.540123512475974,0.5776777573801821,0.5709831030447051
fitted,Evaluation,h06,1770,171.9,72.2,0.11464998836383444,0.5296933427604046,11.7,0.3,-1.9573921970925983,0.4790678606240072,0.06350348838126989,0.4817019526867083
fitted,Evaluation,natlake,1770,143,78.6,0.13973598136803111,0.48733086837002026,-9.5,-0.5,-1.04649548690294,0.38182971638056407,0.021112207643357028,0.38328795576091035
fitted,Evaluation,rulebasedloc200,1770,577.1,80.6,-2.5683454670166244,0.4703144045514903,61.6,-4.3,-32.31107435784416,0.34966291461220456,0.13009633654826153,0.35627891583277427
fitted,Evaluation,sdp,1770,717.1,93.2,-2.998068042572926,0.1904666540973442,85.7,-4.5,-50.433879960221056,0.13130072904405055,0.12167043346616017,0.14450960737399718
fitted,Evaluation,starfit,1770,82.7,65.6,0.7022280891399764,0.5991421131338859,-8.5,0.3,0.31530191258252493,0.5692886113710841,0.758572040259445,0.5754849837498974
fitted,Fitting,gdrom,1770,55.6,56.5,0.8752548650493518,0.8239130819046334,-7.5,0.3,0.6908816372995115,0.6803897723192951,0.8323671870949291,0.693166682191819
fitted,Fitting,h06,1770,184.6,78.4,0.18381607577733916,0.5294719339755034,27.7,0.3,-2.4080663090826784,0.3847768306163074,0.060419943726567886,0.3924441532346142
fitted,Fitting,natlake,1770,110.9,77.8,0.22603049812273934,0.5518298644962252,0.2,-0.5,-0.2292296568804415,0.39437567029332077,0.06430853104762059,0.4048167991042797
fitted,Fitting,rulebasedloc200,1770,547.2,78.8,-1.3616920375114314,0.5505290397017429,100.5,-2.7,-28.949979495490766,0.3789346313723504,0.13239062168784524,0.39464171435965306
fitted,Fitting,sdp,1770,577.6,96.5,-2.702667602784162,0.06736996667825035,80.2,-3.5,-32.3729156806209,0.06919453906428663,0.054254626837740884,0.08314583298864212
fitted,Fitting,starfit,1770,50.5,69.3,0.8298750398041208,0.5583173514900787,0.6,-0.1,0.7452813527985249,0.5201430978069363,0.8028748192889825,0.5250288624154438
default,Evaluation,gdrom,1774,272.1,45.7,0.018001468279897792,0.8171205020526624,-49.8,0.4,-6.4058985559433355,0.791536999690716,0.12656670024330716,0.7929125398036687
default,Evaluation,h06,1774,595.3,94.7,-2.3403417303129683,0.277680817985005,94,3.1,-34.44446907452005,0.10323347256120463,7.281793295049302e-4,0.15317725949211614
default,Evaluation,natlake,1774,599.3,83.1,-0.7873213024748031,0.3622704945937656,124.2,0.8,-34.92493437726271,0.3090671281982099,0.008190251494429675,0.30934673917449634
default,Evaluation,rulebasedloc200,1774,656,80.8,-2.1650770892848787,0.4288947772461831,118.6,1.7,-42.05125463266066,0.3464624721846342,0.04298043352353972,0.347026073515811
default,Evaluation,sdp,1774,926.8,49.8,-1.4708461811250104,0.7720730112441256,202.9,0.3,-84.91911415182012,0.7516173131677005,6.353914359947873e-4,0.7546531128282832
default,Evaluation,starfit,1774,123.7,66.1,0.24216557662729676,0.6403566673202701,-6.9,0.7,-0.5304653429719959,0.5631090833295056,0.5240533945658795,0.5632570470728419
default,Fitting,gdrom,1774,251.9,53.8,0.025339194767165063,0.7633605253377417,-74,1,-5.3478551943167085,0.7101152993230471,0.23854351192950934,0.7106433628521954
default,Fitting,h06,1774,545.7,91.7,-1.3603727755369746,0.29124440711148925,149,0.4,-28.780665537959482,0.15870838558792555,0.009604452367685711,0.18270387284682224
default,Fitting,natlake,1774,531.2,88.1,-0.8620162457772016,0.2621800746078432,159.4,-2.2,-27.222931530211465,0.2233556770463654,0.004943619928099081,0.22411985990272232
default,Fitting,rulebasedloc200,1774,616.1,76,-1.9110587662234368,0.5224610228397368,164.4,-2.1,-36.9642493671646,0.42204996764439173,0.02868590604436653,0.4232573840699337
default,Fitting,sdp,1774,746,62.8,-1.507335246264189,0.7063474681908244,231.2,-2,-54.669123114684346,0.6054276985538012,0.007761195361513907,0.6068211719105272
default,Fitting,starfit,1774,100,72.3,0.5106420661808194,0.5757082267716571,8.3,-0.2,5.648374689152247e-4,0.47748092876795745,0.5218318343789193,0.47780379419852537
fitted,Evaluation,gdrom,1774,373.3,54.6,-1.5273137984333935,0.7906991602392409,41.1,-2.7,-12.937996645302835,0.7021636100470672,0.09231618058852548,0.7039328675056854
fitted,Evaluation,h06,1774,130.3,70.4,-0.07101091549692118,0.5228459362582931,10.5,0.1,-0.6983999312987081,0.5045058437594954,2.0770723799865977e-4,0.514955950131376
fitted,Evaluation,natlake,1774,155.6,74.4,-0.17603041107300332,0.48778129241091317,-16.1,-0.1,-1.4229023358361874,0.4457600088167345,0.022069329453887235,0.44971395021420163
fitted,Evaluation,rulebasedloc200,1774,367,80,-1.0828796273161765,0.48840485388581656,55.3,-1.5,-12.469127552008406,0.3591387325753609,0.16399477821040304,0.3646804866164603
fitted,Evaluation,sdp,1774,772.3,70.1,-1.2914972986539128,0.6074707201702964,160.9,-3.9,-58.664816876583316,0.5086608071144184,0.003207466395104296,0.5107463230642786
fitted,Evaluation,starfit,1774,86,63,0.7155762549536442,0.6621515801048707,-14.2,0.4,0.26086390304672813,0.6034224412795617,0.7884256598424755,0.6044421894282318
fitted,Fitting,gdrom,1774,346.9,54.1,-1.0125305126728197,0.7913598791714143,71,-2.2,-11.032997008577528,0.70723858078843,0.09041156555736478,0.7085126958748478
fitted,Fitting,h06,1774,154,78.8,-0.1359088368177772,0.42489543850113787,33.1,0,-1.3727671711336127,0.3785558890636358,4.376014147504229e-4,0.3806710272643974
fitted,Fitting,natlake,1774,115.8,79.4,-0.0737704634470322,0.41196690807434855,-1.4,-0.3,-0.34121094979265876,0.36915897278402765,5.857936305047476e-5,0.37160318450444196
fitted,Fitting,rulebasedloc200,1774,403.7,78.5,-0.7979795639831284,0.523606859547133,106.8,-1.6,-15.300631334973396,0.38357827728631955,0.10628732857674324,0.39060063315375143
fitted,Fitting,sdp,1774,718.5,69.2,-1.4273914538713184,0.6252617903398269,221.1,-2.1,-50.63447993741032,0.5206753425943715,6.15568032025012e-6,0.52197889054862
fitted,Fitting,starfit,1774,41.4,68.4,0.912517622058047,0.6015936518026317,-2.8,0.1,0.8283383600637243,0.5317332102931651,0.8468733880190825,0.532221550216906
default,Evaluation,gdrom,1775,55,69.8,0.8752862948137584,0.7170091505871343,-3.5,0.5,0.6971762999669058,0.5122695930345951,0.8212539022353527,0.5399817789933007
default,Evaluation,h06,1775,412.4,110.3,-2.0838811062014124,0.05957821558839316,-16,2.5,-16.01322239719509,-0.21672276783522104,0.0554991561892809,0.019169451259517172
default,Evaluation,natlake,1775,273,100.1,-0.6667081664067145,0.22565680656735276,12.3,1.3,-6.456470606752986,-0.0013354369830684831,0.010594460448582449,0.10039167138686808
default,Evaluation,rulebasedloc200,1775,496.1,124,-1.1498591485982175,0.3268954652479813,45.6,0.3,-23.618718858253025,-0.5375585837532995,0.06759297315467158,0.11908894509193223
default,Evaluation,sdp,1775,486.2,145.9,-0.7283478257424467,0.14153507891512962,47.2,0.4,-22.64930796768343,-1.1297884192814776,0.023624677743702843,0.033115141062783335
default,Evaluation,starfit,1775,44.4,69.7,0.9121623508251054,0.593779495192868,-1.9,0.7,0.8030639621218261,0.5141238945633455,0.8367692379015617,0.5142218555477082
default,Fitting,gdrom,1775,38.3,62.3,0.9267680982432772,0.7785429544931549,-0.1,-0.2,0.8533926226877364,0.6124161950836515,0.8603200691716483,0.6288713473561794
default,Fitting,h06,1775,382.1,116.6,-2.0011489305528265,0.13123130975008868,7.6,0.5,-13.60403889326319,-0.35982192503041,0.07497497833833533,0.0254444805677738
default,Fitting,natlake,1775,313.8,103.1,-0.7257146839862185,0.27222935829402006,20.4,-1.7,-8.84970599330198,-0.06350538891323709,0.0035452977175876575,0.10447868512567154
default,Fitting,rulebasedloc200,1775,573.6,120.6,0.0042751591642880005,0.3623677571845605,63.1,-2,-31.911513725115142,-0.4556541562532308,0.13782452751358648,0.14649140934469224
default,Fitting,sdp,1775,566.4,143.6,-0.37314408142693356,0.1939984492961272,60.1,-2.1,-31.08753722890343,-1.0637627625916397,0.022127188400437536,0.07005799848558347
default,Fitting,starfit,1775,60.7,69,0.8170692426590542,0.5671041577065807,1.2,-0.4,0.6320120937885367,0.5234306745830575,0.7037340113383489,0.5271926458270852
fitted,Evaluation,gdrom,1775,71.9,72.3,0.838947639331697,0.6884129330828654,-5.5,-0,0.4826906331092937,0.47725998957004034,0.7289117583500692,0.5063413845073697
fitted,Evaluation,h06,1775,308.6,81,0.006839868895325951,0.4468011102444195,-29.5,3,-8.525924476052685,0.3442243771832101,0.04280120767339423,0.3464765244112092
fitted,Evaluation,natlake,1775,214.2,81.5,-0.2149631215410568,0.3884225266159801,-9.3,-0.8,-3.590155195289748,0.33555487663001415,0.004116236392516532,0.3361693022121342
fitted,Evaluation,rulebasedloc200,1775,294.2,99.7,-0.9445017644445213,0.49265870969317527,14.5,-2.2,-7.655440418735822,0.004901309556391675,0.12504994647218495,0.24349933455431966
fitted,Evaluation,sdp,1775,223.9,110,-0.5067854281327853,0.1691368929072813,6.6,-1.9,-4.013008755785336,-0.2092603027726736,0.18414662844191257,0.04704656104273631
fitted,Evaluation,starfit,1775,129.5,86.9,0.40758141560539907,0.515754065194504,-7.2,0,-0.6779188923629629,0.24451500582916896,0.4140070810667866,0.3084309167925989
fitted,Fitting,gdrom,1775,59.5,67.2,0.8260198464876511,0.7523765016230393,-1.5,-0.5,0.6454459318786655,0.548923886467019,0.6856572616033431,0.5792327655418875
fitted,Fitting,h06,1775,191.4,76.6,0.09884627626397069,0.5135320329520925,12.7,0.1,-2.66315972303591,0.41294105273243686,0.04738365160695508,0.41363043505285824
fitted,Fitting,natlake,1775,217.7,76,-0.3497148250437656,0.46325626387268437,-3.7,-0.9,-3.739361329933655,0.42280561520670457,6.621900018450737e-5,0.4268078329297774
fitted,Fitting,rulebasedloc200,1775,325.5,77.6,0.3366888831617525,0.6558412681004165,34.5,-1.3,-9.597794901669586,0.39795365452584053,0.2813193854260542,0.45032014998684916
fitted,Fitting,sdp,1775,282.9,109,-1.0795444350980885,0.1706865352055318,7.6,-1.3,-7.006812122775161,-0.18912196147327975,0.1567766879361413,0.049596442783780254
fitted,Fitting,starfit,1775,133,83.3,0.288781163361728,0.5114710124424033,-5.1,-0.4,-0.7691146794731698,0.30561097189723985,0.39009475880363015,0.33545006285338885
default,Evaluation,gdrom,1776,227.7,73,-0.4451958988300526,0.7415119644725057,-1.3,-0.1,-4.186802553999573,0.46633497767715937,0.001632635057924701,0.5553263686626299
default,Evaluation,h06,1776,454.3,78.6,-1.5157522414479097,0.5082941484868428,23.7,-0.3,-19.64135118605422,0.38258271881949835,0.015364721097691734,0.3866751566523289
default,Evaluation,natlake,1776,955.3,105.1,-0.3340891114987119,0.4890785697562965,76.9,-0.7,-90.28996169571698,-0.10513035456220132,0.015011246945383663,0.2472733718824475
default,Evaluation,rulebasedloc200,1776,1001.3,108.1,-4.765841080463735,0.46212248456884586,59,-0.6,-99.29548196434435,-0.16937701948985917,0.10028258171206719,0.22166123496759257
default,Evaluation,sdp,1776,864.5,102,-2.5477291963779107,0.4918746016019211,60.5,-0.6,-73.75198931713324,-0.04016645665598584,0.0036673088679795617,0.24253539125592147
default,Evaluation,starfit,1776,233.1,80.4,-0.48930411277026264,0.4844098024276826,0.4,-0.1,-4.434049633262998,0.35274887666710997,3.684466012099987e-4,0.35869686701134135
default,Fitting,gdrom,1776,310.2,63,-1.2549963989460284,0.7974455217564773,-6.7,0,-8.621899051872798,0.6035542465980933,0.21661694271427404,0.6372308257118294
default,Fitting,h06,1776,836.1,74.7,-4.232685486517122,0.49881340754335,32.8,-0.3,-68.9178497869011,0.4416250329205156,0.07758259037777526,0.4431614383565319
default,Fitting,natlake,1776,1255,101,-0.5744299843488947,0.5374900060960001,69.5,-0.8,-156.53554833956113,-0.019542658094911847,0.1967319135897847,0.3091176711450105
default,Fitting,rulebasedloc200,1776,1307.3,100.8,-6.92679074502821,0.5350114537267662,54.5,-0.8,-169.93927620161722,-0.017144532036476257,0.02853672079692788,0.3016181852400362
default,Fitting,sdp,1776,1154.5,99.3,-4.681065111366365,0.5454472955199728,54.1,-0.7,-132.3073933462637,0.01390253910676209,0.10401710422744384,0.3101321004980504
default,Fitting,starfit,1776,254.6,80.4,-0.7377175302290331,0.4511544329099173,-1.2,-0,-5.482423019418623,0.35357988882540015,0.04217300169245829,0.35469610200691565
fitted,Evaluation,gdrom,1776,97.9,61.9,0.456552010819254,0.8015043938786329,3.5,-0.1,0.04138891179444748,0.6169257414779452,0.2715185864024024,0.6454973150021089
fitted,Evaluation,h06,1776,360.4,74.5,0.11597384904973329,0.5276061564134485,-26.8,0.2,-11.990533597060868,0.4453849900284288,0.13758951570322867,0.4453981334760138
fitted,Evaluation,natlake,1776,183,60.7,-0.10131007687080151,0.654508627781561,0.7,-0.1,-2.3482185760322425,0.6313286967673833,0.07478417321238819,0.6375920011173645
fitted,Evaluation,rulebasedloc200,1776,474.2,94.7,-2.5168064528473804,0.5404106339099174,10.8,-0.5,-21.489077524382477,0.10228628658245609,0.012558469181353959,0.29268442384531784
fitted,Evaluation,sdp,1776,513.6,93.3,-2.391867024961556,0.46238715426757826,22.4,-0.2,-25.38163719483233,0.12837303536480704,3.323325179018121e-5,0.24112594746256183
fitted,Evaluation,starfit,1776,153.3,71.4,0.13649541494232842,0.5819128948664587,3.2,-0.2,-1.3505362883636889,0.4907752610695332,0.03710037419933465,0.49083809234738407
fitted,Fitting,gdrom,1776,58.7,51.5,0.8340647784150346,0.8483426557855324,-0.6,0,0.6552727854959235,0.7342600685320686,0.696046943812413,0.7406134709869889
fitted,Fitting,h06,1776,424,78.6,-2.200301941172856,0.44530860810077166,6.7,-0.1,-16.976947035640954,0.38163168382310975,0.018638440491457704,0.38204761229702533
fitted,Fitting,natlake,1776,240.1,63,-0.8853793018916676,0.625254230260369,-0.1,-0,-4.765167085293395,0.6032328005638261,0.3357276632855282,0.6105927984774205
fitted,Fitting,rulebasedloc200,1776,637.3,92.6,-4.232822701899027,0.5976260628846278,13.1,-0.3,-39.623951829558244,0.14325389028649738,0.1093755500385545,0.36617185459855894
fitted,Fitting,sdp,1776,824.5,82.9,-5.591004961345487,0.5492216982396747,21.8,-0.4,-66.99152814458277,0.3127847068887839,0.11539860599497548,0.3548394230037101
fitted,Fitting,starfit,1776,168.5,74.2,0.012345889421471634,0.5190005162371272,-0.6,-0.1,-1.8391113661887117,0.4490818589754717,0.11661831162494711,0.4495162821700441
default,Evaluation,gdrom,1777,1090438.8,73.3,-2386.033969009362,0.5879819102322036,101820.8,0.4,-118938243.62682673,0.4619522091425584,0.04146823897799768,0.4651099062212176
default,Evaluation,h06,1777,1295498.7,98.6,-4873.202755053806,-0.022264386976044825,114866.3,2.5,-167877668.15357816,0.027733944696910484,0.026918629200046344,0.04584813683333783
default,Evaluation,natlake,1777,1268999.4,87.5,-2859.569643982074,0.27596020607138205,118314.3,0.9,-161080047.7163589,0.23494969065377813,0.07460394559254682,0.2350551832065767
default,Evaluation,rulebasedloc200,1777,1581004.7,80.1,-6289.111327290977,0.47199618506480423,138808.8,0.1,-250026051.6568105,0.3589492591695814,0.01477118065366938,0.3616868508451913
default,Evaluation,sdp,1777,1738599.9,73,-3588.950391974195,0.5542216557682897,162794.4,-0.1,-302355759.3752826,0.46636310945878856,0.06450319853861876,0.46637795353321126
default,Evaluation,starfit,1777,18728,130.5,-184.03103165461008,-0.023733657502141403,214.3,89.8,-35082.36228988468,-0.7022315449564562,0.004863059363134844,0.4536578679704454
default,Fitting,gdrom,1777,164.1,121.8,-1.0101076396304087,0.3850084554851556,179,-2,-1.6940412416415271,-0.4835821735216599,0.033044097178492896,0.21131132993737342
default,Fitting,h06,1777,209.5,136.7,-1.661413336469424,0.1618781308670485,253.2,-0.9,-3.3896926853950324,-0.8692438089082493,0.04475438082850279,0.028991768471682878
default,Fitting,natlake,1777,195.6,152.5,-1.5702740258377434,0.11434206226061683,235.8,-3.5,-2.826556873058638,-1.3263493478151638,0.013571575282385326,0.03619806642158176
default,Fitting,rulebasedloc200,1777,252.5,232.9,-2.3864307050715268,-0.5391317968249281,327.3,-4.8,-5.37913093443879,-4.425949650911611,0.040440600103415346,0.041031800149130986
default,Fitting,sdp,1777,279.2,243.6,-2.8533180957939517,-0.6420968383377874,370.6,-4.8,-6.796932727467119,-4.937526218815048,0.010111560976627782,0.04204384839899986
default,Fitting,starfit,1777,109.2,123.9,-0.2162361658233909,0.15875153943849685,-83.7,69.2,-0.1928495757058022,-0.5344981058164358,0.14824339309995208,0.30476614259735846
fitted,Evaluation,gdrom,1777,122843,103.8,-1011.0956967420412,0.5066062405439631,6649.1,15.2,-1509451.6788043007,-0.07853647230113969,0.010731450032271802,0.33011935360355993
fitted,Evaluation,h06,1777,754130.1,69.1,-1315.7037256727522,0.6202309250735256,71058.9,0.5,-56886793.06002006,0.5223564030539757,0.003867400513338216,0.522677164232643
fitted,Evaluation,natlake,1777,404164.7,80.5,-1680.3964183846736,0.42988160295014044,35169.4,-2.5,-16339385.79784825,0.35170258681728694,0.04105442804318408,0.35226106316971906
fitted,Evaluation,rulebasedloc200,1777,1107092,81.4,-7207.593083916255,0.5218070516894469,80408.1,-6.1,-122598840.2907833,0.33683967929307035,0.03896360230124927,0.36061363277861486
fitted,Evaluation,sdp,1777,1150457.1,99.9,-4867.584030904301,-0.06745891011096994,99750.6,-5.7,-132391410.67394352,0.0025215495328858584,7.562374006584128e-4,0.029647265184739972
fitted,Evaluation,starfit,1777,415634.4,93,-2687.123630581878,0.5217281994824057,30328.3,12.9,-17279928.9068352,0.13498687339163506,0.167887551550921,0.2969388441149285
fitted,Fitting,gdrom,1777,59,116.6,0.6539949526870124,0.4017593624967095,27.2,9.2,0.6513562282427355,-0.36047882352484995,0.6888033073366393,0.18774165928779477
fitted,Fitting,h06,1777,108.2,78.6,-0.29895399805639444,0.6233563321705977,124.3,0.9,-0.17008340130214505,0.38228841553485204,0.5854554232375029,0.4246134027737493
fitted,Fitting,natlake,1777,100.6,86.4,-0.02932132706664392,0.5081773628290878,14.6,5.1,-0.012178432443226361,0.25269532977450226,0.03575460503118079,0.3104474999855046
fitted,Fitting,rulebasedloc200,1777,203.1,170.6,-1.6477294799668378,-0.004963427505050744,251.3,-3.9,-3.12397442031254,-1.9097683128383216,0.06917605263884583,0.10437751305444265
fitted,Fitting,sdp,1777,136,110.5,-0.5022042358668961,0.07665625867594472,142.3,0.9,-0.849137969245257,-0.22145158395625053,0.2787120364382031,0.022146048209040765
fitted,Fitting,starfit,1777,126.5,110.1,-0.49949817357799287,0.4323983730225245,147.7,-1.4,-0.6013730916404472,-0.21135326669214294,0.5549966466329894,0.19103047912128732
default,Evaluation,gdrom,1781,64.3,54.5,0.7677125774931421,0.7790260036704382,1.1,0.4,0.586122957077978,0.7033995949379568,0.6944345413947138,0.703530566944843
default,Evaluation,h06,1781,509.3,71.6,-1.3961940126638641,0.52652957343416,192,1.5,-24.94454083064517,0.48757274493135105,0.027506426600997756,0.49279650220636784
default,Evaluation,natlake,1781,612.7,72.9,-1.6636488399207043,0.6014542459152026,250.3,0.8,-36.55621182736047,0.46901844125624137,0.008179472799753004,0.4732538168753851
default,Evaluation,rulebasedloc200,1781,638.2,73.8,-2.1849446634056853,0.6298840974241082,235.6,0.5,-39.74003239511659,0.45474702014683854,0.005200422498795473,0.4693221997955679
default,Evaluation,sdp,1781,734.9,59.6,-2.3195666849605265,0.7805967199883714,305.3,0.6,-53.01989998601521,0.6443744242712515,0.025435876453144535,0.6520646223749642
default,Evaluation,starfit,1781,50.9,64.4,0.8404683470388327,0.6438954040918968,-0,0.2,0.7406406291026104,0.5848144607049659,0.7915176529040534,0.5859388922734812
default,Fitting,gdrom,1781,55.8,58.1,0.8447480926200264,0.8023265172297387,-3.6,-0.2,0.6890830580250313,0.6621282522213403,0.7267358558731924,0.6719686818106949
default,Fitting,h06,1781,465.3,78.7,-1.3478361770986869,0.4440689299851821,216.8,0.3,-20.6532473959741,0.3810413069406007,0.05395845010551282,0.38151040875674475
default,Fitting,natlake,1781,554.6,83.7,-1.8261900358208512,0.5254476186450091,267.6,-1.5,-29.759255798125775,0.29963005721119373,0.01097046606385796,0.3381509984231317
default,Fitting,rulebasedloc200,1781,581.7,79.2,-1.9682531699474137,0.595910866593964,270.8,-1.3,-32.84227488963752,0.3725294240085989,0.02583871900180546,0.4066675643692896
default,Fitting,sdp,1781,644.4,74.7,-2.324633508416493,0.7112313906983934,314.8,-1.2,-40.532279043476045,0.44235429021005856,0.0075541085332819875,0.5085038447313134
default,Fitting,starfit,1781,36.7,68.3,0.91612970336854,0.5814637094496606,4,-0,0.8654147083267374,0.5328566495341867,0.8729273435113835,0.5357005379749934
fitted,Evaluation,gdrom,1781,200.7,58.3,-0.32736846855442736,0.7972470401441568,13.3,-2.7,-3.02728077045023,0.6605739084798357,0.18182144970798086,0.6706151641919332
fitted,Evaluation,h06,1781,158.4,70.1,-0.25262116226513487,0.5880847353411013,49.6,-0.1,-1.5111721002642144,0.5079357244682814,0.0012303147448671453,0.5080007844812935
fitted,Evaluation,natlake,1781,119,68.4,-0.052969941202061444,0.5957283808453431,-9.8,-0.2,-0.41617418288779695,0.5314564608745196,4.6727205372062655e-4,0.5323725858219165
fitted,Evaluation,rulebasedloc200,1781,359.1,74.6,-0.9346907187716789,0.5502260024664838,119.2,-0.9,-11.901402815197489,0.44263089834866676,0.16597230404125687,0.4438104746514228
fitted,Evaluation,sdp,1781,719,63.3,-2.079562653793307,0.7569643108880957,297.4,-2.3,-50.71123313546494,0.5997286492401889,0.04445016498653527,0.6128124657212732
fitted,Evaluation,starfit,1781,48,62,0.8261088445770636,0.6713907252375548,-5,0.1,0.7691682435390677,0.6152327633741745,0.8355953367609555,0.6163704119890087
fitted,Fitting,gdrom,1781,71.4,59.8,0.6896790368799957,0.7967378902267207,-21.6,-0.4,0.49061929210926314,0.6425711757376664,0.7750439032205078,0.6563549014307256
fitted,Fitting,h06,1781,149,78.7,-0.2072349096750934,0.5179552637259799,54.1,-0.1,-1.2198036823102303,0.3801118249275842,0.018661114715892192,0.3864582779458666
fitted,Fitting,natlake,1781,114.2,73.7,-0.12322962285762995,0.5589311560778771,-2.8,-0.3,-0.30501020930387,0.457009906112155,3.892433858118827e-4,0.4575957555280324
fitted,Fitting,rulebasedloc200,1781,329,76.7,-0.8534791365786563,0.5479899552759251,128.5,-1.2,-9.825955589561781,0.4120302782030987,0.14982099677675262,0.4176002214035202
fitted,Fitting,sdp,1781,643.7,75.4,-2.3164192647814406,0.701573358181443,314.4,-1.3,-40.445993335407294,0.4306746468717728,0.008013044873165622,0.49633187696800124
fitted,Fitting,starfit,1781,30.3,65,0.9526573284954662,0.6203752242052714,-1,0,0.9080981768916816,0.5768135447491789,0.9101166558071402,0.5800713867082075
default,Evaluation,gdrom,1782,44.9,79.8,0.8395189276559243,0.6810911146630845,-6.3,0.9,0.7986563190569465,0.36340197700246857,0.8772571042025424,0.46405015861258425
default,Evaluation,h06,1782,371.8,129.8,-2.1196072346092993,0.03943081983542707,16.8,7.7,-12.826927017485426,-0.685650454977738,0.28284770966481987,0.0025234330419184096
default,Evaluation,natlake,1782,258.4,92.2,-0.14970946693504184,0.3173838565113559,49.8,0,-5.679651705419891,0.149573306149564,0.5337332036800125,0.1860630795651718
default,Evaluation,rulebasedloc200,1782,595.1,129.8,-0.5523064000539157,0.29779532916656626,134.5,-1,-34.42551416618543,-0.685321105713028,0.28961456948550907,0.1134080995071462
default,Evaluation,sdp,1782,328.5,123.2,-1.5484733388716792,0.06739276017545848,20.8,1,-9.79661003256464,-0.5189129780002921,0.19931046569802993,0.007495471925256911
default,Evaluation,starfit,1782,59.9,71.6,0.7371086128486579,0.5548079461863198,-6.1,0.6,0.6408388734083367,0.4878663067506518,0.712327340191588,0.48860701326028955
default,Fitting,gdrom,1782,38.6,61.3,0.852234299971446,0.7793027685841833,1.7,-0.1,0.8509934354627408,0.6245623336196711,0.8578235701795033,0.6371809493740684
default,Fitting,h06,1782,362.4,135.3,-1.8706559795339972,0.11930235750971574,31.7,4,-12.132621102483695,-0.8303994984260037,0.24898569653781197,0.014671522763688221
default,Fitting,natlake,1782,308.9,125.3,-0.2117507430687493,0.2366343658226856,72.7,-1.6,-8.54670385158391,-0.5707138695489022,0.4683331254423892,0.05634477257390888
default,Fitting,rulebasedloc200,1782,600,176.6,-0.6354597061248914,-0.04409117086476244,157.5,-3.6,-35.005693663349064,-2.119817683171259,0.3126133508161501,0.03740854194874484
default,Fitting,sdp,1782,419.8,149.9,-1.067130026775423,0.06216355071451318,90.7,-1.6,-16.629137164174974,-1.2471792702984632,0.25647482535986676,0.007219862093773717
default,Fitting,starfit,1782,60.3,67.1,0.8158074711563618,0.5793779351139906,1.6,0.3,0.6363868643441799,0.5498979534393029,0.6678324669357414,0.5565009235515097
fitted,Evaluation,gdrom,1782,53.2,70.6,0.877176732898789,0.7296794241050328,-8.1,0.7,0.7170212269829688,0.5015840090337073,0.8539092301374784,0.5426729026582726
fitted,Evaluation,h06,1782,300.6,80.7,0.0777485555662989,0.4031202633687039,-63,10,-8.039269989787181,0.34779516787029663,0.17004770307770975,0.3514133143562268
fitted,Evaluation,natlake,1782,78.2,71.7,0.7477710696779323,0.5371977900403659,-11.5,1.5,0.3883525751621102,0.4852964663855992,0.7341086185318872,0.48778677310755286
fitted,Evaluation,rulebasedloc200,1782,393.9,88.3,-0.13588292339060204,0.5500795496857911,86.1,-5.1,-14.516531883006673,0.22061425306948834,0.2968822361344709,0.3224235237876536
fitted,Evaluation,sdp,1782,317,94.4,-0.09001096616594073,0.2634296791777446,66.8,-2.5,-9.051630514127536,0.10868146966853853,0.46648429197542163,0.15033985492856877
fitted,Evaluation,starfit,1782,85.7,76,0.7180873420428163,0.5056145661218703,-15.2,1.9,0.2659378680924962,0.4219816125446003,0.6921255446198471,0.42211177350699436
fitted,Fitting,gdrom,1782,46.5,65.3,0.8908907714983365,0.724794184852781,-0.4,-0,0.7840845158777552,0.5739930518867227,0.8030903995114477,0.58310600206542
fitted,Fitting,h06,1782,238.5,81.9,-0.43330936716862434,0.40660462026411304,27.1,1.6,-4.68801184715436,0.32939483889636,0.07684550241418438,0.32965253480204376
fitted,Fitting,natlake,1782,73.2,77.8,0.7224505477688912,0.5739057909136069,-1.2,0.2,0.46398626422714184,0.3941677278276109,0.6183293059672268,0.4109187964314897
fitted,Fitting,rulebasedloc200,1782,433.5,104.8,-0.1792972132216366,0.49537046767164605,113.3,-2.8,-17.797998631708918,-0.09920815781691839,0.46069691965375315,0.25695075949861745
fitted,Fitting,sdp,1782,194.9,103.4,-0.2941299177073631,0.26986427429805304,23,-0.2,-2.8000667422478798,-0.06968125236625511,0.4250957447347799,0.10229487763755686
fitted,Fitting,starfit,1782,66.7,69.9,0.7969668090556888,0.5494775929914815,-7,0.5,0.5546752139234042,0.5119799812763676,0.6561242293568651,0.5170641936695214
default,Evaluation,gdrom,1783,108.9,15.5,-0.1556487199350165,0.9730565930262927,0.2,0,-0.18647546090089295,0.9758868416622027,7.107903390285907e-6,0.9760317832475656
default,Evaluation,h06,1783,1672.1,56,-14.564023300058947,0.7624544572869622,4.3,0.1,-278.6601915314254,0.6868682562793379,0.011486857298859725,0.6869117506380117
default,Evaluation,natlake,1783,4037.9,14.6,-0.7199333863544055,0.9724484521701148,121.7,0,-1629.9311979309387,0.9788150213761756,0.007245091679223223,0.9790376547760824
default,Evaluation,rulebasedloc200,1783,4040.4,14.5,-0.8249966456614575,0.9725693786759249,121.8,0,-1631.9335629058016,0.9788320179696477,0.0019204167971825898,0.9790510450942638
default,Evaluation,sdp,1783,4040.9,14.6,-0.8662818056764232,0.9726213978795578,121.8,0,-1632.3240827920424,0.9788220002728119,NA,0.9790391110378419
default,Evaluation,starfit,1783,2797.9,43.3,-19.166913344424792,0.8392935715942849,55.2,1.1,-782.0661590408808,0.8128255013418935,2.26376099344102e-5,0.8138621178911378
default,Fitting,gdrom,1783,193.5,18,-0.1765454304126377,0.9590373401861854,1.4,-0,-2.7435022528374176,0.9676341150632494,8.638637727527402e-5,0.9681005088913694
default,Fitting,h06,1783,1610.3,57.8,-13.393280537616958,0.7402325922734503,16.2,0,-258.35733030178926,0.665902313994461,0.008595934546007105,0.665902651054342
default,Fitting,natlake,1783,3417.5,17.6,-0.658418696938577,0.9592709521704568,124.1,-0.1,-1167.157513709751,0.9690901986354162,3.540062482904022e-4,0.9695942237845875
default,Fitting,rulebasedloc200,1783,3410,18.4,-1.0162629570562114,0.9568930930073267,123.6,-0.1,-1162.0118419854286,0.9661890265894879,0.0011112037476455395,0.9667159878350364
default,Fitting,sdp,1783,3419.1,17.5,-0.6532640133494791,0.9597552655390227,124.2,-0.1,-1168.2170310153297,0.969226794146825,2.499354422756257e-4,0.9697114288362271
default,Fitting,starfit,1783,2420.5,46,-15.154055771841609,0.8213506280653861,62.2,0.8,-585.0083605889386,0.7882541530409782,7.71242046514521e-4,0.7891053606750386
fitted,Evaluation,gdrom,1783,193.9,17.1,-0.18751314130859065,0.9832314858512873,-0.4,0,-2.761780741374884,0.9707522545067699,0.0010645794627993528,0.9707966173858735
fitted,Evaluation,h06,1783,1652.7,56,-14.220729225567766,0.7609079566922516,-7.9,0.1,-272.2260961793657,0.6862205157947707,0.011649818574390906,0.6862472837127195
fitted,Evaluation,natlake,1783,2256.4,42.8,-14.8687013516045,0.8485237764862884,45.1,-0.1,-508.27514402495893,0.8165455993232382,0.0021390944266895763,0.8169849876628729
fitted,Evaluation,rulebasedloc200,1783,1444.2,47.8,-12.304671888511796,0.8775706087911964,6.3,0.1,-207.61861774885568,0.7719309293694866,1.342818148077104e-4,0.778829569505953
fitted,Evaluation,sdp,1783,4039.7,16.7,-0.6015687799589384,0.9707939429232225,121.7,-0.2,-1631.3494352624257,0.9720576029741523,7.722645910122182e-4,0.9721972873972278
fitted,Evaluation,starfit,1783,1179,44.4,-8.942965554373338,0.8200807689214218,-13,0.2,-138.04055691415746,0.8029722945175862,0.0015443313959986977,0.804992091365062
fitted,Fitting,gdrom,1783,316.1,18.2,-1.2673749368750626,0.9755300790707055,-0.7,0,-8.996844666237358,0.9669931664708437,0.006014850215933274,0.9669948582009031
fitted,Fitting,h06,1783,1560.9,57.6,-13.33292954325591,0.7406912929277516,9,0,-242.6713323376329,0.6679981102414305,0.008261319337861655,0.6679999643382192
fitted,Fitting,natlake,1783,2012.2,43.9,-11.215018187238401,0.8388428386190464,54.8,-0.1,-403.96518529432757,0.8070385988411843,0.017414523479165608,0.8076164119540383
fitted,Fitting,rulebasedloc200,1783,1269.6,47.3,-10.098219243104825,0.8687730860895636,14,-0,-160.2285733325872,0.7763208862716254,2.3996100563179822e-5,0.7796447473952695
fitted,Fitting,sdp,1783,3419.1,17.5,-0.6529076399103073,0.9597525351589119,124.2,-0.1,-1168.2143807123678,0.969226908007659,2.5075243743715554e-4,0.9697116802559589
fitted,Fitting,starfit,1783,1064.9,48.6,-8.238514099159953,0.7903547526183267,-11,0.3,-112.42903404374235,0.7638224549937626,7.452215335977424e-4,0.7657167872410062
default,Evaluation,gdrom,1788,132.6,NA,0.9099295977273931,NA,-8.9,NA,-0.7590535724862597,NA,0.9832183907975264,NA
default,Evaluation,sdp,1788,1333.9,NA,0.0738501422388399,NA,-89.6,NA,-176.96659861682082,NA,0.5891440228257356,NA
default,Evaluation,starfit,1788,64,NA,0.9569325925554817,NA,4.3,NA,0.5901312011366572,NA,0.9996385200906731,NA
default,Fitting,gdrom,1788,57.4,NA,0.8186720075128667,NA,-0.3,NA,0.6702117732430246,NA,0.7374323955700274,NA
default,Fitting,sdp,1788,1183,NA,-1.0800917573001527,NA,-83.8,NA,-138.97425887036334,NA,0.05152853301544578,NA
default,Fitting,starfit,1788,53.4,NA,0.9611743162508336,NA,3.9,NA,0.7147148328235327,NA,0.9986628471012844,NA
fitted,Evaluation,gdrom,1788,1113.2,NA,-1.9075422374974136,NA,-70.8,NA,-122.95415686403983,NA,0.050030763516593676,NA
fitted,Evaluation,sdp,1788,627.7,NA,-0.5653631538489778,NA,-39.6,NA,-38.40691715696686,NA,0.17854856204261035,NA
fitted,Evaluation,starfit,1788,16.6,NA,0.9888345289287702,NA,-1.1,NA,0.9723996509431876,NA,0.9999350211087487,NA
fitted,Fitting,gdrom,1788,1146.4,NA,-1.3068288455692842,NA,-80.7,NA,-130.4392395398397,NA,0.07095161183412294,NA
fitted,Fitting,sdp,1788,555.3,NA,-0.7164773307258887,NA,-36.5,NA,-29.838658603846383,NA,0.13789245723276317,NA
fitted,Fitting,starfit,1788,53.4,NA,0.9611743162508336,NA,3.9,NA,0.7147148328235327,NA,0.9986628471012844,NA
default,Evaluation,gdrom,1796,101.5,101.6,0.5542371857685173,0.4574365549456135,-2.9,0.3,-0.03131134098553079,-0.033160649013982635,0.40863653245548864,0.21107725465045904
default,Evaluation,h06,1796,777.7,128.7,-5.742212935109361,0.08983149840197091,28,6.5,-59.50226364209987,-0.657434384192982,0.0987310540740166,0.00929982640604774
default,Evaluation,natlake,1796,642.7,97.4,-1.1741407980929712,0.24577328925745778,73.8,1.5,-40.31748113237344,0.05070141591822619,0.36921271589127136,0.12249425933115302
default,Evaluation,rulebasedloc200,1796,1095.1,121.1,-0.575320829039653,0.2977308688271514,135.7,0.1,-118.95979901579695,-0.46718941015969806,0.22404402810838236,0.08951793289515989
default,Evaluation,sdp,1796,688,108.5,-2.2864606175245425,0.13045769496519455,70.7,1.5,-46.34459111937996,-0.17711814440577167,0.1203468210947892,0.03934541920579299
default,Evaluation,starfit,1796,64.6,73.1,0.8071928350618214,0.5120824710516132,-2.6,0.3,0.582856916032434,0.4651596565905247,0.6556309876343853,0.4683468973945647
default,Fitting,gdrom,1796,136.6,86.4,0.27756200156290756,0.5566396175146343,5.4,-0,-0.8652971157957878,0.25268516763181215,0.268047570681026,0.33422332899062673
default,Fitting,h06,1796,547.2,127.9,-3.0780082869641188,0.110583340513283,49,0.6,-28.95094964564535,-0.6349190498542503,0.1687845879581929,0.013058857117777281
default,Fitting,natlake,1796,555.5,122,-0.6604940101864034,0.18515281905285974,90.4,-1.4,-29.866920445865752,-0.48856251653352367,0.37661606693635324,0.036033630680311
default,Fitting,rulebasedloc200,1796,819.6,143.7,-0.5102510801179756,0.15495510329975504,140.5,-1.9,-66.19390127422412,-1.0666464273318534,0.22917540696118874,0.03609336164876272
default,Fitting,sdp,1796,653.6,134.1,-0.8515843384433486,0.12470919573074768,107,-1.5,-41.72687265506893,-0.7997115612584658,0.236518998233668,0.015699022269620118
default,Fitting,starfit,1796,64,73.3,0.8062454140407382,0.5002509277067553,2.2,-0,0.59051663660699,0.46311905180053825,0.6621301583156388,0.46825929312842596
fitted,Evaluation,gdrom,1796,54.8,69.9,0.8960281804422546,0.750288678945958,-4.3,0.2,0.6998123425399595,0.5115162395502744,0.8318521903044656,0.5641052128018857
fitted,Evaluation,h06,1796,362.9,81.4,-0.169879114362935,0.4122137227196734,-39.1,2.8,-12.174944665624022,0.337005401997875,0.03927960653097517,0.33741357543953554
fitted,Evaluation,natlake,1796,129.4,73.4,0.27140838906329334,0.47830829466931846,-8.5,0.7,-0.6744001876754167,0.4604570287995934,0.6136625698638465,0.47113893938870405
fitted,Evaluation,rulebasedloc200,1796,738.4,85.9,-0.26548499865677444,0.5368002642486953,90.2,-2.7,-53.54354309509751,0.26168283933816305,0.1609151754912052,0.3267004061052884
fitted,Evaluation,sdp,1796,505.8,97.8,-1.1726695576764348,0.1662553272995011,53.5,-0.5,-24.588007817915013,0.042915168801358705,0.2411232459279559,0.09471592088845006
fitted,Evaluation,starfit,1796,67.6,73.6,0.7856441451683316,0.49717527341027967,-3.2,0.3,0.5430155016053622,0.45764876912871966,0.6314656471329196,0.46222293968164435
fitted,Fitting,gdrom,1796,29.5,57.8,0.9545588186892954,0.8194943159343668,0.5,0,0.9132398149503512,0.6657010667403103,0.9176132242976661,0.681864804355739
fitted,Fitting,h06,1796,189.2,81.7,0.061778601977237724,0.41190044150229443,17.1,-0,-2.581228229833702,0.3329962949780103,0.0721112798921966,0.33319136970794905
fitted,Fitting,natlake,1796,90.7,79.8,0.5041052627101703,0.47839571430129235,0,-0,0.17763765776026452,0.3638301311727341,0.6158600804409762,0.36666156776790026
fitted,Fitting,rulebasedloc200,1796,569.1,94.3,-0.049136111203516464,0.5110058803211595,97.3,-1.4,-31.398119766790224,0.1105950243150382,0.37409854689259836,0.2688038485528521
fitted,Fitting,sdp,1796,288.2,108.1,-1.1067999896580947,0.19780046727250378,16.4,-0.4,-7.307192233043958,-0.1686349711341022,0.2076370926696405,0.060684381717582336
fitted,Fitting,starfit,1796,69.5,74.6,0.7610075800837003,0.47985903977112043,2.3,-0,0.5171086364634477,0.44278427961165,0.644440161691819,0.44775348929303793
default,Evaluation,gdrom,1797,137.3,18.4,0.03406135499504337,0.98293078187997,1.1,-0.1,-0.8865813657093937,0.9660273068153026,0.0012186640843470599,0.9662729145437673
default,Evaluation,h06,1797,798.2,54,-2.6101429265197145,0.770351452219879,43,-0,-62.72871825665337,0.7078464815332896,0.018141686205508472,0.707901905878221
default,Evaluation,natlake,1797,2205.9,16.5,-0.999736760036007,0.9822214991458585,145.8,0,-485.71578164487147,0.9728696273911978,2.392187477561774e-5,0.9728747891889598
default,Evaluation,rulebasedloc200,1797,2206.6,16.5,-1.0157479066793917,0.9823869403999006,145.9,0,-486.0343932569818,0.9728487173978094,3.03387046225531e-4,0.9728552412744836
default,Evaluation,sdp,1797,2206.7,16.5,-1.0139981617763967,0.982480221988913,145.9,0,-486.1013563330531,0.9727830806535179,0.0012990918255359788,0.9727907878117079
default,Evaluation,starfit,1797,750.7,43.4,-5.327881446746008,0.8451379966366069,11.1,0.4,-55.36511521263493,0.8116499488842694,9.752656076805783e-6,0.8120907402490787
default,Fitting,gdrom,1797,138,19.1,0.09374413393094339,0.9804567478594869,1.3,0,-0.9056729040875862,0.9634851158759923,0.008926251046199976,0.9636209719297479
default,Fitting,h06,1797,979.5,62.8,-3.782952985328019,0.6842104488570175,56.6,0,-94.95452155565417,0.6053773112790194,0.006435329891987052,0.6053850867838018
default,Fitting,natlake,1797,2059.1,19.7,-0.8223379799768173,0.9744284314822231,147.4,-0.2,-423.062924808241,0.9610133440704968,0.0016616586366270966,0.961037741579599
default,Fitting,rulebasedloc200,1797,2056.4,19.1,-0.7348387062811623,0.9733306744786449,147,-0.2,-421.9362382387277,0.9633884937344925,0.009222126436165854,0.9634008785167946
default,Fitting,sdp,1797,2061.5,19.5,-0.8358434286742658,0.9759868043847872,147.6,-0.2,-424.0453400757195,0.9618408363686157,0.0010963559135451011,0.9618782879330701
default,Fitting,starfit,1797,714.4,53.9,-4.828560130540507,0.7521607861538703,11.9,-0.3,-50.04397891275652,0.7099437308537468,0.028562194989868863,0.711208150689528
fitted,Evaluation,gdrom,1797,143.2,23.4,0.16964469650628367,0.9721929324982516,-0.9,-0,-1.0498252156074157,0.9452743899782051,0.042337172536879575,0.9463649568406719
fitted,Evaluation,h06,1797,609.7,53.6,-3.9585005914519558,0.7634611328306146,-6.9,0.1,-36.18426651545528,0.7130748748805064,0.0077225571481610395,0.713617664916647
fitted,Evaluation,natlake,1797,786.2,41.7,-4.9689758009163105,0.8487590724338127,22.6,-0.1,-60.82182099066471,0.8260515456346911,0.026056189560587337,0.8269820625849821
fitted,Evaluation,rulebasedloc200,1797,747.1,65.7,-5.305501692696306,0.7888384501773049,13.1,-0,-54.836204692265625,0.5681093285676972,0.01030190970417223,0.6393960095005131
fitted,Evaluation,sdp,1797,2204.4,19.4,-0.7478256723186723,0.9784826798834316,145.7,-0.4,-485.0734228962411,0.9623591595165909,0.0070621740764585115,0.9624836491599051
fitted,Evaluation,starfit,1797,384.6,37.8,-1.952358345091366,0.8864250052718496,-6.3,-0,-13.79577075213668,0.8568017906488595,0.06586600491557999,0.8569368830393511
fitted,Fitting,gdrom,1797,129,22,0.3941840496211656,0.9751580649218854,-3.4,0,-0.6647040282159851,0.9516688296412147,0.19731835720763682,0.952594876957128
fitted,Fitting,h06,1797,691.4,62.2,-4.445663305315855,0.6725991870286723,17.6,0,-46.811626874054824,0.6129834566089285,0.0017632736788611265,0.6138275599517709
fitted,Fitting,natlake,1797,808.9,49,-4.357713313857168,0.7897262009140334,34.2,-0.2,-64.44257439049346,0.75965518562136225,0.07001675571717234,0.7612355441324798
fitted,Fitting,rulebasedloc200,1797,828,68.8,-4.622043368465605,0.7706659496587839,37.4,-0.1,-67.57195751330212,0.5271536878203292,0.03880782518252108,0.6051605428736241
fitted,Fitting,sdp,1797,2061.5,19.5,-0.8357794566227648,0.9759852903260996,147.6,-0.2,-424.04496363063674,0.9618388830749627,0.0010971992993200547,0.9618763324486804
fitted,Fitting,starfit,1797,387.2,44.9,-1.9995024659560623,0.8330798525962644,-5.5,-0.2,-13.991529540030168,0.7986202165749359,0.05246484978366427,0.7991516397740167
default,Evaluation,gdrom,1800,135.5,68.1,0.2750577381118261,0.7088443788680037,-8.6,1.2,-0.8354892113968335,0.535960928924711,0.4295385968618209,0.5510484452778552
default,Evaluation,h06,1800,551.6,81.3,-3.3202452418923665,0.47599674656037483,39.4,5.7,-29.43208863523561,0.3389768805853145,0.20392144648543795,0.3481230683845178
default,Evaluation,natlake,1800,577.8,77.6,-0.8235534096699908,0.43387501877063595,82.2,1.5,-32.398969551061825,0.3975262069045511,0.1714629229333173,0.4019185693726099
default,Evaluation,rulebasedloc200,1800,829.8,79.2,-2.838064555214546,0.5003899190273362,111.1,0.3,-67.87820484963868,0.37265559129093573,0.302062083780993,0.377315323480352
default,Evaluation,sdp,1800,1106,49.1,-0.8629840742606343,0.8762773789677631,171,0.2,-121.36447030168935,0.7592887150118098,0.3807364268050513,0.7857256101333902
default,Evaluation,starfit,1800,94.4,78.1,0.6268507671590624,0.44737991597366455,4.7,1.6,0.10795126381839248,0.38980715536545196,0.42714857215061103,0.39086839951946706
default,Fitting,gdrom,1800,104,52.1,0.5270531451852178,0.8342723947122541,2.8,-0.3,-0.08154105071966145,0.728432939444672,0.29138210748556614,0.7323575587720443
default,Fitting,h06,1800,769.4,87.2,-3.7840485959390806,0.31073680996460806,65.4,-0.1,-58.20517160470771,0.2402809532715514,0.07499392709826633,0.24205847443566295
default,Fitting,natlake,1800,828.6,75.1,-1.411521884402053,0.521978276218705,92.9,-1.9,-67.6709432085487,0.43533003906489853,0.0028649965834313135,0.43552688333939826
default,Fitting,rulebasedloc200,1800,1147.1,57.7,-0.7497246979976961,0.7850083583512264,137.6,-2,-130.60894397613075,0.6666216706597072,0.0688914160710981,0.6711661965981653
default,Fitting,sdp,1800,1285.2,60.3,-0.8048261112424231,0.8193848976456493,155.4,-2,-164.20528830124644,0.636608456872592,0.01068620242066592,0.688301598890683
default,Fitting,starfit,1800,154.1,78.8,0.10841540994612342,0.41024988839593146,4.6,-0.7,-1.3748832245099338,0.379604669635502,0.27688355508799023,0.3847302218015594
fitted,Evaluation,gdrom,1800,171.8,64.8,0.3020942209172228,0.7633586609906062,-17.5,1.8,-1.9511184136495072,0.5793665656759139,0.16583851197156785,0.6020651249140552
fitted,Evaluation,h06,1800,128.6,84.7,0.31583373087854927,0.33656269258910176,-7,1,-0.6534750905510611,0.28160567750166154,0.10411613121665905,0.2816462423747616
fitted,Evaluation,natlake,1800,144.5,78,0.19413548102084566,0.42679698209610517,-3.4,-0.6,-1.087418949007564,0.39190494436533807,0.06537837352233176,0.3964129075718504
fitted,Evaluation,rulebasedloc200,1800,547.7,80.4,-2.6472185353986437,0.5272036691604298,56.6,-2.7,-29.006613742224136,0.353370616430669,0.3338054409288103,0.3700794578715082
fitted,Evaluation,sdp,1800,702.4,73.8,-2.6497756668683916,0.5645554094131746,89,-4.1,-48.356300025966,0.4551502281787606,0.30543509630479443,0.457097684253157
fitted,Evaluation,starfit,1800,85.3,72,0.6596387768788202,0.5311774338758843,3.2,0.1,0.2721117077721341,0.4817777585685121,0.4373716328069024,0.48460273998258996
fitted,Fitting,gdrom,1800,169.7,56.8,0.30030724858101954,0.8380937964482236,-13.3,-0.3,-1.8805926879440555,0.6771229620743174,0.13888820327754534,0.7024885315182489
fitted,Fitting,h06,1800,175.1,80.2,0.17397425174657488,0.42723645568463653,12.5,-0.2,-2.0678871823697387,0.35633888208004705,0.04940607394615061,0.3563552409991013
fitted,Fitting,natlake,1800,231.2,71,-0.49941895236613254,0.5236316021644696,1.3,-0.5,-4.3456649985269085,0.49556117436391234,0.04690267092747138,0.5030765583159921
fitted,Fitting,rulebasedloc200,1800,784.8,56.5,-0.23906106668455962,0.8196314890564931,93.6,-1.4,-60.60507725872116,0.6804129775752961,0.15148095239241505,0.6915793837430689
fitted,Fitting,sdp,1800,1149.5,61.8,-0.8453406097449321,0.7924898053977455,137.5,-2,-131.16688446770303,0.6174327857611133,0.020340236255009865,0.6398144649804834
fitted,Fitting,starfit,1800,82.2,71.3,0.6446244386377449,0.5376567379848196,-0.1,-0.2,0.3245277086080083,0.49215098506871424,0.5767413025572121,0.49566057006521475
default,Evaluation,gdrom,1801,484.8,55,0.20419425598205898,0.7691260394353199,-72.6,1,-22.509000664865706,0.6972966503932231,0.5231583471789019,0.6975006944142035
default,Evaluation,h06,1801,606.2,100.5,-2.8250637273838044,0.3379218880021966,58.7,2.7,-35.762268986401274,-0.011143628440456022,0.011400509172333616,0.1438711686466307
default,Evaluation,natlake,1801,592.9,87.2,-0.5417626574617809,0.3074714434751631,84.5,1.3,-34.16648967378814,0.23982629810032163,0.0025575528159986556,0.24161624357700784
default,Evaluation,rulebasedloc200,1801,564.8,81.2,-3.3281361620165333,0.47560565295606083,36.7,-0.4,-30.903577300048678,0.3409222783586646,0.05339420919956865,0.34791228675491576
default,Evaluation,sdp,1801,1011,58,-0.9632993643295995,0.7681975424122455,152.9,-0.1,-101.24649206687839,0.6629523173895202,0.0449279640968876,0.6649207146903016
default,Evaluation,starfit,1801,80.2,66.6,0.6238444475112939,0.6565709636753014,-0.4,0.7,0.35604703242695146,0.5568340298977046,0.6284634072220149,0.5574125509208677
default,Fitting,gdrom,1801,366.1,55.7,-0.053596533591586004,0.7872054260464239,-74.3,0.8,-12.402512361370567,0.6895322105071847,0.10868897445659569,0.691236529096562
default,Fitting,h06,1801,557.1,98.9,-1.1962553442882609,0.2713599426409855,106.1,0.5,-30.03698866158813,0.021452712236004867,0.029250909081882298,0.12301464408605958
default,Fitting,natlake,1801,525.9,88.6,-0.4745334691548513,0.30210708555345567,109.9,-2,-26.657065146033478,0.21556728114772739,0.002558824476195624,0.22202917446203335
default,Fitting,rulebasedloc200,1801,593.3,82.2,-2.050105572026219,0.47357379198577687,100.3,-1.8,-34.20650144747804,0.32487021923236736,0.01021569723236231,0.33637424311485337
default,Fitting,sdp,1801,784.1,75.5,-1.0016996936167453,0.6835477440815705,169.9,-2.1,-60.48612362046427,0.4303256090574764,0.002067527648216505,0.48236984474950534
default,Fitting,starfit,1801,88.1,65.2,0.7043568151804053,0.6502823829560129,10.7,-0.4,0.22449806258251115,0.574733325173315,0.5259354957358756,0.5748851364813728
fitted,Evaluation,gdrom,1801,115.9,58.4,0.4466969599899334,0.8138248099962602,6.6,-0.6,-0.3447714139713258,0.6591135725468142,0.4381996039954684,0.6749723884742166
fitted,Evaluation,h06,1801,136.2,70.4,-0.013409298593011654,0.5456837824719131,-11.2,-0.1,-0.8548243986845729,0.504297081313991,0.004079688099935283,0.5085822802403581
fitted,Evaluation,natlake,1801,158.6,75.2,-0.15528812293817218,0.49822821739111056,-12.1,-0.1,-1.5146472531797333,0.43443602501739387,0.0178451505494551,0.4352506954171301
fitted,Evaluation,rulebasedloc200,1801,325.2,77.9,-1.2465241416504944,0.490264725867393,20.8,-1.1,-9.577610981075784,0.3931939307808484,0.11702296426854376,0.39399942232606955
fitted,Evaluation,sdp,1801,907.8,72.2,-0.9196422561706452,0.6202446347583762,133.9,-3.9,-81.42458736172912,0.47854000326831225,0.019535319310312712,0.48713515538850033
fitted,Evaluation,starfit,1801,77.5,64.7,0.6681791682192242,0.6685945179863448,-6,0.1,0.399001978603584,0.5808991721113599,0.7443474160124433,0.5809511728180717
fitted,Fitting,gdrom,1801,76.1,59,0.691558276010533,0.8176107777284898,-0.5,-0.3,0.4207616868788855,0.652054786737368,0.6115221058543806,0.6734777562927045
fitted,Fitting,h06,1801,138.9,70.6,-0.07217922549618017,0.5727078438826572,14.8,0.1,-0.9305139513418137,0.5014019619549276,1.2982653976481765e-4,0.5018364954767998
fitted,Fitting,natlake,1801,118.5,74.6,-0.12432366844961962,0.5332449104438112,0.1,-0.3,-0.4043361297356407,0.4433171904043929,0.0022183235212629633,0.4434152634764272
fitted,Fitting,rulebasedloc200,1801,387,78.2,-0.7522737357766522,0.5245053268622271,66.6,-1.5,-13.981809910031611,0.3883308233351498,0.06020509891307854,0.39463166349574264
fitted,Fitting,sdp,1801,769.5,77.7,-0.9575232914427361,0.6419905463766653,166.4,-2.1,-58.22898334236056,0.3959011165987356,2.941734420559416e-4,0.44183481528408614
fitted,Fitting,starfit,1801,65.7,62.9,0.7778822456860458,0.6746528605212003,4.4,-0.3,0.5687518571823638,0.6043336338299877,0.6288196957529706,0.6045783660128844
default,Evaluation,gdrom,1818,216.8,48.1,0.18564751108708577,0.7783723924658025,-36.2,0.4,-3.7024794564308197,0.7688929811428589,0.2937504017008427,0.7731742311010159
default,Evaluation,h06,1818,571.8,71.7,-1.1489451468531469,0.47381343313517277,106.3,1.2,-31.70454642222714,0.48606852327951255,0.019823854612390873,0.5109667965159486
default,Evaluation,natlake,1818,770.8,61.9,-0.8923571445931562,0.64523821287677,158.7,0.2,-58.42913532152294,0.6168487300378436,0.002963885134801445,0.622331360131284
default,Evaluation,rulebasedloc200,1818,704.6,71.6,-2.8073740678393144,0.5652923169205388,115.3,2.2,-48.66527210756274,0.48753964743574196,0.04079573676516368,0.48869533231541556
default,Evaluation,sdp,1818,898.9,45.6,-1.273472221492777,0.8165752870567079,188.5,-0,-79.81686963913735,0.7920630459177495,0.041161654497492386,0.7935205889586991
default,Evaluation,starfit,1818,116.2,67,0.26997137134512283,0.6326482686871806,-0.9,0.9,-0.35102091367234056,0.550639969060225,0.5424765438904298,0.5508403410274368
default,Fitting,gdrom,1818,134.9,54.8,0.44467741746240186,0.7655813264149864,-22.4,0.1,-0.8201453632765079,0.6993332789067523,0.3232487406183493,0.6993515160022752
default,Fitting,h06,1818,542.9,73.8,-0.7559422985406301,0.4854139841478424,144.4,0,-28.47915624389566,0.45489169113079786,3.7179764456005327e-4,0.46160583424127516
default,Fitting,natlake,1818,676.7,72.8,-1.1939445448957304,0.60352292705425,184.1,-1.2,-44.80019032750131,0.4693769300389058,0.024711987144305923,0.474223169813692
default,Fitting,rulebasedloc200,1818,713.5,65.9,-1.2050158465680836,0.6784470401233527,195.4,-1.2,-49.91315372646523,0.5650002608362432,0.0032304192141015867,0.5671647725423429
default,Fitting,sdp,1818,721.5,63.3,-1.2638854762671081,0.7515515328971537,198,-1.2,-51.07128255017597,0.5995364153438321,0.004036517643639541,0.6103211718620328
default,Fitting,starfit,1818,97.9,71.8,0.4977746639533486,0.5776735253152143,9.7,-0.4,0.042339937512050674,0.48493509894665865,0.603052804138934,0.4850868951208299
fitted,Evaluation,gdrom,1818,122.6,52.6,0.35827262548769667,0.8158143630544038,5.2,-0,-0.5037792607971798,0.7228778126693666,0.3636033091723377,0.7245027500640107
fitted,Evaluation,h06,1818,119.7,69.8,-0.1693841914586911,0.5592273574816151,10,0.1,-0.4337907879343299,0.5127089284703827,3.835863842912482e-4,0.5160037767756624
fitted,Evaluation,natlake,1818,142,67.8,-0.0038330241470747595,0.5704221352477159,-11.4,-0.1,-1.0182684208924995,0.5403305940281118,1.3860439511842725e-4,0.5469163004943439
fitted,Evaluation,rulebasedloc200,1818,355.7,75.9,-1.671964889599475,0.5274616746737847,27.3,0.3,-11.654685961956542,0.42331616892015345,0.1651107922576749,0.4242212183943454
fitted,Evaluation,sdp,1818,881.7,52.2,-1.0006961180607594,0.7851746773146819,184.3,-2.2,-76.76308269856241,0.7272849091974184,0.05174109321234459,0.7284276097291701
fitted,Evaluation,starfit,1818,79.6,62.3,0.5549517651577656,0.6671394529086201,-7.6,0.3,0.36573998889621506,0.6111424322911125,0.784123584087976,0.6123465743590688
fitted,Fitting,gdrom,1818,101.8,56.6,0.4857928336914594,0.8141054688572846,-0.5,0.1,-0.03582026185091447,0.680050070087605,0.4817126170368262,0.6890049626607957
fitted,Fitting,h06,1818,129.8,71.5,-0.2543680907890902,0.5496761700577988,21.8,-0,-0.6860767306208582,0.4880042230500339,5.453041087808788e-5,0.48921399654432535
fitted,Fitting,natlake,1818,123.5,70,-0.2576899823693619,0.5565354847296017,0.8,-0.3,-0.5261482406334665,0.5098440279660358,0.03259046537485884,0.5131432049907666
fitted,Fitting,rulebasedloc200,1818,340.9,76.2,-0.593954090198092,0.5495246860731113,74.7,-0.9,-10.62464610716904,0.4185190312659286,0.15510133109466626,0.42305003902319316
fitted,Fitting,sdp,1818,721.3,62.6,-1.256979337169264,0.7514127846880208,197.9,-1.2,-51.03515469916394,0.6078767941682921,0.004425157393056568,0.6164931522610864
fitted,Fitting,starfit,1818,58.2,66.8,0.7706507971125516,0.6088779040934842,0.7,-0.1,0.6615119035527519,0.5543368740744212,0.7630988298269726,0.5561941215788347
default,Evaluation,gdrom,1822,249.4,14.8,-0.06412701319172043,0.9860425948256706,25.2,-0.1,-5.223972385742667,0.9779970355911428,5.404481536257919e-6,0.9780062089912978
default,Evaluation,h06,1822,484.7,51,-2.7080901897939236,0.80204803148306,12.4,-0.1,-22.50299697530377,0.7393520899048898,0.013603408952177725,0.7393552153214568
default,Evaluation,natlake,1822,1290.1,13.5,-1.213193673202979,0.9849357704883928,169.5,-0,-165.47534041986947,0.9816747386460511,1.8701372406682978e-4,0.9816822063856614
default,Evaluation,rulebasedloc200,1822,1290.1,13.5,-1.213405119763281,0.9849381993206916,169.5,-0,-165.47552589163337,0.9816759112126312,1.8701372406682972e-4,0.9816833678934155
default,Evaluation,sdp,1822,1290.1,13.5,-1.2072564255718903,0.9849391377935632,169.5,-0,-165.475596588259,0.9816762008568473,NA,0.9816836524671818
default,Evaluation,starfit,1822,748.4,33.2,-4.290741612611855,0.9112581085266243,50.9,-0,-55.02966598550519,0.889581465738431,0.04533546133627088,0.8897130089887152
default,Fitting,gdrom,1822,397.5,14.9,-1.8934286837205754,0.9887535400560797,10.9,0,-14.807463036481938,0.9777095920686124,0.00846559249728044,0.9778052555249247
default,Fitting,h06,1822,570.6,54.9,-3.1950728942085718,0.7663419554904486,32.5,0.1,-31.55967781727705,0.6985435276300711,0.004541612068668398,0.6985489326271467
default,Fitting,natlake,1822,1239.2,15,-1.123955608940789,0.9870048716952227,172.1,-0.1,-152.58708994747775,0.9775607537238218,7.33744431203881e-4,0.9775882327887732
default,Fitting,rulebasedloc200,1822,1238.3,14.8,-1.0288304542927178,0.9862170887459644,171.9,-0.1,-152.36274487639287,0.9781762241277877,0.001926383870910482,0.9781868637039912
default,Fitting,sdp,1822,1239.2,15,-1.1248088816743613,0.9869991510296465,172.1,-0.1,-152.59183281482586,0.9774350139969101,7.018255219886895e-4,0.9774641045303311
default,Fitting,starfit,1822,794.5,37.1,-4.248882112870963,0.8875218584779729,66.4,-0.1,-62.13686610743754,0.8626687674939891,0.05030407631134912,0.8629315039056109
fitted,Evaluation,gdrom,1822,125.2,14.3,0.1248363925740541,0.9875095942953929,3,-0,-0.5681219572740299,0.9794767239362044,0.018402808411906512,0.9794878763227041
fitted,Evaluation,h06,1822,476,50.8,-2.698490162197401,0.8014795106582908,-4.3,-0.1,-21.663893805128463,0.7415937062282578,0.014368129992211402,0.7416049123594612
fitted,Evaluation,natlake,1822,840.1,30.2,-2.428429552182353,0.9227370868114766,94.3,-0.2,-69.596128107835,0.9087172466470441,0.05799513196587558,0.908950753979993
fitted,Evaluation,rulebasedloc200,1822,432.1,46.3,-2.222789405373658,0.8933519287494683,16.1,-0,-17.676182617543727,0.7854311309948288,0.002995917093080437,0.7988758064042633
fitted,Evaluation,sdp,1822,1289.5,16.1,-1.0858321940174132,0.9826763468423757,169.4,-0.2,-165.31734765926888,0.9739775280890509,0.0014419019147585072,0.9739925718862407
fitted,Evaluation,starfit,1822,297.5,35.8,-1.0035477255737404,0.9118749726260644,-18.1,0,-7.855282871006599,0.8718141874796999,0.1881115931562008,0.871880581778448
fitted,Fitting,gdrom,1822,119.6,14.6,0.18906541390623222,0.9860866003704087,0.9,0,-0.43056773567265183,0.9787352971759234,0.03919775299586073,0.978738466198125
fitted,Fitting,h06,1822,530.8,54.5,-3.1448032411654188,0.7649078864580493,17.6,0.1,-27.185235577211778,0.7033748218952913,0.0028451590144423695,0.7034722340540054
fitted,Fitting,natlake,1822,897.5,30.5,-2.0090158073439124,0.9187606998791702,112.9,-0.1,-79.5722140033621,0.9069627148252195,0.053543322313425734,0.9073060076963193
fitted,Fitting,rulebasedloc200,1822,493.4,40.6,-2.0378391147161397,0.9148261601420428,43.7,-0.1,-23.34611440782783,0.8354280425617783,0.04752833715741475,0.8399074591763901
fitted,Fitting,sdp,1822,1239.2,15,-1.1241497092140809,0.987007183934544,172.1,-0.1,-152.59045388718172,0.9774943756064982,7.111420748613137e-4,0.9775227937805242
fitted,Fitting,starfit,1822,328.3,42.4,-1.3661650440158626,0.8671048942179651,-15.5,0.1,-9.78296297297327,0.8199555269797664,0.10177807143740634,0.8199611973469954
default,Evaluation,gdrom,1823,469.9,29.3,-1.147159847538139,0.9475613827242223,24.8,-0.1,-21.08264148742742,0.914356295093265,0.0024716296781798442,0.914571265723025
default,Evaluation,h06,1823,877.7,68.6,-2.220476423748797,0.6017326148994127,53.3,0,-76.063021570735,0.5298176245565454,0.003608888463499574,0.5301859397983887
default,Evaluation,natlake,1823,1757.9,25.5,-0.6900823093800599,0.9532425368060964,121.2,0,-308.0893332895319,0.9348906253251754,0.0036331058081342446,0.934890649352431
default,Evaluation,rulebasedloc200,1823,1768.5,24.9,-0.8819807519237333,0.9564566553707626,122,0,-311.8592156618915,0.9378373784764719,0.012776306264023537,0.9378399515372114
default,Evaluation,sdp,1823,1770.8,24.9,-0.8756795233778718,0.9576387975001053,122.1,0,-312.6630204406819,0.9382127359814258,1.7351331955599788e-4,0.9382213234729381
default,Evaluation,starfit,1823,395.8,59.6,-1.9947519826380549,0.6982471943465177,1.1,0.5,-14.668734183368507,0.6445777341393353,4.0578308283051265e-5,0.6456880946221994
default,Fitting,gdrom,1823,1103.4,28.7,-2.9890833040513436,0.9573862160091251,68.2,-0.1,-120.77055054568832,0.9174457444209564,0.007355501050236262,0.9202909637979098
default,Fitting,h06,1823,1026.4,68.7,-2.0924197017986383,0.6044671913509198,65.6,-0.1,-104.37005819000917,0.5281080490907558,0.005682610399738717,0.528275870031353
default,Fitting,natlake,1823,1773.3,26.5,-0.662165347924156,0.9604808108353644,122.4,-0.3,-313.5193346823042,0.9295916493101427,7.0604634287689e-4,0.9299704784619476
default,Fitting,rulebasedloc200,1823,1774.3,25.3,-0.6227354139125274,0.9630411460106122,122.4,-0.3,-313.8766716935681,0.9361230120004849,8.412447559446325e-5,0.9363616442739078
default,Fitting,sdp,1823,1777.3,25.9,-0.7059530691443037,0.9634909273954283,122.7,-0.3,-314.9197180264634,0.9329402958996428,9.301873617461184e-5,0.9333889050808488
default,Fitting,starfit,1823,444.3,58.4,-2.552459865917245,0.7035724062726852,4.3,-0.4,-18.745104237171223,0.658922607319941,0.027338268900913586,0.6607757799704103
fitted,Evaluation,gdrom,1823,118.6,28.7,0.4067950679837744,0.95879737551954,-1.9,-0,-0.40601932751811365,0.9175356567562838,0.17942698555169034,0.9194338315990221
fitted,Evaluation,h06,1823,304.4,68.7,-1.0361606872783122,0.6085842306301468,-4.5,-0.1,-8.270436587334535,0.5285316590818687,0.004448441234711652,0.5285904563997257
fitted,Evaluation,natlake,1823,463,58.4,-2.3971781617479824,0.7026434045180794,-5.9,0.1,-20.442325642357194,0.6589529813837384,0.10293901257514475,0.6609006579435015
fitted,Evaluation,rulebasedloc200,1823,659.3,102.3,-4.478698483822991,0.5355147606848009,8.9,-0.1,-42.47421105555724,-0.04639730748437976,9.163729610180566e-6,0.33912673889468353
fitted,Evaluation,sdp,1823,1768.1,28,-0.5610452433794366,0.9512724491802858,121.9,-0.6,-311.7158701729494,0.9218351663424237,0.007759236223168674,0.9220534618202144
fitted,Evaluation,starfit,1823,166.4,51.2,0.18650842698830494,0.7608100394915925,-6.7,-0.1,-1.7689518282750596,0.7374947877650827,0.37134658733940706,0.7405035176298498
fitted,Fitting,gdrom,1823,106.1,30,0.4632498748009868,0.9551000426973876,0.3,-0,-0.12617160360644464,0.9102261111366222,0.21676204104536917,0.9122212564147019
fitted,Fitting,h06,1823,306.4,69.4,-0.998297759606982,0.6012919389162389,7.6,-0,-8.39011716036862,0.5183468664762354,0.010878404736729293,0.518361580542532
fitted,Fitting,natlake,1823,441.2,56.5,-2.316315247973918,0.7196332259402093,5.6,-0.1,-18.47043931504261,0.680159427485425,0.008163507302635901,0.6822610869270498
fitted,Fitting,rulebasedloc200,1823,739.9,95.1,-3.9684004089382396,0.58219634857367,31.7,-0.1,-53.761642861837096,0.09517045559817605,0.027402884072470962,0.43442229678318434
fitted,Fitting,sdp,1823,1777.2,25.8,-0.7037706527054897,0.963549174610781,122.7,-0.3,-314.9027172250343,0.9332137705239619,9.323890171828095e-5,0.9336493119056022
fitted,Fitting,starfit,1823,246.9,52.1,-0.7017476272754632,0.7593254783832754,-5.4,-0.2,-5.096977530919277,0.7288314670560545,0.1970054351232564,0.7310565356765095
default,Evaluation,gdrom,1824,341.8,11.9,-0.6461794242649046,0.9923927187275761,-20.7,-0.1,-10.686691988215328,0.9858673988540049,0.0012802745561344324,0.9858875448929415
default,Evaluation,h06,1824,803.7,50.3,-6.003805271601674,0.8074444273814181,5.3,-0.1,-63.61705459195318,0.7472337340606149,6.56030409675376e-4,0.7472366407412768
default,Evaluation,natlake,1824,1773.1,11.1,-1.1192993840484364,0.9926999139955832,156.3,0,-313.4777280303134,0.987619392511157,6.338139220119773e-4,0.9876250038073353
default,Evaluation,rulebasedloc200,1824,1773.1,11.1,-1.1162539522390063,0.9927006910238448,156.3,0,-313.47860567317343,0.9876182824296239,3.274992862675433e-4,0.9876239075483929
default,Evaluation,sdp,1824,1773.1,11.1,NA,0.9927009092199652,156.3,0,-313.47873953755624,0.9876180594950345,NA,0.9876236879490248
default,Evaluation,starfit,1824,1036.4,33.2,-6.773097125472861,0.9136171870076442,47.7,0,-106.44912741576685,0.8896866788708045,0.011811399573883085,0.8897574853165113
default,Fitting,gdrom,1824,378.3,10.6,-1.7754400910193784,0.9934030430127274,-1.3,0,-13.314540344210515,0.9888048675028857,0.009776832413028722,0.9888874709230734
default,Fitting,h06,1824,856.6,51,-6.588015625113638,0.7980889203727048,8.4,0.1,-72.39592749804412,0.7397991338269854,0.005296341628550616,0.7398343929762553
default,Fitting,natlake,1824,1779.8,10.9,-1.024659899556855,0.9932903483788404,160.7,-0.1,-315.8205148334358,0.9882234482079391,3.1357359118255814e-4,0.9882337438271384
default,Fitting,rulebasedloc200,1824,1778.9,10.7,-0.924882296841185,0.9928194911812382,160.6,-0.1,-315.5174052271164,0.9886289963652686,7.486396434051178e-4,0.9886329604380675
default,Fitting,sdp,1824,1779.8,10.9,-1.023794874882591,0.9932979578047423,160.7,-0.1,-315.8322749404408,0.9882045974312533,3.4944480794164216e-4,0.9882151926102501
default,Fitting,starfit,1824,1160.1,31,-6.747924874662658,0.9209311787591471,68.8,-0.1,-133.60475904632398,0.9038703224382525,0.0029821340924823716,0.9040334065204458
fitted,Evaluation,gdrom,1824,119,11.6,-0.05500391567607221,0.9925709158517033,3.8,-0,-0.41616353435629594,0.986430717786445,0.002916461137670149,0.9864452392688288
fitted,Evaluation,h06,1824,799,50.1,-5.960041059808705,0.8063520821686601,-4.7,-0.1,-62.85911627153762,0.7485407065885679,7.003712911062476e-4,0.7485597491559949
fitted,Evaluation,natlake,1824,1106.2,29.8,-4.433673285109256,0.9287108061878637,79,-0.2,-121.39772746678327,0.9112975652552212,0.03210071094727125,0.91139690501807
fitted,Evaluation,rulebasedloc200,1824,596.4,45.2,-3.868434237861189,0.8983747941016217,15.6,-0.1,-34.573401006775605,0.7956214361814199,0.03455028818141571,0.8084738889856788
fitted,Evaluation,sdp,1824,1772.3,13.1,-0.9409084637516245,0.9906060450866851,156.2,-0.2,-313.192375957146,0.9828953496612418,0.0015074305410933183,0.9829294159324865
fitted,Evaluation,starfit,1824,382.7,31.7,-1.4289001690113894,0.9373044821386239,-20.4,0,-13.650425673147009,0.8994047640537653,0.1955846209006686,0.8996527333036878
fitted,Fitting,gdrom,1824,128.2,10.1,0.06362823740965484,0.9925579046207945,4.2,-0,-0.6430246308716343,0.9897723573506333,0.009323083338923066,0.9897724463838304
fitted,Fitting,h06,1824,852,50.9,-6.596820478936004,0.7975656624752414,4.3,0.1,-71.60810924615711,0.7413228486982698,0.008645288494046728,0.7413931331270552
fitted,Fitting,natlake,1824,1241.4,26.8,-3.7483303874503555,0.9398264437765462,99.6,-0.1,-153.13125182633618,0.9283820133676347,0.017541470154494424,0.9285158535477598
fitted,Fitting,rulebasedloc200,1824,706.8,35.2,-3.764869466148321,0.9330091527206372,39.6,-0.1,-48.96359253074604,0.876378799858665,0.05139621838344536,0.8779938385734402
fitted,Fitting,sdp,1824,1779.8,10.9,-1.023371967154746,0.9932961962413095,160.7,-0.1,-315.83139857171267,0.9882020696332177,3.498519101874072e-4,0.9882126636978499
fitted,Fitting,starfit,1824,467.8,37.1,-2.6289084529144673,0.9054509724817392,-16.1,0.1,-20.891575849937457,0.8619895403551436,0.11614963647490939,0.8620853345079043
default,Evaluation,gdrom,1828,252,54.2,0.4267037531686789,0.8319343681892282,-22.1,0.2,-5.350305311502279,0.7059844375802322,0.2324285934704488,0.7140792926731502
default,Evaluation,h06,1828,904.1,89.6,-4.075495933611653,0.32150030073170555,67.7,1.9,-80.76375667771836,0.19635426896530717,0.10238499739036944,0.2128225096832805
default,Evaluation,natlake,1828,595,87.5,-1.0264260234678564,0.2832306995334447,51.2,0.5,-34.41259077845103,0.2337365304090293,0.05327664596800372,0.23412095488610452
default,Evaluation,rulebasedloc200,1828,1035.6,87.5,-5.007155275697647,0.3008788111912395,76.5,-0.4,-106.27385392119406,0.23330965741447574,0.0723606067921711,0.23512857386189628
default,Evaluation,sdp,1828,1424.4,67.9,-0.7457320851140026,0.7112602398303216,137,-2.5,-201.95808623268428,0.5387315252022555,0.05544470605888262,0.554597212237581
default,Evaluation,starfit,1828,107.6,72.6,0.41183237813256757,0.5544252978094223,-1.8,0.1,-0.15906792050149732,0.4725006400921675,0.5119674591566857,0.4725259017248586
default,Fitting,gdrom,1828,295.1,61.5,-0.20351353563439023,0.7823303549620836,-32.3,0.7,-7.710101219901432,0.6212236334277492,0.12632223061157036,0.6362616293267668
default,Fitting,h06,1828,753.4,93.9,-1.9175003192349576,0.26776575342453357,93.7,-0.4,-55.765984396676096,0.11761619592172656,0.046514379247911006,0.15542822928888972
default,Fitting,natlake,1828,487.6,92.2,-0.2608608542704549,0.17439391499919144,63.9,-2.5,-22.781478854916248,0.14935739779593216,0.034951930644589395,0.15300730355777054
default,Fitting,rulebasedloc200,1828,800.8,87.7,-3.2151266439544957,0.3286266082470819,89.4,-3.7,-63.13314940314311,0.23119941727364746,0.05923854866221474,0.23924858733447815
default,Fitting,sdp,1828,1090.8,84.5,-0.7819302174340421,0.5776491747815601,152.8,-4.3,-118.00561513299789,0.2865326494935406,0.0069290336094400586,0.3610772878144522
default,Fitting,starfit,1828,73.2,73.8,0.7740561641614956,0.5145749573566506,4,-0.2,0.4643843575947608,0.4556209187944109,0.6206461276055073,0.45703853817976076
fitted,Evaluation,gdrom,1828,78.6,61.3,0.6625044839888488,0.8061328457869221,-3,0.4,0.3824166812398607,0.6243368039487798,0.6915456743137885,0.6524595011754384
fitted,Evaluation,h06,1828,207.5,76.6,-0.1046325544668838,0.4321255859046351,-9.3,-0.2,-3.30763128814704,0.41375537000481055,0.03046234828284852,0.42346556248636946
fitted,Evaluation,natlake,1828,176,79.8,0.11595461904831705,0.4227206580282873,-8.8,-0.2,-2.097408626779037,0.36368655627752056,0.03359660678406324,0.3642260486901867
fitted,Evaluation,rulebasedloc200,1828,678.6,83.9,-3.0347267475718596,0.40210823926013584,47.8,-3.8,-45.0581852201568,0.29584780262711396,0.15154272222704696,0.30130474488813397
fitted,Evaluation,sdp,1828,860.5,92.7,-3.574965281391929,0.13084364228020307,65.8,-5.1,-73.0715359652204,0.13953308363755512,0.07204834551972734,0.14293657297079151
fitted,Evaluation,starfit,1828,99.9,70.9,0.5570110288611538,0.5942785078775297,-6.3,0,8.180130925925511e-4,0.49719036721258214,0.7370973109934812,0.4974417414244771
fitted,Fitting,gdrom,1828,287.2,57.9,-0.038197297225015525,0.8248963749618546,-33.3,1.2,-7.2518497983999275,0.6642713001106116,0.18222866520883896,0.6851176776006269
fitted,Fitting,h06,1828,170.2,80,0.024246286418870278,0.40556455499225086,5.2,0.7,-1.8984752488381602,0.3592901054778298,0.02731378202191787,0.36107985292481953
fitted,Fitting,natlake,1828,126.2,83.9,0.06857338927067258,0.3761417158371684,-1.3,-0.3,-0.5935122599121729,0.29520032043286004,0.0065335102990252926,0.2961061293826401
fitted,Fitting,rulebasedloc200,1828,578.2,82.7,-1.8861928776534236,0.46519362344050796,64.4,-2.6,-32.4357230792432,0.3156030374709834,0.09411010243825986,0.32800524284444477
fitted,Fitting,sdp,1828,824,90.6,-4.518213401417322,0.26376416931088353,74.4,-2,-66.90295353612197,0.17947221505556343,0.02075843737584516,0.1889523100715412
fitted,Fitting,starfit,1828,41.3,71.3,0.9142560919728745,0.5577452179271634,-0.9,0.1,0.8291061703931685,0.49086244973231696,0.8451444051636997,0.49159995415313856
default,Evaluation,gdrom,1829,806,7.1,-5.916527424370864,0.994472259077464,4.3,-0,-63.98451790809662,0.9949996515820241,0.003714218470072715,0.99500557229678
default,Evaluation,h06,1829,2839.1,38.1,-25.942065261312333,0.8951136545158511,-14.4,-0.1,-805.2797710167266,0.8544465609895775,0.04671606618355891,0.8544567371452831
default,Evaluation,natlake,1829,4504.8,6.4,-0.738640373899383,0.9969912243416889,106,-0.2,-2028.8925405205841,0.9959480424142152,7.067401702374907e-4,0.9959627404165569
default,Evaluation,rulebasedloc200,1829,4504.8,6.3,-0.7402640475310918,0.9970239906871651,106,-0.2,-2028.8968699229067,0.9959784149761257,7.067401702374907e-4,0.9959924908915665
default,Evaluation,sdp,1829,4504.8,6.4,-0.7454796590183734,0.9969418838545232,106,-0.2,-2028.9108304922547,0.9959183884084387,7.067401702374909e-4,0.9959339707853279
default,Evaluation,starfit,1829,4421.4,8.4,-2.4017607662126848,0.9953234333632369,103.6,-0.2,-1954.4132075594475,0.9929930509216093,0.011374999622172166,0.9930010524677834
default,Fitting,gdrom,1829,849.3,7,-6.209000474400231,0.9974380288196841,5.4,-0,-71.14562490480735,0.9950830763235358,0.012457972747691117,0.995093210359329
default,Fitting,h06,1829,2384.4,38.7,-21.988747881718744,0.8878833280937892,-5.1,-0,-567.6174760650091,0.8500871262200694,0.04475758498027358,0.8500936582740445
default,Fitting,natlake,1829,3631.8,5.6,-0.6935312414444579,0.9963653191626591,107.4,-0.1,-1318.2671614191397,0.9968454273637017,2.229249355816854e-6,0.9968696654432416
default,Fitting,rulebasedloc200,1829,3631.1,5.8,-0.49667700902047063,0.996545132534253,107.4,-0.1,-1317.7481213063093,0.9966687980384701,2.928732421221845e-4,0.9966914139593377
default,Fitting,sdp,1829,3632.1,5.6,-0.7126246695347964,0.9962264638931364,107.4,-0.1,-1318.4419383786874,0.9968359707831178,1.0102839667546e-4,0.9968617717964819
default,Fitting,starfit,1829,3567.8,8.8,-2.4374167901024846,0.9958401667627533,104.8,-0.1,-1272.140419954085,0.9922404516900785,0.0065433831667327915,0.992250711926561
fitted,Evaluation,gdrom,1829,145.3,6.5,0.15581714168583538,0.9969185249268634,-0.7,-0,-1.1126152811563008,0.9957289631872879,0.033298955898477776,0.9957289698328425
fitted,Evaluation,h06,1829,2785.5,38.2,-25.900776814283912,0.8954459307380296,-7,-0.1,-775.1103358488916,0.8541838531296359,0.04277905755749948,0.8541998343227891
fitted,Evaluation,natlake,1829,4217,16.7,-3.151317256827573,0.9856338893245514,98.6,-0.2,-1777.7552173717427,0.9720092154411278,0.043603608884479846,0.9721600901765246
fitted,Evaluation,rulebasedloc200,1829,2252.5,38.6,-20.320413154371707,0.9201651418194445,-10.6,-0,-506.53258004028186,0.8511114608242047,0.06707223478843725,0.8626222855672386
fitted,Evaluation,sdp,1829,4504.6,7.5,-0.6797103147038313,0.9960254388725451,106,-0.3,-2028.7017621051125,0.9944379149190306,5.715493707454437e-5,0.9944633758076832
fitted,Evaluation,starfit,1829,2380.4,64,-18.563430602722867,0.7782637303524432,-29.2,0.1,-565.7907032606548,0.5899554955726314,0.06540275093550071,0.6874123720750449
fitted,Fitting,gdrom,1829,383.8,5.9,-1.8260854836668723,0.9982072598387999,-0.3,0,-13.735360369755266,0.9964797193992703,0.010923048956504377,0.9964817449348512
fitted,Fitting,h06,1829,2380.8,38.7,-22.005598760894316,0.8882176333382804,-0.2,-0,-565.9233524880547,0.8502709341440786,0.04075562225642459,0.8502761974928609
fitted,Fitting,natlake,1829,3472.2,27.2,-2.6790559761565778,0.9558449508380618,101.8,-0.1,-1204.8317453372797,0.926272615264242,0.008070442114755242,0.9300818951812778
fitted,Fitting,rulebasedloc200,1829,1676,28.6,-14.569116393188718,0.9584370402658746,11.2,-0,-279.94399820582737,0.9182094211589577,0.06194160385678577,0.9207042371720049
fitted,Fitting,sdp,1829,3632.1,5.6,-0.7121801291341063,0.9962293751224208,107.4,-0.1,-1318.437320229123,0.9968369372573843,9.440032988780074e-5,0.9968627025248129
fitted,Fitting,starfit,1829,2032.5,60.2,-17.077829402824722,0.8084611954399972,-23.4,0.1,-412.1622142466316,0.6372588469214364,0.13094243221810947,0.7080206004806128
default,Evaluation,gdrom,1833,251.2,55.7,0.12203379426193817,0.7904672734153892,-31.2,0.6,-5.311491491089763,0.689781065573412,0.32722614724123855,0.6917191399992773
default,Evaluation,h06,1833,674.5,94.9,-2.7208447895686487,0.24991901408017247,75.4,1.8,-44.50120741840122,0.10001617542022656,0.033596491509948895,0.14234906948005896
default,Evaluation,natlake,1833,560.1,87.6,-0.6646567748030499,0.2718026700547881,76.4,1,-30.379584936858844,0.23262151424293165,0.018526517166011953,0.2327527421278942
default,Evaluation,rulebasedloc200,1833,758.8,86.4,-3.213390064825842,0.35766758687559685,87.1,0.6,-56.598027931933416,0.2527129098451737,0.08692208870011278,0.25876469220131054
default,Evaluation,sdp,1833,1092.4,66.4,-0.8481399669199954,0.7156265336299256,162.5,-1,-118.3666753488954,0.5585930754072758,0.050701941173011036,0.5692102192248419
default,Evaluation,starfit,1833,190.1,71.6,-0.15751575910421534,0.5675802155406979,-12.8,-0.1,-2.6162605611615253,0.48738101035336046,0.33888377718710183,0.48744258752194897
default,Fitting,gdrom,1833,268.9,55.6,0.11864167386425661,0.7172571279617276,-58.1,1.2,-6.229997233308029,0.6913059590507319,0.31988823918615783,0.6953656511884182
default,Fitting,h06,1833,586,92.5,-1.1487075489246803,0.239764531382184,128.6,0.5,-33.349654497176346,0.14330707877081916,0.017283487907792435,0.1606062937397521
default,Fitting,natlake,1833,471.7,94.5,-0.4627950083251895,0.08641694666378485,108.5,-2.4,-21.256427111587566,0.10768634389136333,0.0030191693234810526,0.11037754976720301
default,Fitting,rulebasedloc200,1833,639.1,86.6,-1.9093458932428415,0.3155536774983456,132,-3,-39.85202587384756,0.25063835658979905,0.046822948104410546,0.2525076410987773
default,Fitting,sdp,1833,823.2,80.1,-1.217047420028111,0.5633366501788517,198.6,-3.2,-66.77818136802563,0.3581452665764595,0.003304106502583327,0.38606008959734445
default,Fitting,starfit,1833,121,76.9,0.3804107644616026,0.46768402058570513,7.3,0,-0.46464934092121646,0.408757731673127,0.3740905953406996,0.4098099836978001
fitted,Evaluation,gdrom,1833,129.4,61.4,0.18899852205650025,0.7288181288346651,11.2,-0.7,-0.6737060017893988,0.6225036713258236,0.0674184120165058,0.6240461458438427
fitted,Evaluation,h06,1833,146.1,76.2,0.07464599612488232,0.4382260912253274,-4.7,-0.3,-1.1362015259803235,0.41853665898583503,0.006658553981162369,0.42792667831492354
fitted,Evaluation,natlake,1833,172.2,79.1,0.07502919935283636,0.4177520701149977,-16.2,0.1,-1.9672220017558932,0.3747592158222899,0.008003408895824442,0.37729723952836947
fitted,Evaluation,rulebasedloc200,1833,494.6,85.4,-1.457425706862577,0.42507616209696764,58.6,-2.8,-23.46967421312021,0.2710437138135968,0.19230435013669556,0.28754276930927514
fitted,Evaluation,sdp,1833,839.8,85.9,-3.1556314095432487,0.32031668490837295,102.2,-5.5,-69.5476940945857,0.2624620070427526,0.027848081982580715,0.2657936397661642
fitted,Evaluation,starfit,1833,142.9,71.7,0.334111937364566,0.6055800244342758,-15.7,0.6,-1.0424202026009786,0.4856430634741764,0.6910436715517346,0.48792152043576803
fitted,Fitting,gdrom,1833,109.2,66.2,0.4257927984722111,0.6663752614016212,-4.1,-0.5,-0.19264887907598616,0.5617775735849543,0.18274472049027946,0.5626480538259636
fitted,Fitting,h06,1833,161.8,83.1,0.058813178434650615,0.3280572958123268,23.7,0.5,-1.6183102585184557,0.30881584300151976,0.008619531642415823,0.3134027215965075
fitted,Fitting,natlake,1833,118.4,86.4,-0.12702489619039192,0.28862964855204576,-0.5,-0.3,-0.4020500777096512,0.25407488454191496,0.002364872792325856,0.2542934492082277
fitted,Fitting,rulebasedloc200,1833,453.7,84.1,-0.7785884891800872,0.43321033701359446,96.5,-2.1,-19.58962579703132,0.2923210620104535,0.10303214824807062,0.30359859131047845
fitted,Fitting,sdp,1833,680.4,90.9,-2.3730555064707697,0.2967778331618105,133.9,-3,-45.29890111235261,0.17311475079120398,0.0034411628273206783,0.19299003746200108
fitted,Fitting,starfit,1833,48.7,75.1,0.8358628477794033,0.513576161399159,-2,0.2,0.7629985366499088,0.4364735525919359,0.8214867746037718,0.43656500203615456
default,Evaluation,gdrom,1834,256.4,72,-0.06747262818059596,0.6922125571444931,-42.6,-0.4,-5.576865945704544,0.4819168648182456,0.08126533099235954,0.5107971277007531
default,Evaluation,h06,1834,482.2,87.8,-1.2453726224106076,0.3366483485082089,84.9,1.3,-22.260987667119995,0.22958489896560696,0.03376557469806974,0.23807438601910857
default,Evaluation,natlake,1834,480,83.4,-0.3813529316386326,0.3655203802129443,99.3,0.7,-22.04536682927794,0.304484287983925,0.03628613585679609,0.3045646164482541
default,Evaluation,rulebasedloc200,1834,564.7,89.3,-2.1268243645844684,0.28512025389588247,88.5,-0.4,-30.896974002865885,0.20322276743955325,4.8537060313047373e-4,0.20920301805362626
default,Evaluation,sdp,1834,777.5,60.4,-1.1172537777124179,0.7425518139097389,169.8,-0.8,-59.468502322685644,0.6355569382021815,0.031452358716660356,0.6374038431527458
default,Evaluation,starfit,1834,97.2,68.8,0.4580850930791689,0.5418599419675284,8.2,0.2,0.05526361941025648,0.5259174831084101,0.263357661527651,0.5369162488263263
default,Fitting,gdrom,1834,214.4,79.6,0.17988938379032338,0.6123499684553135,-42.2,1.1,-3.5968630017997274,0.36569424614632506,0.24352456290156346,0.41109572662960886
default,Fitting,h06,1834,508.9,95.4,-1.1941486248544861,0.3450836546286955,106.9,0.1,-24.905554309973148,0.0905915273945812,0.01687990572487401,0.17313642340869292
default,Fitting,natlake,1834,450.8,85.1,-0.2810457788816314,0.3279649877309351,108.3,-2.2,-19.329544069521887,0.27629598409537615,0.10975963424575273,0.27713111903737975
default,Fitting,rulebasedloc200,1834,549,82.5,-1.7890557287243896,0.40468790540938615,106.1,-2.3,-29.145875601161908,0.3188640751502533,0.0042646429746821595,0.3204854972718552
default,Fitting,sdp,1834,697.7,78,-1.0180711337214081,0.5740564836861748,172.1,-2.4,-47.687481591632626,0.392063475642801,9.92594796235851e-4,0.41045558754615646
default,Fitting,starfit,1834,88.5,77.7,0.537003420166358,0.40937508183994564,10.4,-0.2,0.21689718574865147,0.39621871028230016,0.40084674317892965,0.40724519569630624
fitted,Evaluation,gdrom,1834,92.7,68.5,0.6232212113198553,0.7407904059729521,6.4,0.3,0.14029549780833284,0.5307381110114546,0.39977293139875636,0.5630848300589867
fitted,Evaluation,h06,1834,111.8,76.1,-0.07842335955799129,0.479782926833612,-2,-0.3,-0.2508491498162415,0.42134394759378824,0.0010123879936866618,0.4225838670127285
fitted,Evaluation,natlake,1834,112.2,76.3,0.12012907257862038,0.4800813923090138,-4.8,-0.1,-0.25960140131008935,0.4176961559587674,0.03332268237862447,0.4185156801029868
fitted,Evaluation,rulebasedloc200,1834,359.9,84.5,-0.8224757789750183,0.4138611638878593,55.3,-2.3,-11.95599790809015,0.28525982116315096,0.013741369019744742,0.2944593045510456
fitted,Evaluation,sdp,1834,683.4,70.6,-1.0164748775611105,0.5915240749929906,142.1,-4.3,-45.716698857185555,0.5015728770507883,0.0031397546228392127,0.5045263276068764
fitted,Evaluation,starfit,1834,86.3,69.6,0.4856751423262998,0.5424375822245548,2.7,-0.2,0.2546974149860207,0.515215310527602,0.30668773389445647,0.5228463252251532
fitted,Fitting,gdrom,1834,81.9,67.2,0.6850343847342898,0.730586096308698,2.6,0.6,0.3287273206201662,0.5488399685500445,0.4824323220728915,0.5678632267141299
fitted,Fitting,h06,1834,140.8,80.4,0.07606168710334349,0.42829052261336287,17.7,0.7,-0.9827661726321457,0.35374545272696334,0.012586283541594242,0.3538393993958345
fitted,Fitting,natlake,1834,96.6,79.2,0.1735027359472593,0.43778594556440165,0.2,-0.3,0.0669989392403112,0.3732676422858532,0.10588939945473676,0.3735866362416364
fitted,Fitting,rulebasedloc200,1834,367.5,80.2,-0.566907953851723,0.4885666352683652,74.3,-1.5,-12.51061748505381,0.3562927389782259,0.035519761800778454,0.36260842559248874
fitted,Fitting,sdp,1834,676.1,79.6,-0.9049720740682503,0.5347680820376082,166.5,-2.4,-44.718942819674226,0.3669137555607195,0.01331977152592504,0.3817830817200072
fitted,Fitting,starfit,1834,69.5,76.3,0.5920670162456977,0.4515266308544301,5.4,-0.2,0.5169690912533431,0.4181765547041323,0.5695057634703232,0.42364028143353805
default,Evaluation,gdrom,1835,434.4,15.6,-0.8574590691572475,0.9868990067093617,32.2,-0.1,-17.87685467626089,0.9756960989484328,0.019629472247277065,0.9757526650073451
default,Evaluation,h06,1835,645.7,51.6,-4.466027167924951,0.7977718301855985,0.5,-0.1,-40.709255561428016,0.7341272413760769,6.267645538142736e-5,0.7341293044358284
default,Evaluation,natlake,1835,1295.4,14.4,-0.8836777428198521,0.9874344603283136,123.7,0,-166.86210793287273,0.9793625410899514,8.125396403425003e-5,0.9793732149296609
default,Evaluation,rulebasedloc200,1835,1295.4,14.4,NA,0.9874356129947623,123.7,0,-166.86232114245496,0.9793635799117588,NA,0.979374258604677
default,Evaluation,sdp,1835,1295.4,14.4,NA,0.9874356129947623,123.7,0,-166.86232114245496,0.9793635799117588,NA,0.979374258604677
default,Evaluation,starfit,1835,767.8,34,-4.496084386192845,0.9152407531829798,39.3,0,-57.97279352033171,0.8843806904701791,9.777389826772045e-4,0.88438117561143
default,Fitting,gdrom,1835,654.8,15.9,-1.972563647088831,0.9873295904115703,55,-0,-41.880526232222934,0.9746776513985634,0.022853131539636907,0.9748539690922094
default,Fitting,h06,1835,617.6,53.8,-4.2837038904025535,0.774014534232041,-2.9,0.1,-37.15354022132936,0.7101496829285044,0.014214518160120758,0.710176574401557
default,Fitting,natlake,1835,1204.6,14.8,-0.8118184460870039,0.9875133929544172,126.6,-0.1,-144.12219397843762,0.9780285424871166,3.739066049166078e-5,0.9780582486105011
default,Fitting,rulebasedloc200,1835,1204.1,14.8,-0.7328758732711111,0.9870392673033057,126.5,-0.1,-144.01552638044856,0.978193642684679,1.475520425820634e-5,0.9782123255826514
default,Fitting,sdp,1835,1204.6,14.8,-0.8174063920775565,0.9875794450476515,126.6,-0.1,-144.12710717366969,0.978176412219951,3.9154829953664996e-5,0.9782051259348061
default,Fitting,starfit,1835,816.6,33.9,-4.092850319460291,0.9126567805538806,58.4,-0.1,-65.69787720343871,0.8847602784255431,0.0026077488335563897,0.8847839712161873
fitted,Evaluation,gdrom,1835,115.9,16.7,0.21043091832986338,0.9850156036938186,3.4,0,-0.34381965720554364,0.9721600790018912,0.06030721006077411,0.9722338568923773
fitted,Evaluation,h06,1835,624,51.3,-4.255651584645192,0.7988917583641069,1,-0.1,-37.94858441993841,0.7365608155894796,5.9189368523604355e-8,0.7365645288737313
fitted,Evaluation,natlake,1835,768.7,30.5,-3.1495714065663147,0.9256009213643797,54.5,-0.2,-58.10567150884263,0.9069519912506678,0.011456141507441132,0.9070486815313313
fitted,Evaluation,rulebasedloc200,1835,446.2,46.2,-2.66555083997785,0.8938832574850104,-0.7,-0,-18.917365704827407,0.7864937384475632,0.05227372554513972,0.7998951914636868
fitted,Evaluation,sdp,1835,1294.9,15.9,-0.7455724127390391,0.985480862288981,123.7,-0.2,-166.72450643599598,0.9746155559571937,9.666631235391023e-4,0.9746585205681471
fitted,Evaluation,starfit,1835,332.4,43,-1.1599907971166803,0.8965522973595114,-18,-0,-10.050108858481412,0.8151258516699686,0.24033542162894858,0.8182129713584049
fitted,Fitting,gdrom,1835,120,14.8,0.14657616308593358,0.9819252487528671,1.5,-0,-0.4394366027984262,0.9781414061986449,0.026743487474165408,0.9781527880279607
fitted,Fitting,h06,1835,609.2,53.5,-4.187049596825455,0.778970634067236,3.6,0.1,-36.121458432007245,0.7137112901295657,0.011715452795119305,0.7137183687357769
fitted,Fitting,natlake,1835,811.3,29.7,-2.2841195945172923,0.9302683984796103,73.3,-0.1,-64.83529635229355,0.9116674288532445,0.001357814382787621,0.9117327702792499
fitted,Fitting,rulebasedloc200,1835,457.6,38.2,-2.31754587235243,0.9227723310405244,22.6,-0.1,-19.947631473180333,0.8543713635360095,0.09474902814886604,0.8571481270989955
fitted,Fitting,sdp,1835,1204.6,14.8,-0.8176420769960637,0.9875799126886833,126.6,-0.1,-144.12735099559367,0.9781727964359859,3.9208906383980757e-05,0.9782015750053491
fitted,Fitting,starfit,1835,341.8,48.5,-1.472424732578717,0.8656226631482866,-15.2,0.2,-10.684267022849676,0.7644995353006571,0.1889688360484135,0.7692291867090814
default,Evaluation,gdrom,1841,1222.5,102.4,-5.384612358871667,0.32284822777887767,-50.1,4.7,-148.50000062578798,-0.04925034747844803,0.05278201636899312,0.13036374864647296
default,Evaluation,h06,1841,955.9,107.1,-4.905830986177945,0.2423921447238686,-35.4,3.7,-90.40516612928074,-0.14841637017569465,0.17632343933395775,0.08001860121411322
default,Evaluation,natlake,1841,466.4,73.6,-1.2157311955044166,0.5110694221058036,-19.4,2,-20.75703652138971,0.4581321826349285,0.40411605571856163,0.4610108379606477
default,Evaluation,rulebasedloc200,1841,766.8,81.3,-5.30389595623291,0.47172118222723436,-16.3,0.3,-57.81704202944891,0.33871649611037535,0.14046664978095771,0.34544162292515135
default,Evaluation,sdp,1841,437.6,119.2,-2.4211051392319294,0.37631215065333956,9.2,-0.2,-18.15420188669452,-0.4200788220874494,0.252422670917172,0.15684251388179746
default,Evaluation,starfit,1841,77.7,63.6,0.68602544072379,0.6800373586578001,-1.2,0.8,0.39566465663205996,0.5952892380871113,0.49266603856419033,0.5954046022919721
default,Fitting,gdrom,1841,909.1,86.3,-5.99980919474633,0.6041426619624046,-18.2,0.2,-81.66058097440921,0.2544131218220457,0.007392185180065626,0.3693553342933178
default,Fitting,h06,1841,976.2,106.4,-6.180558394007235,0.3571210876463806,-22.5,0.9,-94.30754876010592,-0.13240919324414047,0.019233469577541056,0.1351357591016434
default,Fitting,natlake,1841,428.9,80.5,-1.5364477802750303,0.5466822639664952,-12.1,-0,-17.394690242585977,0.351962132586765,0.25075400499745476,0.37514865914753603
default,Fitting,rulebasedloc200,1841,661.9,84.2,-4.526076713601673,0.6405253815661583,5.9,-0.7,-42.81949037762651,0.291051747040477,0.003954028122670469,0.4106810037222078
default,Fitting,sdp,1841,563.2,114.9,0.12407779345432435,0.4392945756133748,22.1,-0.9,-30.721838110789175,-0.32061133056061175,0.08204597849528332,0.2818948158548707
default,Fitting,starfit,1841,112.7,71.2,0.4717030689874022,0.6830102369037715,1.1,-0.3,-0.2712787734484774,0.492694061621731,0.2537604164341875,0.5130064127148671
fitted,Evaluation,gdrom,1841,188.8,71.1,-0.06856570027745956,0.6297878241055805,-4.4,1.1,-2.5665571067333217,0.4949588085378174,0.25570079660192885,0.49967491284224314
fitted,Evaluation,h06,1841,562,101.8,-3.837190493368597,0.40771383259579463,-8.6,1.6,-30.58967233076934,-0.03640331357887616,0.2782236823922642,0.17642275218483816
fitted,Evaluation,natlake,1841,250.8,70.8,-0.761851273405973,0.5420541667200747,-6.2,0.7,-5.29428255083248,0.4980220504071621,0.4434897832115353,0.5018863356760993
fitted,Evaluation,rulebasedloc200,1841,619.9,78,-3.1186541077662584,0.5412632585349423,-20.1,0.1,-37.437011448033246,0.3919676577130232,0.16748176533950693,0.40046761331038183
fitted,Evaluation,sdp,1841,227.6,85.9,-0.38438163320602614,0.5390318435185438,5.9,0.3,-4.180369683764833,0.26272476764062724,0.29650740285984334,0.32777710290916123
fitted,Evaluation,starfit,1841,81.5,62.3,0.6964789816434077,0.6908771422304292,-2.5,0.3,0.3357890432439248,0.6119664051202781,0.5852907443441555,0.6119863160083681
fitted,Fitting,gdrom,1841,227.4,68.5,-0.5742507957579988,0.6610346408264475,-0.9,-0.3,-4.170385439749982,0.5313341815930692,0.14713043640522794,0.5351344985234947
fitted,Fitting,h06,1841,472.8,96.6,-2.297174059903402,0.5552986237208215,9.8,-0.1,-21.361509158964232,0.06759978291834678,0.06935226162049533,0.3118376294922963
fitted,Fitting,natlake,1841,254.5,77.9,-0.9792807965735373,0.5975051323770721,-0.1,-0.5,-5.478925997785852,0.3925299476054057,0.27327985284307726,0.4182895548415153
fitted,Fitting,rulebasedloc200,1841,593,62.7,-3.694516516685936,0.7383180275989376,-8.1,-0.1,-34.173922096011346,0.606606471399296,0.012378841916922106,0.6118875857940971
fitted,Fitting,sdp,1841,308.8,89.5,-0.9899037751500785,0.5629792380174341,6.3,-0.8,-8.536816168256362,0.1990530092313798,0.14389672821005464,0.32458316086140343
fitted,Fitting,starfit,1841,97.5,67.1,0.5390521131599163,0.7030323238002145,-0.7,-0.1,0.04946303379801553,0.5491046088980256,0.29064620938073527,0.5584604470213939
default,Evaluation,gdrom,1843,76.5,55.8,0.7324178791697917,0.8449191034451939,-4.9,1.6,0.41523032939965043,0.68862305843187,0.5899433248840552,0.7246492028194365
default,Evaluation,h06,1843,384.2,90.2,-1.4700626163243578,0.13685784144454616,43.6,1.2,-13.768747368710848,0.185892443537354,0.006630652273997603,0.196543630501903
default,Evaluation,natlake,1843,505.8,86.5,-0.9192377964378269,0.33888448293249884,99.1,-0,-24.58983255071192,0.2508434132361407,0.05630306754325412,0.25425349124457397
default,Evaluation,rulebasedloc200,1843,630.1,68.8,-1.2026768865125863,0.6553174703428093,130.9,-1.3,-38.716743588655866,0.5258714443441102,0.1381948967445946,0.5296960707220133
default,Evaluation,sdp,1843,776,70.2,-0.9718020383622454,0.7397792473883612,172.1,-1.7,-59.23005766589876,0.5072112873296051,0.001789757529890743,0.5531750855684782
default,Evaluation,starfit,1843,48.4,60.7,0.8341687662015922,0.6862231882657805,-2,2.3,0.7661511763062878,0.6317691650728672,0.8261386396222863,0.6330919481533822
default,Fitting,gdrom,1843,84.5,51.1,0.67413589791537,0.8695602195807607,-5.5,-0.4,0.2861546533965029,0.7384748952996354,0.543494883633617,0.7563421968552788
default,Fitting,h06,1843,443,80.1,-1.4574755414516636,0.451971902004048,69.2,-0.3,-18.625213232949047,0.3584115505297576,0.007982985709131092,0.35913824654498083
default,Fitting,natlake,1843,530.2,78.8,-0.9142455755816945,0.5570620008886494,108.2,-2.3,-27.120007175742618,0.378650791213047,0.06494193679447724,0.39581182531372
default,Fitting,rulebasedloc200,1843,664.8,69.6,-0.7889738247331493,0.7193446294106522,147.2,-2.8,-43.208440231530936,0.5153200690607278,0.0954862782121604,0.5437838186209123
default,Fitting,sdp,1843,738.6,76.4,-0.9957852334101058,0.7178760934514636,166.7,-2.7,-53.555584186489185,0.4169231699795206,0.004412428404668072,0.5236401967609466
default,Fitting,starfit,1843,78.9,61,0.6476790949192957,0.6575928535000408,0.4,-1.1,0.3779948080724881,0.6275247894937994,0.621671425463512,0.6324178820739265
fitted,Evaluation,gdrom,1843,104.2,52.2,0.6525935592628059,0.8516681985157744,-16.6,0.8,-0.08530442417992545,0.7276268881604029,0.6384187117848724,0.7371474492755143
fitted,Evaluation,h06,1843,122.7,75,-0.07319521525574091,0.48420382840236287,-4.1,1.1,-0.5066711935915695,0.43792224120349454,4.0300155094536745e-4,0.4410514406035208
fitted,Evaluation,natlake,1843,175,77.3,-0.3172889305130777,0.4466128625428797,-4.8,-0.8,-2.064941207060938,0.4021132293249421,0.0950384208175006,0.40500262729201847
fitted,Evaluation,rulebasedloc200,1843,410.6,70.4,-0.6172177033102952,0.6614997474450361,81,-3.3,-15.867669177533148,0.5043839923000738,0.26048963210409337,0.5147036083744345
fitted,Evaluation,sdp,1843,616.3,85.7,-1.8479400582650185,0.43269016018495365,113.8,-5.7,-36.994756794344305,0.2651382990391271,1.9458087281145177e-4,0.28713180179166226
fitted,Evaluation,starfit,1843,53.5,57,0.7318594632007943,0.6769943509201937,-6.4,0.1,0.7138367481965322,0.6750050871541415,0.8897539547006974,0.6852137800529182
fitted,Fitting,gdrom,1843,84.2,43.7,0.7037250199517576,0.8853741758853619,-10.5,-0.3,0.2917087070726837,0.8094033639381822,0.6546253818403814,0.8111911820653415
fitted,Fitting,h06,1843,136.4,68.2,0.14554326462576117,0.6017825550545335,15.9,-0,-0.8605827351961963,0.5349487538441822,0.03244758115326245,0.5356404896097033
fitted,Fitting,natlake,1843,187.6,67.1,-0.36078792594699327,0.6122161897939067,1.5,-0.6,-2.5199347018217013,0.5501787302103618,0.10844727818856667,0.5512452171810427
fitted,Fitting,rulebasedloc200,1843,455.4,65,-0.2924345092360603,0.7537093281323545,98.8,-2.1,-19.743018117641157,0.5775974874975853,0.19723923597410967,0.596394453022663
fitted,Fitting,sdp,1843,659.8,76.9,-0.931878657751074,0.6761205553020918,144,-2.6,-42.54491426150914,0.4078700633114636,0.01243061087670538,0.46879912005173757
fitted,Fitting,starfit,1843,70.5,58,0.6942880633073589,0.6648167091626187,-2.5,-0.7,0.5034401937894084,0.6637355005221185,0.6934101946691029,0.6747996827494743
default,Evaluation,gdrom,1847,1221.7,16.4,-2.6752323662337254,0.9840358373035208,41.4,-0.1,-148.29831355411366,0.9730502115444226,5.17133159420762e-4,0.9730774099206384
default,Evaluation,h06,1847,1275.1,54.5,-10.62288413923693,0.7735736344750642,-8.6,-0.2,-161.62716971425803,0.7033237164587482,0.008628314180460698,0.7033347020144828
default,Evaluation,natlake,1847,3027.8,15.3,-0.7768054527524311,0.9857878209147992,110.7,-0,-916.0283160890103,0.9766081501921395,9.084641634361175e-4,0.9766225978919718
default,Evaluation,rulebasedloc200,1847,3027.8,15.3,-0.7807607178612057,0.9857982289769471,110.7,-0,-916.038653596614,0.9766144501256993,6.89535654950931e-4,0.9766289778788142
default,Evaluation,sdp,1847,3027.9,15.3,NA,0.9858067037405537,110.7,-0,-916.0421195471058,0.9766122254552604,NA,0.9766268950420396
default,Evaluation,starfit,1847,1678.4,35.6,-12.64164381479265,0.8995396947245697,31.1,0,-280.7916624640705,0.8733153609138229,0.03183744888759425,0.8734322662655969
default,Fitting,gdrom,1847,1127.3,17.5,-3.734800630206947,0.9820375375116752,43.7,-0,-126.11217084589138,0.9694946039524064,0.00368930286443225,0.9701120923879412
default,Fitting,h06,1847,1208.9,57.3,-10.21837639661299,0.7409982412750569,1.7,0.1,-145.17492862745627,0.6712905549061831,0.019992966377142977,0.6713163140266615
default,Fitting,natlake,1847,2470.9,14.9,-0.6445775915789316,0.9879681470915657,111.3,-0.1,-609.6385456713106,0.977676208002504,2.4190174630741432e-4,0.9777278974983521
default,Fitting,rulebasedloc200,1847,2470.1,14.9,-0.5458512202795454,0.9875222874376469,111.2,-0.1,-609.2524923042156,0.9778482018067417,0.0010181468332259055,0.9778825059180137
default,Fitting,sdp,1847,2471.1,14.9,-0.6547934974923337,0.9880961690787642,111.3,-0.1,-609.7375082621655,0.9778296827972275,2.5857192247937606e-4,0.977882176299784
default,Fitting,starfit,1847,1593,36.2,-10.520492954533696,0.8960364024042182,45.8,-0.1,-252.8022954536356,0.8691988439726378,0.062107694694581383,0.8693294454453033
fitted,Evaluation,gdrom,1847,104.3,16.4,0.33661357951673776,0.9832703962078866,0.5,0,-0.08711867843098942,0.9730533930700351,0.1327153544623173,0.9730675344983183
fitted,Evaluation,h06,1847,1228.8,54.6,-10.292140284001,0.7710782507588124,-5.8,-0.2,-150.02506200070567,0.7018530850573493,0.011931795445941584,0.7018603058026769
fitted,Evaluation,natlake,1847,1542,33.8,-9.830857422376289,0.9040253473049801,37,-0.2,-236.82920889092082,0.8858678606996339,0.04107517573544951,0.886173099545103
fitted,Evaluation,rulebasedloc200,1847,1117.3,51.2,-9.234663815147258,0.8701362090369958,-7.9,0,-123.86333003545063,0.737854094220433,0.08436704584537207,0.759997076155623
fitted,Evaluation,sdp,1847,3026.8,17.1,-0.5835333902163757,0.9833722630671684,110.7,-0.2,-915.4329535419367,0.9708994982251095,1.7542837153177118e-4,0.9709592050282335
fitted,Evaluation,starfit,1847,669.1,33.6,-4.146604874695252,0.901216380561385,-12.1,0,-43.781738269285285,0.8873383897608534,0.1340281279413815,0.8878401935919065
fitted,Fitting,gdrom,1847,111.6,14.4,0.4218716865267098,0.9834983998804531,1,0,-0.24650207563805204,0.9792942470497485,0.1789135019079942,0.979300028397623
fitted,Fitting,h06,1847,1160.7,57,-9.692535802847255,0.7424909641181686,6.2,0.1,-133.75566656489318,0.6745547742056544,0.03122123266461386,0.6746027155647928
fitted,Fitting,natlake,1847,1458,33,-6.95979263547832,0.9081566771023017,52.9,-0.1,-211.60423648737026,0.8911324955915544,0.09207633457137392,0.8914257352232903
fitted,Fitting,rulebasedloc200,1847,943.4,43,-7.214243317666881,0.9063114310123086,14.4,-0,-88.01879539084466,0.8151510491926333,0.12955976877307498,0.8222185153931114
fitted,Fitting,sdp,1847,2471.1,14.9,-0.6540404709952052,0.988093822693558,111.3,-0.1,-609.7354614707505,0.9778288871841255,2.6004808757431767e-4,0.9778813040632268
fitted,Fitting,starfit,1847,644.7,38.8,-4.421645710184805,0.8657716450957482,-10.2,0,-40.57024085153205,0.8496536710144237,0.1786152776633299,0.8506634887504146
default,Evaluation,gdrom,1848,65.1,93.7,0.7862052535776092,0.4408290499731411,-6.7,1.2,0.5767257148173237,0.1212696666883375,0.6667655186650293,0.22749043017240855
default,Evaluation,h06,1848,644.4,105.1,-2.480601742464392,-0.09715491239253415,313.7,8.6,-40.539222432476365,-0.1046495576743236,0.22660849103966127,0.0069542246113231156
default,Evaluation,natlake,1848,415.3,101.1,-1.1262810302445287,0.057693230232539694,210.2,0.6,-16.251245632853138,-0.023228119721000695,0.46381557987426014,0.0462657266211869
default,Evaluation,rulebasedloc200,1848,612.4,99.1,-2.617484711399631,0.363728472094765,272.6,12.5,-36.5122927901238,0.016846940413185907,0.11429641607620969,0.17226199011773136
default,Evaluation,sdp,1848,932.3,116.3,-3.8054265542754795,0.10394870692394453,477.5,2.5,-85.93770440014153,-0.3533806542169111,0.41777958874693877,0.019575733741572645
default,Evaluation,starfit,1848,56.6,74.5,0.7709587983767927,0.4462196986331036,-19.8,0.4,0.6799121918039845,0.4448100047803859,0.8274954352550982,0.46216358898630083
default,Fitting,gdrom,1848,52.6,91.6,0.8630961257740443,0.4726936873560865,-0.1,0.2,0.7236553715913572,0.16091197738964713,0.7461224423343786,0.25625811384489183
default,Fitting,h06,1848,546.3,133.6,-2.1507919557040776,0.026882999775383554,308.8,-3.4,-28.853231863802204,-0.7863535295667663,0.3343951894650408,9.62318387758623e-4
default,Fitting,natlake,1848,284.1,108.7,-0.6312234386224524,0.07991370371815532,159.4,-3.7,-7.073443214321884,-0.18233757687945285,0.5087686685482818,0.026815612155963824
default,Fitting,rulebasedloc200,1848,584,113.3,-2.3868258793261687,0.19130492678043498,323.7,-7.3,-33.11112631424055,-0.28482309690782315,0.08533514498824327,0.049375338715402235
default,Fitting,sdp,1848,664.4,180,-2.8419441110055033,-0.14690660938093703,376.8,-7.8,-43.14608429184809,-2.24159863492538,0.09177974649034179,0.0033326391543383274
default,Fitting,starfit,1848,44.3,81.1,0.7881857709413065,0.4102943045627355,-12.2,0.6,0.8040974118658106,0.3427518529168192,0.8550232703312362,0.34285291020969766
fitted,Evaluation,gdrom,1848,54.5,95.4,0.8110912067402964,0.5407874777052075,-16.1,1.3,0.7031170420577935,0.09023696374250634,0.8113838482362756,0.29275172672397304
fitted,Evaluation,h06,1848,202.2,113.8,-0.19296380923033718,-1.0378093911245223e-4,60.8,4.2,-3.0911806165770876,-0.295946865725111,0.249321550209805,0.0056251868225141236
fitted,Evaluation,natlake,1848,83.4,106.7,0.5370555240935955,0.03552222048958942,17.1,-1.1,0.3038668969476801,-0.1393357893261653,0.42307188381686545,0.021790695530922635
fitted,Evaluation,rulebasedloc200,1848,127.1,91.9,0.2540127048742308,0.395179562036284,14.4,1.7,-0.6163559027531149,0.15594918002332958,0.437126799818414,0.21791972722024877
fitted,Evaluation,sdp,1848,567.2,103.7,-2.0549814767105463,-0.43015590707781604,271,-8.6,-31.17962353490345,-0.07549596425177785,0.10481860039397349,0.0214452549275836
fitted,Evaluation,starfit,1848,141.7,103.9,0.3148237829479388,0.13112716521534662,-51.4,41.2,-1.0093372076669933,-0.07897856082041677,0.3544527958623405,0.1561379808539167
fitted,Fitting,gdrom,1848,34.8,78.4,0.8873078859698569,0.6671706781267983,-3.2,0.5,0.8786532950223058,0.3848841065288676,0.9028996590164803,0.45361784000539596
fitted,Fitting,h06,1848,168,101.3,0.08210663139207541,0.16001152906309735,80.9,-0.2,-1.8228743303546486,-0.025453164776732873,0.5019607277115372,0.07302781188929325
fitted,Fitting,natlake,1848,72.2,114.6,0.5425432891687112,0.10816595024344455,10.7,-0.4,0.4791244390951075,-0.31431333516064575,0.5172686924312387,0.022484250055131192
fitted,Fitting,rulebasedloc200,1848,448.5,172.9,-1.5854170043801776,-0.026934249420618173,245.6,-5.7,-19.119351935517066,-1.9900114360962688,0.12663855980424651,0.01780995864557159
fitted,Fitting,sdp,1848,350.1,92.5,-0.9953299795783237,0.22955784432353754,195.5,-4.4,-11.256088445752793,0.14414576762789644,0.39224938491371,0.16127364071148112
fitted,Fitting,starfit,1848,325.2,91.4,-0.91599348647707,0.19950912599330017,156.9,-2.7,-9.579979496242268,0.16429902560372744,0.11878761450295888,0.16819512581264937
default,Evaluation,gdrom,1851,63.2,89.6,0.7856857723611628,0.2692310217171703,0.2,0.1,0.6006712669259293,0.19652760998351082,0.6914100414814189,0.2015753189443355
default,Evaluation,h06,1851,216.3,100.9,-0.9223318329266956,0.17616883397973537,2.7,2.8,-3.6815232398722175,-0.018448748835941053,0.6985952664587913,0.08001178712690961
default,Evaluation,natlake,1851,228.4,90,0.6953795783799581,0.1946897140614946,-24.8,2,-4.218020713332432,0.19025518445545808,0.7885404001373155,0.190756246760533
default,Evaluation,rulebasedloc200,1851,353.9,97.5,-1.4226704022000476,-0.07074769692223382,-22.6,1.1,-11.52858539678827,0.049389530082345035,0.342188302268796,0.05076723789812174
default,Evaluation,sdp,1851,257.4,91.3,0.6460173496865246,0.3639122051991889,28.1,1.3,-5.626967767478932,0.16531661273762943,0.7799978763521317,0.20954463032138831
default,Evaluation,starfit,1851,64.6,89.5,0.8546669239341473,0.21098431927684214,4.8,0.8,0.58287446642534,0.19962366830483647,0.7696293390369758,0.19978227295928216
default,Fitting,gdrom,1851,61.1,88.2,0.6551194789542796,0.2973154064127802,-0.1,-0.1,0.62623427667772,0.22133831942599025,0.8110140769782576,0.22489084105157905
default,Fitting,h06,1851,294.9,98.6,-1.377604712654799,0.2634917790678464,11.4,-1,-7.6968954503837015,0.02712696596194275,0.6835843490746534,0.12165441003693114
default,Fitting,natlake,1851,292.6,89.9,0.4182663757611518,0.19557756845060303,-23,1.3,-7.561536673006456,0.1923800467476593,0.7123914366212397,0.19279743358408552
default,Fitting,rulebasedloc200,1851,394.4,90.7,-2.5375276622494556,0.22606838319416023,3.6,0.3,-14.55654655908757,0.17657033627702423,0.4522549976006473,0.18000531151620408
default,Fitting,sdp,1851,320.4,96.1,0.5548272780993138,0.27557152000169527,25.7,-2.1,-9.26978746859788,0.076601317446917,0.732476969164991,0.14192000581680367
default,Fitting,starfit,1851,82.3,89.8,0.7100662586668605,0.1809535414060004,3.7,-0.5,0.3223108748428446,0.1927352773587181,0.6857369277971086,0.19430269383429288
fitted,Evaluation,gdrom,1851,198.8,94,0.006220421487618033,0.12173709037467617,-15.6,0.9,-2.9539818094921877,0.11605195814875169,0.5013195207138758,0.12044043478715692
fitted,Evaluation,h06,1851,146.9,90.3,0.20778294860774993,0.14343177860139056,-7.7,-0.3,-1.1573213992042,0.18466704950604407,0.42703891785304915,0.19177479434487063
fitted,Evaluation,natlake,1851,49.5,89.5,0.8630759011445956,0.20347180342935745,-0.5,0.4,0.7546177084664918,0.1991408135812739,0.793636012344447,0.19954045255357564
fitted,Evaluation,rulebasedloc200,1851,233.3,95.2,-0.4905574627852842,0.07943831504701471,-16.6,0.4,-4.442730683035835,0.09368710883514553,0.6052474688362605,0.09880663768637452
fitted,Evaluation,sdp,1851,56.3,91.7,0.8683005519143715,0.23346922268015557,3.3,-0.2,0.6824678176943675,0.1581511987399321,0.7748514047842366,0.16821940916611736
fitted,Evaluation,starfit,1851,86.3,90,0.812903334690983,0.18968387334783954,7.7,-0.6,0.2545820269791863,0.18895034362336072,0.7381498772068537,0.18923756187271193
fitted,Fitting,gdrom,1851,324.7,89.1,-1.0691988928828136,0.26904611229633135,-17.5,0.8,-9.544741255388745,0.20629317190138174,0.47757838141424763,0.2091633488078562
fitted,Fitting,h06,1851,221.9,89.9,-0.6952366202628317,0.16911427172211102,4.6,-0.2,-3.9231124634338066,0.19119196634785063,0.420768814964488,0.1942472867522451
fitted,Fitting,natlake,1851,73.9,89.4,0.5738359444053469,0.2000492561960232,-0.3,-0.4,0.4531314604584179,0.20146247674005713,0.7463502234213697,0.20242044146705998
fitted,Fitting,rulebasedloc200,1851,243.4,89.2,-1.0366867939212767,0.2945623596676682,-6.7,-0.3,-4.926603367223123,0.20391252588497266,0.6526446821658373,0.2114090771675523
fitted,Fitting,sdp,1851,63.9,92,0.7184366320391242,0.21531330933734727,-1.4,-0.2,0.5917478539435446,0.15300004789220456,0.7616744627976899,0.16126295131641463
fitted,Fitting,starfit,1851,110.4,89.8,0.6860112371312719,0.18058139326856648,6.9,-0.8,-0.21808587162616333,0.1929284025598439,0.6671070415064113,0.19462841064394298
default,Evaluation,gdrom,1862,157.2,106,0.15872659817203671,0.37549761663865755,8.9,3.3,-1.4730677888525907,-0.12463342366042918,0.1677696316345491,0.14726455974499206
default,Evaluation,h06,1862,374.3,113.6,-1.9073903182075198,0.21173593700654403,20.9,3.6,-13.010212080091073,-0.28975192256438587,0.15720499990647666,0.05454181002264632
default,Evaluation,natlake,1862,316.8,89.7,-0.12626647679522485,0.33374635880971903,48.9,1,-9.037270245331479,0.19538440247208289,0.22039996896169944,0.21523749585073765
default,Evaluation,rulebasedloc200,1862,426.5,104.8,-1.5278922047291763,0.24626394933166884,50,1.1,-17.195634415785452,-0.09933430791625697,0.06843376272239021,0.08798811615643107
default,Evaluation,sdp,1862,553.7,124.7,-0.21834397465221222,0.2754687028950161,97.1,0.1,-29.66615686638231,-0.5553504815146013,0.14723764385548735,0.07805781239394624
default,Evaluation,starfit,1862,51.7,77.1,0.8589556314105864,0.46748163238783036,-0,0.5,0.7325483823456808,0.4057886967122427,0.7694832197397671,0.40658060365523035
default,Fitting,gdrom,1862,167.9,112,0.11447130784853088,0.33997540281610694,11.8,-2.2,-1.8183345678367107,-0.2538790598057983,0.07627310544084856,0.11707797476545163
default,Fitting,h06,1862,366.6,115.6,-1.2711063864295822,0.19102841007273463,39.9,0.4,-12.438510597366918,-0.33683158521999235,0.10083512631721755,0.044006128556271944
default,Fitting,natlake,1862,329.2,99.8,0.11591234782477411,0.28831864602167945,56.1,-1.7,-9.842352644422753,0.003300842173927232,0.24244093567181635,0.1251565641170968
default,Fitting,rulebasedloc200,1862,451.6,109.7,-0.8623566097308271,0.3123402368136835,70.2,-2.1,-19.399104636172797,-0.20273464075337078,0.09527114677000333,0.10474823840496178
default,Fitting,sdp,1862,576.2,133.1,-0.31827620161769987,0.22692991186323197,105.2,-2.2,-32.20344605782386,-0.7722536360063217,0.10002100677955958,0.05893938379344878
default,Fitting,starfit,1862,46.1,80.5,0.8919302797091035,0.4108034956298571,1.5,-0.2,0.7874586608617842,0.3524898285424841,0.8135487753582178,0.3529404682019294
fitted,Evaluation,gdrom,1862,148.1,87,0.1764109203992037,0.41907755253960255,-2.7,0.5,-1.19391918367175,0.24259915609481186,0.18272691407915528,0.26786427748364167
fitted,Evaluation,h06,1862,125.3,84.7,0.11103938462747132,0.4283110480484418,-11.3,0.3,-0.5693649560772476,0.2828015375596842,0.03555523553862739,0.2954229758239274
fitted,Evaluation,natlake,1862,109.8,80.1,0.44600470240058554,0.4693243179046226,-4.8,-0.5,-0.20492566169067672,0.3588466004377835,0.2014409808095536,0.3612708298741803
fitted,Evaluation,rulebasedloc200,1862,255.4,84.2,-0.3964912435068497,0.46222012521420075,28.1,-1.7,-5.523459547060157,0.29103701180979735,0.1805160037701816,0.3104050985093752
fitted,Evaluation,sdp,1862,325.1,107.3,-0.7234605372909966,0.24263210778140232,41.6,-1.5,-9.569255308319727,-0.15116348915362532,0.21539011209146622,0.0792007073590108
fitted,Evaluation,starfit,1862,47.8,76.8,0.8823954037889852,0.48182648691158325,-0.4,0.1,0.7719242020686146,0.4101293114261335,0.7964298342513128,0.4103204601393097
fitted,Fitting,gdrom,1862,119.1,90.6,0.3755401342942575,0.4192441574610365,-1.1,0.1,-0.4198141766830745,0.17940241875856144,0.35768324974355736,0.23725436440205722
fitted,Fitting,h06,1862,136.2,86.4,0.24117501283882936,0.4362107268409371,10.1,0.4,-0.8552724660996625,0.25272763082229466,0.061906740878574736,0.2792082590391351
fitted,Fitting,natlake,1862,103.5,84.5,0.3751435405966942,0.45974467182423595,-0.6,-0.6,-0.07070537601877058,0.2856285206145107,0.15254451416198803,0.30610450643612824
fitted,Fitting,rulebasedloc200,1862,291.6,90.1,-0.06627257882504778,0.4738667780517969,44.7,-1.5,-7.5057493181629,0.1883546939054065,0.15666527035288577,0.26618164539879385
fitted,Fitting,sdp,1862,370.9,110.6,-0.8036205756580062,0.2300329308895862,52.8,-2,-12.758094828780424,-0.22269927242674026,0.18400763487723137,0.06656317352017792
fitted,Fitting,starfit,1862,40.6,80.3,0.9181966820109551,0.4227988478508813,0.7,-0.1,0.8350539354803047,0.3546558068874245,0.844342814404924,0.35471222654970475
default,Evaluation,gdrom,1863,128,125.1,0.7254714512216396,0.21188011537105766,-21.7,5,-0.6381820695263285,-0.5665308769356803,0.9080388288999842,0.045584655882601605
default,Evaluation,h06,1863,187.4,103.6,0.3251634560131804,-0.06581681583944676,-29.9,1,-2.514426938040977,-0.07379884110089852,0.8552103501185091,0.012937883827870393
default,Evaluation,natlake,1863,273.3,89.5,0.44421329843976065,0.35091793637483937,-47.2,1.9,-6.468846614788499,0.19808286332448355,0.8508478349505237,0.22197009876897975
default,Evaluation,rulebasedloc200,1863,53.6,113.4,0.9022233290404197,0.294312682552331,7.4,0.8,0.7121655161288899,-0.286677665936079,0.8895855549947195,0.08982909488520963
default,Evaluation,sdp,1863,70.4,98.9,0.6219114626897032,-0.021286720754441157,-4,-1.8,0.50452974785704785,0.02118472207421329,0.7805926837403226,0.043308416550482155
default,Evaluation,starfit,1863,527.2,125.5,-0.05256725012896357,-0.4031233545376496,-91.2,61.1,-26.798852243523086,-0.5764558599077754,0.34251013853325096,3.3128103671180656e-4
default,Fitting,gdrom,1863,158.1,125.3,0.7523237779434662,0.2552728239090458,-18.8,0.9,-1.5012336592461293,-0.571538876476918,0.7713013164118635,0.06627126557414366
default,Fitting,h06,1863,224.8,109.3,-0.016417513964019248,0.024904693481889617,-22.2,1.9,-4.055472486618993,-0.1946204400189575,0.5737489543965199,0.014671526124590682
default,Fitting,natlake,1863,366.2,90.7,0.5234232822693061,0.4293397892153066,-45.2,5.8,-12.415865533540735,0.17697297501988518,0.7305574810865614,0.24385810972036256
default,Fitting,rulebasedloc200,1863,78.2,120.5,0.7535576675341171,0.3280578214880796,5.4,-1.2,0.3881006214624303,-0.4525506084647848,0.6913337612513591,0.11118693816506313
default,Fitting,sdp,1863,132.9,130.8,0.13983017042300383,0.20725788860621164,-0.8,0.7,-0.7655470205745392,-0.712328036662047,0.47620180819237967,0.044730211407038346
default,Fitting,starfit,1863,611,131.4,-0.7959701796933536,-0.09656769167147394,-70.4,38.6,-36.33542959613553,-0.7271349765643831,0.1575886978468503,9.45652428963112e-5
fitted,Evaluation,gdrom,1863,59.5,92,0.684944282144446,0.46524628343066055,-5.9,0.9,0.6457863126372527,0.15314335507255872,0.8890463802087853,0.24990949003408247
fitted,Evaluation,h06,1863,74.6,97.7,0.8035729203281754,-0.006068517665543505,-8.7,-1.4,0.44358566380945263,0.044487604799419045,0.7498159203236185,0.056229227275968435
fitted,Evaluation,natlake,1863,33.9,88,0.8403307533251794,0.3237770773817582,-2,2.1,0.8852068180861217,0.22547002242257064,0.9086294582037694,0.2328710762210058
fitted,Evaluation,rulebasedloc200,1863,39,87.7,0.9318146677778694,0.37690505485710324,3.7,-0.4,0.8480753426685426,0.230906553403468,0.8932012411298413,0.24836318661350626
fitted,Evaluation,sdp,1863,40.9,88.7,0.8059787073660459,0.37139155101146715,5,0.6,0.8323475338941193,0.2125354890506742,0.9390674044764277,0.23593240410550115
fitted,Evaluation,starfit,1863,412,117.8,-0.3820685765772711,-0.29577865297884776,-64.6,44.8,-15.97826042180441,-0.38778741604220346,0.25078336868852424,2.0617028638734584e-4
fitted,Fitting,gdrom,1863,37.1,82.4,0.8603959698923005,0.6300518660190431,-0.6,-0.1,0.8623685389236453,0.3204728414728144,0.8980100221394414,0.4057067485470398
fitted,Fitting,h06,1863,124.1,136.4,0.24958108901515907,0.12216843559443069,0.1,0.8,-0.5403540415314705,-0.8594967178845097,0.45949311765525647,0.01543295167981722
fitted,Fitting,natlake,1863,44.5,99.6,0.9076142307186436,0.29786538735609336,-1.9,0.6,0.8016686360219057,0.008783283187345892,0.8302838208564602,0.13023795320667253
fitted,Fitting,rulebasedloc200,1863,67.6,92,0.7415310394074093,0.4778454623968216,2.2,-0.8,0.5436103284068949,0.15356432477088644,0.7068003969289085,0.2569814481039826
fitted,Fitting,sdp,1863,38.5,88.1,0.9260125735962497,0.35606359383528785,0.3,0.1,0.85159161085507,0.2239040920198686,0.85936558975027,0.23847460563872797
fitted,Fitting,starfit,1863,429.4,123.8,-1.2943359050057004,-0.04154325166560224,-40.3,23.9,-17.44466748836094,-0.5334079800891944,0.25796362338789564,9.326548448754637e-4
default,Evaluation,gdrom,1864,41.9,94,0.9100356688328385,0.5032580691179565,-2.3,-1.1,0.8241453680888076,0.11526882874135413,0.8369454191063102,0.263928008001055
default,Evaluation,h06,1864,412,102.8,-1.1468732000353357,-0.12449472469475387,183.5,2.7,-15.979027841703445,-0.056067399212335944,0.27895538161402694,0.007976389681245637
default,Evaluation,natlake,1864,344.1,99.7,-0.6736919813247904,0.043335536640677796,164.4,-1.6,-10.845004882673837,0.0056311526642131016,0.48522542744233405,0.05100088688380751
default,Evaluation,rulebasedloc200,1864,431.3,99.1,-1.7128397297826927,0.34926230338333186,149.7,12.4,-17.607371469043333,0.017266989130993005,0.06402143890000127,0.16410230997406253
default,Evaluation,sdp,1864,797.3,106.6,-2.9038379816213586,0.14023592511998573,386.9,1.5,-62.58164647335104,-0.13611648294064183,0.4722783322252466,0.04714390821814916
default,Evaluation,starfit,1864,261,109.4,-0.8142547860744818,0.05058559153252118,-18.8,62.9,-5.812935480332657,-0.197125604175715,0.060907317522552434,0.20874985281532554
default,Fitting,gdrom,1864,60.5,98.6,0.8018415495804438,0.4023172130652639,9.4,0.6,0.6341019705172914,0.02703317578759379,0.719543397751417,0.18376982456603094
default,Fitting,h06,1864,482.9,134.3,-1.657738782291256,0.06787764133663576,259.5,-1,-22.326755264833945,-0.8043180754177923,0.3487010290182357,0.004690533502134301
default,Fitting,natlake,1864,281.1,108.2,-0.5421245257896123,0.05091592445218729,148.9,-3.1,-6.904951479669492,-0.1704584652800698,0.3952656477540469,0.02172574976831574
default,Fitting,rulebasedloc200,1864,574.5,115.7,-2.170973697309413,0.23639723902744403,308.9,-6.4,-32.00679069420802,-0.3396751132248468,0.14051762119061215,0.06195570105207058
default,Fitting,sdp,1864,642.4,184.9,-2.558105571057238,-0.13578980567618903,347.1,-6.8,-40.27070966492711,-2.420428441263547,0.062433480166330754,6.354781708466991e-4
default,Fitting,starfit,1864,322.4,93.4,-0.815221832748215,0.114790973098444,155.8,-3.8,-9.39285598881534,0.12707078306669384,0.22252255790924577,0.1299927991460641
fitted,Evaluation,gdrom,1864,75,85,0.7102731261595356,0.6007903816174831,-24.4,0.8,0.4380596563388649,0.27770868571622787,0.7260526311655817,0.37177906849179126
fitted,Evaluation,h06,1864,97.5,104.5,0.5620606998985983,-0.04072955763140129,0.6,-0.5,0.04992115981918155,-0.09214892487432325,0.3301466579281854,0.014238830130278716
fitted,Evaluation,natlake,1864,75.4,103.9,0.5412089091229992,0.051165826818370674,-2.3,-1.2,0.4313365000182918,-0.0805792327662731,0.434654497222875,0.033166952397849794
fitted,Evaluation,rulebasedloc200,1864,114.6,90.4,0.3779668651286483,0.37840549604578677,-13.9,1.8,-0.3128851570073852,0.18258985051828225,0.46401828528844336,0.2229267260408745
fitted,Evaluation,sdp,1864,400.5,102.5,-1.0020499950585622,-0.36767284977575976,181.7,-10.6,-15.044636835379382,-0.051312452891457694,0.16314909864318722,0.00399406384392159
fitted,Evaluation,starfit,1864,171.7,116.8,0.16619364450920493,0.034629708667106684,-70.3,71.2,-1.9490666426279617,-0.36519923984872604,0.3052120197904441,0.19524774452452043
fitted,Fitting,gdrom,1864,75.9,90.9,0.6934131485511916,0.48620934585993847,23.8,-0.3,0.42337310255850236,0.17423628265969604,0.6524302414860402,0.2678266716138899
fitted,Fitting,h06,1864,123.4,102.7,0.39280784662854606,0.08884971816030451,50.9,1.7,-0.5226481446633251,-0.054402486701202735,0.44774143786168474,0.047013435718020045
fitted,Fitting,natlake,1864,80,112.1,0.5046501211688963,0.08103970451750842,7.9,0.1,0.36001609818574487,-0.2577232844928965,0.3852229763683629,0.020290728986215447
fitted,Fitting,rulebasedloc200,1864,443.6,130.7,-1.4402212856057637,0.20749494507139954,236.7,-5,-18.684867027897315,-0.7095861614438759,0.18943724982017143,0.04540976826299662
fitted,Fitting,sdp,1864,323.2,95.2,-0.7594688802460923,0.16413308123584414,173.9,-3.2,-9.44451436676614,0.09284738891892819,0.5617586969658207,0.11596418370392922
fitted,Fitting,starfit,1864,192,91.8,-0.11466120809741209,0.20607539684166698,63.6,1.2,-2.6887700814546096,0.15632206686735428,0.2443943618099287,0.16209073194955675
default,Evaluation,gdrom,1869,51.1,93.7,0.8543815282046627,0.48044957401773203,-6.1,1.3,0.7387559884385019,0.12232101537546469,0.7597281836970909,0.250381423734781
default,Evaluation,h06,1869,586.9,102.2,-2.39644435161345,-0.16531275633204645,309.1,4.7,-33.45224630932731,-0.04383850980708215,0.24259542051799882,0.00562200062158601
default,Evaluation,natlake,1869,369.5,98.7,-1.0476143165886347,0.07655958834291321,202.6,-1.8,-12.657794185602928,0.024678937219582364,0.49926482145987755,0.06495149403502339
default,Evaluation,rulebasedloc200,1869,740.4,89.7,-3.2227616704135817,0.37764406475469037,397.8,6.7,-53.82746372078974,0.19512072344505005,0.12475968754289435,0.23187468162850697
default,Evaluation,sdp,1869,905.9,99.4,-4.077777422728682,0.1743705510930783,505.2,0.4,-81.08161777153019,0.012396696469182844,0.5474940571334509,0.08736889557098448
default,Evaluation,starfit,1869,66,73.3,0.6324222844666716,0.48608179800310336,-28,0.4,0.56377244977561225,0.4626880865599112,0.8300021508005534,0.4715434082033206
default,Fitting,gdrom,1869,71.7,90.1,0.6828359107247862,0.48386747863618984,19.9,-0.4,0.4861557541632592,0.1874084244806663,0.7106564696784476,0.27084253360407745
default,Fitting,h06,1869,525.3,154.4,-2.2413931379794705,0.07053835411999843,312,-3.8,-26.599217466971247,-1.3830113866785663,0.31002343955230577,0.015010336801253835
default,Fitting,natlake,1869,286.1,101.6,-0.7308591863668954,0.23901351507177293,171.1,-4.2,-7.185815919440083,-0.03296430167696918,0.5499190732296976,0.098567682931226
default,Fitting,rulebasedloc200,1869,621.5,125.6,-2.8309156365454813,0.18558212242797767,369.4,-9,-37.62847862238302,-0.577641786202836,0.11662866527800461,0.03656533342716515
default,Fitting,sdp,1869,654.7,171.4,-3.0268597769494283,-0.027551319101826843,395,-9.5,-41.864983731382495,-1.937518153055568,0.17805488750729015,0.011243497468830797
default,Fitting,starfit,1869,39.9,77.4,0.8291294389826314,0.47075310656778735,-15,2.1,0.8404215836935898,0.4000557633982259,0.8991978920468843,0.40086770980400366
fitted,Evaluation,gdrom,1869,48.9,82.4,0.8772702384973303,0.6465424113988473,-3.8,0.2,0.7605951304117127,0.32017639075652693,0.7803508411599086,0.42031039374534396
fitted,Evaluation,h06,1869,167.1,100.5,0.07005890590676644,0.009773969549505046,64.2,0.6,-1.7937222992965456,-0.010953205298851465,0.38945752709490156,0.038881040020325726
fitted,Evaluation,natlake,1869,76.1,102.5,0.586134084260896,0.09748056203385058,8.4,-2.1,0.420935972205579,-0.05166775957532366,0.45153618946330937,0.04980296456276901
fitted,Evaluation,rulebasedloc200,1869,176,85.6,-0.08955719293949072,0.406610056611296,56.2,-1.9,-2.0999346912856764,0.2662935411558639,0.4033496491893943,0.27918249407654927
fitted,Evaluation,sdp,1869,453.7,103.5,-1.6805862949925618,-0.4443558907756795,223.5,-15.4,-19.594438915696994,-0.07219773874876378,0.14429985128422101,0.019490914138268263
fitted,Evaluation,starfit,1869,62.1,71.3,0.6426557864620633,0.6260591947178571,-24.1,0.7,0.614818452087146,0.4912345630935644,0.8236475785791946,0.49581153561004226
fitted,Fitting,gdrom,1869,29.5,69.1,0.9457493381914013,0.7442028686775819,-3.4,1.3,0.91287865539324,0.5230215972629624,0.9183535704135363,0.5623763145331081
fitted,Fitting,h06,1869,174.7,98.8,-0.03076482475293374,0.1560756751225224,85.3,0.9,-2.051286348884148,0.023123860630424153,0.4856377884120892,0.08521852639349933
fitted,Fitting,natlake,1869,67.1,107.8,0.6803472130754005,0.2706314363784006,9,-0.2,0.5498810606824042,-0.16324427781401485,0.5741151966251565,0.08904241527642069
fitted,Fitting,rulebasedloc200,1869,482.6,110.3,-1.9579315493016076,0.2925496599240517,283.8,-7.2,-22.293095826657673,-0.21725418292426357,0.16836489087369158,0.09590698947871662
fitted,Fitting,sdp,1869,346,92.2,-1.1096343495407797,0.18298545549737621,201.2,-5.1,-10.97225625645007,0.1505826846213385,0.4009866898156031,0.15715801012959835
fitted,Fitting,starfit,1869,38.4,77.5,0.7821277854154263,0.5623034432196857,-15.6,1.2,0.8524608195013259,0.3996620078645654,0.9284034451471483,0.41148103535897396
default,Evaluation,gdrom,1879,222.1,284.9,-0.1890293466965247,-0.9607784061116962,-24.2,-0.9,-3.9352949805336204,-7.1172756187311705,0.22919766489525556,0.00199134674001497
default,Evaluation,h06,1879,261.9,337.3,-0.6476602314643916,-1.5080567148362891,15.4,-1.5,-5.860763174863517,-10.379891605912903,0.10036707208849793,0.01660120105550284
default,Evaluation,natlake,1879,189.3,204.8,0.3385767858855512,-0.26979504885739036,32.3,-0.1,-2.583907168300691,-3.1962046750438873,0.5245626000856174,0.02129377209112486
default,Evaluation,rulebasedloc200,1879,219.5,124.3,0.5944507952686626,0.11346259994092411,-39.9,0.4,-3.8210962460942355,-0.5451972582429843,0.8638101706164458,0.015107746023161119
default,Evaluation,sdp,1879,278.8,513.3,-0.22965135024397587,-3.2607983297114345,48.2,0,-6.773784440070198,-25.35344842497658,0.042433211265046386,0.018238727746422254
default,Evaluation,starfit,1879,155.4,351.2,-0.0393001916738458,-1.5904848568180125,18.2,-0.2,-1.4148023775709113,-11.338675662736495,5.952808317671505e-4,0.0014145967089975958
default,Fitting,gdrom,1879,397.5,163.4,-1.0811297233684205,0.0308729756727687,-40.5,6.9,-14.801052969207237,-1.6710066161930772,0.018020085181284853,0.016276490836538707
default,Fitting,h06,1879,338.6,150.4,-1.3276666169627211,0.13695234976222626,5.6,1.3,-10.466905443109574,-1.2628676086093078,0.08260799244046904,0.04637570228719756
default,Fitting,natlake,1879,214.6,118.3,0.39730305796115173,0.294123146768131,29.5,-0.5,-3.608164596531651,-0.3992789074303327,0.356843869390027,0.08654975819018661
default,Fitting,rulebasedloc200,1879,225.1,129,-0.7540309367509384,0.28370443674212587,0.2,0.6,-4.068521193009625,-0.6641283732757015,0.3639226979884616,0.09343684854673188
default,Fitting,sdp,1879,306.2,214,-0.08438994846617076,-0.4100129122328009,43.2,-0.5,-8.379584238056328,-3.5816024327113123,0.07624478748635677,0.09810123633255242
default,Fitting,starfit,1879,160.5,158.1,0.0036887991507539297,0.0759349476754253,12.8,0.4,-1.5768009081258607,-1.4994502709357982,2.0792877545327954e-4,0.02891933776369329
fitted,Evaluation,gdrom,1879,167.2,232.8,-0.1611329130368202,-0.4870912204087501,3,-1.1,-1.7974465148463548,-4.422244730329416,0.3946967188323544,2.592505218922723e-4
fitted,Evaluation,h06,1879,139.1,228.3,0.5401159917381113,-0.46696441929722243,18.5,0.4,-0.9349349466971442,-4.215701286067829,0.4036578538216678,0.012176378980311948
fitted,Evaluation,natlake,1879,67.4,129,0.5313904529782814,0.2157783075884928,-0.1,0.1,0.5458529109607408,-0.6652378663492184,0.5695982570551273,0.047646449649826776
fitted,Evaluation,rulebasedloc200,1879,166,220.1,0.03156823310189372,-0.39394493221434423,24.9,-0.8,-1.757970906532338,-3.847137116728952,0.07946357061814273,0.011085467947921899
fitted,Evaluation,sdp,1879,268.2,428.1,-0.020340952366680654,-2.4063840904635043,46.2,-1.3,-6.1932949555159995,-17.333867752723624,0.09378837179239309,0.01648666856830976
fitted,Evaluation,starfit,1879,338.7,119.2,0.20480296269394027,-0.11370960986934975,-59.4,5.9,-10.476077082328974,-0.42150424031506706,0.4268913550954156,4.240603897990017e-5
fitted,Fitting,gdrom,1879,187.9,131.5,-0.43128747433854864,0.22423739301849233,-1.1,0.1,-2.5299950166253042,-0.7293431089859699,0.4468380931153418,0.054462838438784564
fitted,Fitting,h06,1879,195.8,138.7,0.10220507719941396,0.2090436760799479,18.4,0.5,-2.835537315101172,-0.9232593792442085,0.21756428657607196,0.06023243388827641
fitted,Fitting,natlake,1879,81.4,95.3,0.6319624839469531,0.2417592464345487,0.5,0.1,0.337957481241443,0.09132927854533168,0.41253450819955606,0.13595906996373525
fitted,Fitting,rulebasedloc200,1879,116.5,110.8,0.5650788322171677,0.22608568876982726,11.3,-0.4,-0.3583292601419361,-0.22690582105542823,0.5622332411962414,0.06454823622495579
fitted,Fitting,sdp,1879,295.8,183.9,-0.002908614196342585,-0.12067328898584373,41.5,-0.4,-7.75195624934668,-2.3825978004157076,0.09179878713263113,0.0941489306638906
fitted,Fitting,starfit,1879,352.5,111,-1.5264081465974924,0.284340478276489,-25.6,4.7,-11.428668616562627,-0.23307531296669115,0.264965653238886,0.09008317565080207
default,Evaluation,gdrom,1883,22.5,21.5,0.9236617810972182,0.9768456786840957,0.8,0.1,0.9495091931923905,0.9539371254958383,0.9584678470137381,0.9545979072623078
default,Evaluation,h06,1883,261.1,54,-0.931119780954216,0.732585160198115,15.2,7.7,-5.8196026053957155,0.7083677367537071,0.15393254094979847,0.7232331470422685
default,Evaluation,natlake,1883,1048.9,159.7,-6.316365555440499,-0.023675422310831085,730.4,-0.2,-109.04213754955788,-1.5505974725149034,0.36326634190079254,0.3123220751954091
default,Evaluation,rulebasedloc200,1883,1131.7,162.4,-6.937119736614703,-0.05673391385666515,787.9,-0.5,-127.11606859213649,-1.6365843247450438,0.30905133119380257,0.3186904661757408
default,Evaluation,sdp,1883,1149.6,164.3,-7.121981540732069,-0.07216342051184532,799.9,-0.5,-131.1854385952291,-1.7007513792354927,1.0523536628083568e-4,0.3117556494918546
default,Evaluation,starfit,1883,65.6,33.6,0.6791793241513235,0.8845964495558948,-13.8,0.5,0.5693245181681877,0.8872523023903679,0.7590069065990657,0.8891550410932667
default,Fitting,gdrom,1883,10.6,21.2,0.95478628216624994,0.9553896412923262,-1,0.1,0.9887424153784429,0.9550468793885329,0.9912282185645614,0.958683043055043
default,Fitting,h06,1883,143.2,84.7,0.014878970767699506,0.5842742820209449,5.2,7.5,-1.0508623210863135,0.2819823550687992,0.48693358326483116,0.36876608585335535
default,Fitting,natlake,1883,899.1,184.6,-6.176971578770865,-0.2515802028001206,715.6,-1.7,-79.85848885754828,-2.4089403469050428,0.22786058021584554,0.2692720309669713
default,Fitting,rulebasedloc200,1883,977.5,196.3,-6.832756226755424,-0.3715160843044629,776.9,-1.7,-94.56751055545004,-2.8527069233511115,0.005179903561284135,0.26764785535256247
default,Fitting,sdp,1883,997.2,203.1,-7.000006652707054,-0.42906526025956615,792.5,-1.7,-98.46241387468757,-3.1249609317266893,3.6131612738862963e-4,0.25183585758976607
default,Fitting,starfit,1883,64.5,45.4,0.6493947986792388,0.8018091325957459,-14.6,0.7,0.5835620994047117,0.7940027966102328,0.7860293403305315,0.7976574536199154
fitted,Evaluation,gdrom,1883,65.4,26.8,0.5652390596455488,0.8924858507634318,-32.4,6.2,0.5721964546657199,0.9281901185873409,0.9007117818389061,0.9381165573342171
fitted,Evaluation,h06,1883,190.7,52,-0.23670461798379816,0.7715112600262917,-43.7,15.3,-2.6385091819843627,0.7299794199241723,0.2058356846253274,0.7748076006658291
fitted,Evaluation,natlake,1883,154.4,28.3,-0.054059352773566216,0.9596864033339874,102.3,-0.6,-1.3836340409642256,0.9201462846699551,0.8615758369931701,0.9219433865562694
fitted,Evaluation,rulebasedloc200,1883,683.3,116.9,-3.832794020905615,0.3804323034682279,434,0.7,-45.70725981748858,-0.36600793019647737,0.11267172682384186,0.38846859352608365
fitted,Evaluation,sdp,1883,1144.2,164.8,-7.0068803162834215,-0.06649211582600345,793.7,-2.4,-129.95306470459707,-1.7178653933637698,0.002167228174730257,0.2972479605814614
fitted,Evaluation,starfit,1883,86.9,36.3,0.4373527271052662,0.8880315601026774,-55.7,4.6,0.24543052694355105,0.8679397142002104,0.8827227735033822,0.8721746143848683
fitted,Fitting,gdrom,1883,55.8,25.6,0.5800332471255991,0.9070688730719155,-37.8,6.5,0.6886343220804817,0.93463580219731,0.9538878240478386,0.9421551671967353
fitted,Fitting,h06,1883,116.9,74.8,0.24894633083924045,0.6484242363415877,-36.6,13.7,-0.36567748966852043,0.4404527931727671,0.5710453565514544,0.4963352070915528
fitted,Fitting,natlake,1883,123.3,34.5,0.04240359828444362,0.924443772086188,95.3,-0.6,-0.5209724515411815,0.8810850350869207,0.9134724694733215,0.8924696478640605
fitted,Fitting,rulebasedloc200,1883,574.3,118.7,-3.4976186853823874,0.35472421608813776,430.6,-1,-31.98431598311396,-0.4084329964103022,0.12202632721874973,0.398467216908843
fitted,Fitting,sdp,1883,995.3,201.9,-6.981924456062144,-0.4186787132118506,790.8,-1.7,-98.08726626987664,-3.0758107572280684,3.1605250935259546e-4,0.2544414273032653
fitted,Fitting,starfit,1883,72.8,49.1,0.4790531548657555,0.8062726177926953,-49.9,5.3,0.46952467054065394,0.7589458901434929,0.8956921214926056,0.7634032777244316
default,Evaluation,gdrom,1896,265.6,65.3,-0.6470083339857464,0.7230905044425548,-15.8,0.8,-6.057920178033954,0.5734604193028385,0.09807921088995954,0.5823243173358869
default,Evaluation,h06,1896,219.8,71,-0.29832165160042967,0.5666820325229678,-11.4,0.7,-3.833980457909999,0.4955094836069863,0.09501217023256461,0.4959922937930322
default,Evaluation,natlake,1896,235.3,60.5,0.39480230380103254,0.8090062920933991,27.9,0.1,-4.538639776016082,0.633914450288596,0.21459841383014266,0.6586446723476588
default,Evaluation,rulebasedloc200,1896,371,73.5,-1.6244198894372466,0.6859938870339628,11.9,0.2,-12.768163320313697,0.4601224513905766,0.0037581426593793965,0.4961437002104888
default,Evaluation,sdp,1896,324.7,66.2,-0.33501070327925375,0.786615302936926,40.9,0,-9.542701022090162,0.5618684957505629,0.0368210507774139,0.6281196164398339
default,Evaluation,starfit,1896,106.7,59.8,0.30565478129552226,0.7905817934400889,4,0.4,-0.13859643391809473,0.6423705856333832,0.12247009663024358,0.6537565252826589
default,Fitting,gdrom,1896,172.4,71.5,0.042796022010002877,0.7156944747613309,6.3,-0.2,-1.97172010029393,0.4886346284044619,0.03366041752536903,0.5274474450655653
default,Fitting,h06,1896,195.3,70.5,-0.18542862277627647,0.5938198682333076,3,0.1,-2.8139499202886373,0.5032003637199172,0.04769516125526724,0.5032473196831496
default,Fitting,natlake,1896,282.7,63.8,0.23605819618002089,0.798178337658336,31.3,-0.4,-6.9960279744042,0.5929997016199307,0.12425833239502712,0.6375165782045226
default,Fitting,rulebasedloc200,1896,377,69.4,-1.6334361024633814,0.7592077547215146,15.3,-0.3,-13.214332406452337,0.5185830451618869,0.0030924909653307817,0.5764279121520921
default,Fitting,sdp,1896,325.8,69.4,-0.23615562733636364,0.7662307900815951,36.8,-0.4,-9.616565125549421,0.5176400280723976,0.02260156146775523,0.5971961052354413
default,Fitting,starfit,1896,105,60.6,0.3734243933730135,0.7972417387402795,3.8,-0.2,-0.10180693377230066,0.6321483601402572,0.1640283995994574,0.6500821890768318
fitted,Evaluation,gdrom,1896,202,72.6,-0.19109770255011527,0.6926694805561647,-9.2,0.2,-3.0816539084129735,0.47290525324455646,0.0016024811249147257,0.5062435129434417
fitted,Evaluation,h06,1896,112.8,73.7,0.0578742735917821,0.551800031522836,5.2,-0,-0.27337845420388196,0.45654809100105387,0.02912008529864875,0.4567622798794057
fitted,Evaluation,natlake,1896,132.2,63.8,0.3007538566715363,0.6643502930604461,-3.4,0,-0.7476919241118196,0.5926562110027751,0.1174975218709924,0.5928640559105841
fitted,Evaluation,rulebasedloc200,1896,315.2,70.2,-1.1823973680325723,0.6363862701175464,2.5,-0.4,-8.9363887222824,0.5065627213934798,0.010115036494058276,0.5102685000636217
fitted,Evaluation,sdp,1896,307.2,65.1,0.020146505498996437,0.793027841358299,38.7,-0.8,-8.439049400045656,0.576635795151663,0.11685619517786927,0.6341152177217747
fitted,Evaluation,starfit,1896,136.1,69.6,0.2022961567711934,0.6324024786238103,2.4,-0.1,-0.8517387230536697,0.5150133795198029,0.04675756948484444,0.5169515417235765
fitted,Fitting,gdrom,1896,253.9,71.7,-0.38227113545997593,0.7391247631449505,-15.3,0.1,-5.446663347605511,0.4863081955232509,3.315006840542342e-4,0.5468939839308874
fitted,Fitting,h06,1896,116,74.1,0.18050550131093834,0.5642224214914895,-0.8,0.1,-0.34623251888993734,0.45111555309950746,0.040335864106434784,0.45266779354885667
fitted,Fitting,natlake,1896,133.5,60.3,0.25771650117014444,0.7328555334178306,-0.1,-0.2,-0.7814084224878663,0.6357587711259483,0.08523092858818024,0.6365247406312899
fitted,Fitting,rulebasedloc200,1896,204.9,57.1,0.1474795432807241,0.8026617042842332,21,-0.4,-3.1992132179956707,0.6736543406007115,0.07140141916737636,0.6806920552706657
fitted,Fitting,sdp,1896,322.6,68.2,-0.1503936541760842,0.773808000760919,36.5,-0.4,-9.40724052841471,0.5344669277363262,0.05557659869021782,0.6068079388153841
fitted,Fitting,starfit,1896,132.4,68.4,0.30586139125190603,0.6492900175033611,3.1,-0.2,-0.7537414775139648,0.5317655342822466,0.12639726231905543,0.5337833744913517
default,Evaluation,gdrom,1910,339.4,51,-1.37713982165682,0.844728719436179,-8.4,0.2,-10.519825436371855,0.7395649231660008,0.1269900537351479,0.7438565479221346
default,Evaluation,h06,1910,571.7,67.1,-2.8759253193419987,0.602852522497056,-19.6,0.7,-31.69535091214349,0.5492512773585272,0.07983405474069258,0.5512845204850639
default,Evaluation,natlake,1910,387.4,55.6,-0.6090220083995743,0.8452367250844021,18.8,0.1,-14.015488118733582,0.690635334530767,0.29794915566257624,0.7144289576986166
default,Evaluation,rulebasedloc200,1910,761.3,63.1,-5.822558461341582,0.7839773373074588,-1.7,0.3,-56.97700657880579,0.6013470227010451,0.05430361677237666,0.6254439516387424
default,Evaluation,sdp,1910,583.8,57.1,-0.22164475069005096,0.8354427821964393,33.6,0,-33.087518507255034,0.6737751179781699,0.0391088902288554,0.720509146703119
default,Evaluation,starfit,1910,172.2,52.6,-0.12189962959066092,0.8355812430753795,-1.1,0.1,-1.9664392109098978,0.723278523591464,0.005828423531288916,0.7284482762356073
default,Fitting,gdrom,1910,183.5,49.3,-0.1510326623112701,0.8667413860500297,1,-0,-2.3691103603356503,0.7569041783951609,0.1597163424814676,0.7637695854944624
default,Fitting,h06,1910,359.8,63.8,-1.7846438619171394,0.6569052477109438,-4.3,0.1,-11.950147646413356,0.5927120061917073,0.08325815733702517,0.5933449304568945
default,Fitting,natlake,1910,437.5,53.6,0.14165785161865063,0.8532917232621727,26.5,-0.3,-18.144802476179837,0.712910268329117,0.28779346076130075,0.7505880751337553
default,Fitting,rulebasedloc200,1910,630.9,59.2,-4.0649885339789735,0.8274381786317967,15.9,-0.2,-38.81398617367356,0.6499358637315837,0.08588649631505849,0.6949560295604349
default,Fitting,sdp,1910,546.2,56.6,-0.18823501753252425,0.8236840635591496,34.4,-0.3,-28.833484609955594,0.6790298849000378,0.03712811905304598,0.7401631329855921
default,Fitting,starfit,1910,149.4,54.1,-0.013105009928980449,0.8542834134436019,1.2,-0,-1.2313215936377144,0.7070187484051639,8.87310605099089e-5,0.7300164421051621
fitted,Evaluation,gdrom,1910,117.8,53.1,0.22051060235539577,0.8560936791031656,0.3,0.2,-0.3872936512299989,0.7181673909941544,0.05216221344353115,0.7343876092490048
fitted,Evaluation,h06,1910,235.5,67.4,-0.4623839998661259,0.6316929687103157,3.8,0.3,-4.5487004991122655,0.546201929416212,0.024287619518229442,0.5462073888326898
fitted,Evaluation,natlake,1910,288.8,55.4,-1.0923414257454334,0.7616475704680032,-6.3,0.2,-7.342452078525353,0.6926649431295165,0.24415917876521848,0.6926694578872076
fitted,Evaluation,rulebasedloc200,1910,656.5,58.3,-4.525027709134569,0.7575579933201654,-11.4,0.1,-42.11545058810502,0.6595532059365588,0.0805657044149376,0.6606517975351086
fitted,Evaluation,sdp,1910,510.6,55.6,0.30356465058208904,0.8465713423989537,28.9,-0.5,-25.075298866751012,0.691081341772507,0.24489542980695853,0.7272514741451785
fitted,Evaluation,starfit,1910,228.2,64.4,-0.4622194892062028,0.6730481531899744,-0,0.1,-4.207714880557714,0.5850532425813175,0.009058882205141602,0.5851147858817932
fitted,Fitting,gdrom,1910,103.7,50.9,0.2543959004281896,0.8714717926348032,3,-0,-0.0761114633803488,0.741223355268368,0.16636119336955077,0.7599794821344917
fitted,Fitting,h06,1910,297.4,64.4,-0.8257152225448705,0.6950627808146415,8.4,-0.1,-7.848375302642838,0.5854791401837145,0.013462966671743033,0.586940549129382
fitted,Fitting,natlake,1910,212.2,51.4,-0.5963936810859991,0.8266798958830142,0,-0.1,-3.502874321762299,0.735866481028953,0.33724801810567634,0.7375250646499557
fitted,Fitting,rulebasedloc200,1910,281.2,47.6,0.4760737950980245,0.8768309735280302,16.7,-0.2,-6.91028403229768,0.7730210938368203,0.2747944457952175,0.7793318635709322
fitted,Fitting,sdp,1910,523.3,55.8,0.23778832057529908,0.8308410042448946,32.9,-0.3,-26.388792082975364,0.6881474174192144,0.14307235719239028,0.743836566570578
fitted,Fitting,starfit,1910,210.3,58.2,-0.26238170156322727,0.7441090079527316,3.3,-0.1,-3.4223464828698074,0.6607018797260964,0.020334006013074002,0.6608584532520512
default,Evaluation,gdrom,1916,1073.9,13.9,-7.657124111400302,0.9831144329227166,-18.9,0.1,-114.3614324650051,0.9805826286208078,0.2061940336273596,0.9805992892118641
default,Evaluation,h06,1916,1641.4,43.1,-6.337090156419328,0.8719001724696507,-48.7,0.3,-268.49113566449137,0.8144711060778342,8.57774467994125e-9,0.814680261415547
default,Evaluation,natlake,1916,452.2,12.8,-0.36843547036326774,0.9909790513172481,15.2,-0.1,-19.456591498878794,0.9835297132138373,0.005580797719574248,0.983668684146354
default,Evaluation,rulebasedloc200,1916,452.2,12.8,-0.38801595770358244,0.9909823230726554,15.2,-0.1,-19.458037383226525,0.9835230798867995,0.002311276588600028,0.9836617785385813
default,Evaluation,sdp,1916,452.2,12.8,NA,0.9909336554404629,15.2,-0.1,-19.45854224787443,0.983496022805761,NA,0.9836368341448914
default,Evaluation,starfit,1916,696.6,30.4,-4.1411122537427065,0.9125606991948209,-10,-0.1,-47.54429280109817,0.9077429868779059,0.07428365699745236,0.9084698636648287
default,Fitting,gdrom,1916,394.2,15.6,-2.1404420264353905,0.987435501969896,-4.9,0,-14.54028023993112,0.9757110838030635,0.14758387513627952,0.9757936746351022
default,Fitting,h06,1916,1190.1,43.1,-3.951956201363621,0.8594218443832609,-50.1,0.1,-140.6690491313674,0.8138863259915904,9.622335304738755e-4,0.813898690122957
default,Fitting,natlake,1916,313.8,15.6,-0.39072972817325,0.9877525589097583,14.4,-0.1,-8.845718323602402,0.9756135497626293,0.0018247842214006247,0.9757800609438525
default,Fitting,rulebasedloc200,1916,313.8,15.6,-0.3966068999997341,0.9877544396744972,14.4,-0.1,-8.845873009023913,0.9756165903753808,0.0012141142175333608,0.9757834047416327
default,Fitting,sdp,1916,313.8,15.6,NA,0.9877875986386342,14.4,-0.1,-8.846022882543073,0.9756823345477204,NA,0.9758474525845582
default,Fitting,starfit,1916,485.5,30.3,-2.4203481998359604,0.9139949417203731,-8.6,0,-22.574022414844737,0.9083113029552228,0.04996291041253635,0.9089710773548895
fitted,Evaluation,gdrom,1916,494,15.6,-3.032589713631327,0.9873619289511376,-5,0,-23.406787488011354,0.9755898519336879,0.12497266413123534,0.9758333668704983
fitted,Evaluation,h06,1916,1263,41.8,-7.003370266183586,0.8784974521637609,-30.9,0.2,-158.56884686423646,0.8252107975613897,0.016159413807300113,0.8253512026397802
fitted,Evaluation,natlake,1916,323.8,11.9,-1.8686570420755575,0.9896233796804379,-1.8,0,-9.490030910972044,0.9858325660040923,0.5371150352703224,0.9858327686551432
fitted,Evaluation,rulebasedloc200,1916,142,11.7,0.07341997010736268,0.9890040562150535,0,-0,-1.0181342972792957,0.9862776835083834,0.43130621034328886,0.9862805456200585
fitted,Evaluation,sdp,1916,452.2,12.9,NA,0.9908523705345595,15.2,-0.2,-19.45854224787443,0.9833957827563561,NA,0.983538637059663
fitted,Evaluation,starfit,1916,394.4,18.7,-2.2496865397682972,0.9739671225047833,-0.4,-0,-14.557251289068498,0.9650366918391428,0.12587361370935968,0.9650390944257942
fitted,Fitting,gdrom,1916,102.4,16.9,0.520128556532655,0.9845445928653669,0.5,0,-0.04834331668915959,0.9713599731973496,0.2798257892228428,0.9717712936928432
fitted,Fitting,h06,1916,634,41.3,-3.511462340325825,0.8800491984408979,-15.2,0,-39.206902419102946,0.8297227967942974,7.614031186914026e-4,0.8297988774361006
fitted,Fitting,natlake,1916,172.9,13.1,-0.2326073204561705,0.9867809900605901,2.3,-0,-1.9905027605653167,0.9828561489916922,0.4819519927885204,0.9828581995152486
fitted,Fitting,rulebasedloc200,1916,106.7,13.3,0.5071728064910244,0.9854985564388676,1,0,-0.13949603197726712,0.982309895262512,0.3826581660004426,0.9823165651274297
fitted,Fitting,sdp,1916,313.8,15.6,NA,0.987789774442091,14.4,-0.1,-8.846022882543073,0.975684840197467,NA,0.9758497891420385
fitted,Fitting,starfit,1916,274.1,17.5,-0.9589291794559791,0.9762077661783479,2.3,-0,-6.515698534773978,0.9694953145924378,0.0927952052661861,0.9695032526155798
