GRAND_ID,HUC2,Month,demand_res_irr,demand_res_watsupply,demand_Thermoelectric,Total_demand_res_Mm3_month
767,07,1,0,4.617796145204864,37.41557969463421,42.033375839839074
767,07,2,0,4.533514528965696,33.9509260322209,38.484440561186595
767,07,3,0,4.725822989588142,33.078815827662055,37.80463881725019
767,07,4,0,4.849779650801589,30.115965243891434,34.965744894693024
767,07,5,0,5.038780285005463,31.663439657572496,36.70221994257796
767,07,6,0,5.345283938246279,35.59336382010979,40.93864775835607
767,07,7,0,5.6130919019910435,39.17356860967993,44.78666051167097
767,07,8,0,5.500482011370794,38.25127357438345,43.75175558575424
767,07,9,0,5.127347072288762,33.732198673849354,38.85954574613812
767,07,10,0,4.866622283067361,32.69318076225683,37.55980304532419
767,07,11,0,4.6221600718530444,32.13424911669222,36.75640918854526
767,07,12,0,4.588696882411776,35.86642783544471,40.455124717856485
961,07,1,0,12.643336465280747,102.44232275476506,115.08565922004581
961,07,2,0,12.412576856488577,92.95624311587807,105.36881997236665
961,07,3,0,12.939109534916698,90.56844114187969,103.50755067679638
961,07,4,0,13.278497789736447,82.45627775288635,95.7347755426228
961,07,5,0,13.79597377508768,86.69319923412137,100.48917300920904
961,07,6,0,14.635168207649507,97.45317042115421,112.08833862880371
961,07,7,0,15.368415429318825,107.25562430733301,122.62403973665184
961,07,8,0,15.060094167041209,104.73041832490347,119.79051249194468
961,07,9,0,14.038466006459672,92.35737657887748,106.39584258533715
961,07,10,0,13.324612226147474,89.51258814806752,102.837200374215
961,07,11,0,12.655284717474608,87.98225622483947,100.63754094231408
961,07,12,0,12.56366387714221,98.2008084965216,110.7644723736638
1659,07,1,0,6.970736145753933,56.480218179954505,63.45095432570844
1659,07,2,0,6.843509891006635,51.25019377920614,58.093703670212776
1659,07,3,0,7.13380671127385,49.93371077847604,57.06751748974989
1659,07,4,0,7.3209239316225245,45.461176909651094,52.78210084127362
1659,07,5,0,7.6062274640843075,47.79714746592549,55.4033749300098
1659,07,6,0,8.068906202440916,53.72951510374704,61.798421306187954
1659,07,7,0,8.473172348952145,59.13396825652925,67.60714060548139
1659,07,8,0,8.303183503573797,57.74172937516014,66.04491287873394
1659,07,9,0,7.73992234493566,50.92001664381027,58.65993898874593
1659,07,10,0,7.346348515522047,49.35158021121793,56.697928726739974
1659,07,11,0,6.977323656390468,48.50785196895052,55.485175625340986
1659,07,12,0,6.926809719253447,54.141715456890914,61.06852517614436
768,07,1,0,5.384125691476344,43.624745995889675,49.00887168736602
768,07,2,0,5.285857426476457,39.585128349442115,44.87098577591857
768,07,3,0,5.510079737502626,38.56829027116535,44.07837000866798
768,07,4,0,5.6546071751120115,35.113750606253966,40.76835778136598
768,07,5,0,5.874972721429832,36.918030502033744,42.79300322346358
768,07,6,0,6.232341072490298,41.50013092044275,47.73247199293305
768,07,7,0,6.5445921317921325,45.674475560642556,52.21906769243469
768,07,8,0,6.413294476777107,44.599124410761824,51.01241888753893
768,07,9,0,5.978237287432535,39.33010288867987,45.3083401761124
768,07,10,0,5.674244865092846,38.11865854254552,43.79290340763836
768,07,11,0,5.389213817682735,37.46697143076418,42.85618524844692
768,07,12,0,5.350197366474388,41.81851028023954,47.16870764671393
774,09,1,0,0.08308923544195769,0.013751308849620034,0.09684054429157772
774,09,2,0,0.08272868107211372,0.012010671529099591,0.0947393526012133
774,09,3,0,0.08210731500893219,0.012627052774218278,0.09473436778315046
774,09,4,0,0.08631626081106204,0.0074487802794760746,0.09376504109053811
774,09,5,0,0.10223156892532538,0.006498717360179274,0.10873028628550466
774,09,6,0,0.1174204138256085,0.006838547483753918,0.12425896130936241
774,09,7,0,0.13105245284328917,0.0104337992072037,0.14148625205049287
774,09,8,0,0.12430509327957094,0.00962828133054388,0.1339333746101148
774,09,9,0,0.10555473381860471,0.007091598941226508,0.11264633275983121
774,09,10,0,0.08538832131091492,0.0088749817020659,0.09426330301298082
774,09,11,0,0.08122691249317128,0.009878950869037657,0.09110586336220894
774,09,12,0,0.08318116413535531,0.011892627755751261,0.09507379189110657
451,14,1,0,0.8027421233984285,1.9418562797108823,2.7445984031093107
451,14,2,0,0.797634888498289,1.6189795801551494,2.4166144686534383
451,14,3,0,0.8546905076733095,1.6679183681693561,2.5226088758426655
451,14,4,0,0.9970674737874117,1.514024448743695,2.5110919225311066
451,14,5,0,1.2780302651348125,1.6166429993571938,2.894673264492006
451,14,6,0,1.6715575936805436,1.7580706573259721,3.4296282510065157
451,14,7,0,1.7633432824689956,2.0234562489393086,3.7867995314083043
451,14,8,0,1.652289184206353,2.0532668557613047,3.7055560399676577
451,14,9,0,1.3924322605492057,1.8887632016589089,3.2811954622081148
451,14,10,0,0.953762729201578,1.8221284488512717,2.7758911780528495
451,14,11,0,0.8048596606383838,1.785211689306426,2.59007134994481
451,14,12,0,0.8029073975340136,1.9376633669587813,2.740570764492795
597,14,1,0,5.227545143715762,12.645582023055514,17.873127166771276
597,14,2,0,5.1942862673944195,10.542973385008741,15.73725965240316
597,14,3,0.26487723762134613,5.5658387451407965,10.861668164024373,16.692384146786516
597,14,4,10.850439901783421,6.493013233799524,9.85949400660607,27.202947142189014
597,14,5,155.99019108225585,8.322673884040425,10.527757313437037,174.8406222797333
597,14,6,518.5823373384693,10.88536720147784,11.448749802870447,540.9164543428176
597,14,7,655.0308604577945,11.48308571867409,13.176970012340956,679.6909161888095
597,14,8,504.08354317585696,10.759889196228153,13.371099968127764,528.2145323402128
597,14,9,278.5465867681472,9.067672281568239,12.299834049645925,299.9140930993614
597,14,10,66.56918760320801,6.211007966278303,11.865901198374122,84.64609676786043
597,14,11,3.401102968566643,5.241334779506273,11.625495193188573,20.267932941261492
597,14,12,0,5.228621427094541,12.618277313290843,17.846898740385384
423,14,1,0,0.07685802189955492,0.1859217650619422,0.2627797869614971
423,14,2,0,0.07636903301961512,0.15500814570401839,0.2313771787236335
423,14,3,0,0.08183178612578278,0.15969375809596542,0.2415255442217482
423,14,4,0,0.09546357603767029,0.14495928498852248,0.24042286102619276
423,14,5,0,0.12236417554641271,0.1547844312969818,0.2771486068433945
423,14,6,0,0.16004219337285377,0.16832533031863692,0.3283675236914907
423,14,7,0,0.16883015437968785,0.19373450098192904,0.36256465536161686
423,14,8,0,0.15819735205436486,0.19658869812093577,0.3547860501753006
423,14,9,0,0.1333175201045481,0.18083840287539352,0.3141559229799416
423,14,10,0,0.09131739146516757,0.1744585018570202,0.26577589332218776
423,14,11,0,0.07706076412376087,0.17092393075273285,0.24798469487649372
423,14,12,0,0.07687384596404832,0.18552031736070582,0.2623941633247541
488,14,1,0,0.041415798974953136,0.10018600865030139,0.14160180762525454
488,14,2,0,0.0411523018844472,0.08352786141631166,0.12468016330075886
488,14,3,0,0.04409596708559584,0.0860527557097537,0.13014872279534953
488,14,4,0,0.0514416085255663,0.07811292117930965,0.12955452970487596
488,14,5,0,0.06593729543012676,0.08340731042266605,0.1493446058527928
488,14,6,0,0.08624051392973818,0.09070397429665857,0.17694448822639675
488,14,7,0,0.09097600435043134,0.1043959881984277,0.19537199254885904
488,14,8,0,0.08524640068952134,0.10593400403623414,0.19118040472575548
488,14,9,0,0.07183962683433583,0.09744678246113249,0.16928640929546832
488,14,10,0,0.04920739090554687,0.09400890191819623,0.1432162928237431
488,14,11,0,0.04152504887488449,0.0921042590104051,0.1336293078852896
488,14,12,0,0.041424325947907,0.0999696840965015,0.1413940100444085
492,14,1,0,0.11811764546782,0.28572998091257124,0.40384762638039123
492,14,2,0,0.11736615312218146,0.23822103075746026,0.3555871838796417
492,14,3,0.00598496517690806,0.1257614711218538,0.2454220162841881,0.37716845258294995
492,14,4,0.2451683109861687,0.14671120269324958,0.22277764907767073,0.614657162757089
492,14,5,3.5246360538580994,0.18805282712118518,0.23787721994418012,3.950566100923465
492,14,6,11.717493198744398,0.24595750176100362,0.2586872677495436,12.222137968254945
492,14,7,14.800580543822797,0.2594630960624914,0.2977368209108311,15.35778046079612
492,14,8,11.389889441812892,0.24312229591760526,0.3021232341625416,11.935134971893039
492,14,9,6.293827423318053,0.204886245900757,0.27791772192261205,6.7766313911414215
492,14,10,1.5041468766365296,0.14033922554271797,0.2681129043123846,1.9125990064916323
492,14,11,0.07684874326214872,0.11842922562000519,0.2626808725444758,0.4579588414266297
492,14,12,0,0.11814196435078754,0.2851130243987739,0.40325498874956145
493,14,1,0,0.24712670439408974,0.5978066041686152,0.8449333085627049
493,14,2,0,0.24555442595914892,0.4984079898925263,0.7439624158516752
493,14,3,0.012521793117571333,0.26311917897621306,0.5134739507365783,0.7891149228303627
493,14,4,0.512943146436014,0.30695037879970044,0.46609722037023504,1.2859907456059494
493,14,5,7.374272393669121,0.39344566372270834,0.49768866609560797,8.265406723487438
493,14,6,24.515435153630545,0.5145942978330024,0.5412276184007825,25.57125706986433
493,14,7,30.96589572563648,0.5428508127456669,0.6229274130638914,32.13167395144604
493,14,8,23.830019892625682,0.5086624569672039,0.6321047027627544,24.97078705235564
493,14,9,13.16799723690295,0.4286646802397156,0.5814617319827935,14.178123649125459
493,14,10,3.1469884036007056,0.293618876064029,0.5609480123467144,4.0015552920114486
493,14,11,0.16078356949958283,0.2477785949381246,0.5495830710320568,0.9581452354697643
493,14,12,0,0.2471775845600337,0.5965158027019474,0.8436933872619811
509,14,1,0,0.0668409419750209,0.1616901606788648,0.2285311026538857
509,14,2,0,0.0664156841223897,0.13480558328964587,0.20122126741203555
509,14,3,0,0.07116646425397322,0.13888050921496928,0.2100469734689425
509,14,4,0,0.08302159213778655,0.1260664133318588,0.20908800546964534
509,14,5,0,0.10641617563626636,0.134611026087546,0.24102720172381237
509,14,6,0,0.13918353213370874,0.14638710909653777,0.2855706412302465
509,14,7,0,0.14682613829529073,0.16848464504611113,0.31531078334140183
509,14,8,0,0.13757913315915027,0.17096684821291844,0.3085459813720687
509,14,9,0,0.11594194601062693,0.15726932458978138,0.2732112706004083
509,14,10,0,0.07941578918346948,0.1517209305089036,0.23113671969237307
509,14,11,0,0.06701726034633869,0.14864702805540284,0.2156642884017415
509,14,12,0,0.06685470365337888,0.16134103456501014,0.228195738218389
541,14,1,0,0.18149181322748578,0.4390339150758433,0.6205257283033291
541,14,2,0,0.18033711946520897,0.36603478379418863,0.5463719032593977
541,14,3,0.009196104254857793,0.19323681349777408,0.37709934502121356,0.5795322627738454
541,14,4,0.37670951812972253,0.22542679454982273,0.3423054981965279,0.9444418108760732
541,14,5,5.415724177772868,0.2889496183368912,0.36550650668823814,6.070180302797998
541,14,6,18.004330163355927,0.377922136821366,0.39748185884317966,18.77973415902047
541,14,7,22.74159960672151,0.3986739456538542,0.4574828365201009,23.597756388895466
541,14,8,17.500955755322757,0.37356574580668295,0.4642227109179097,18.33874421204735
541,14,9,9.670681689215272,0.3148147436111199,0.427030111208311,10.412526544034701
541,14,10,2.3111732622167502,0.21563603312451854,0.41196467268388864,2.9387739680251577
541,14,11,0.1180807296290099,0.18197056681728022,0.4036181695753783,0.7036694660216685
541,14,12,0,0.18152918002520652,0.43808594023323527,0.6196151202584418
567,14,1,0,0.08397013265531811,0.2031261654920705,0.2870962981473886
567,14,2,0,0.08343589484772554,0.16935193276808333,0.25278782761580887
567,14,3,0.004254726868724676,0.08940414762929765,0.17447113157647048,0.2681300060744928
567,14,4,0.17429077183897598,0.10429736474496284,0.15837319370532463,0.43696133028926343
567,14,5,2.505672677710242,0.1336872300242014,0.1691075167920865,2.8084674245265298
567,14,6,8.329995525981037,0.174851809555151,0.1839014323654878,8.688748767901675
567,14,7,10.521770110792726,0.1844529706737394,0.2116618583890284,10.917884939855494
567,14,8,8.097101187298898,0.17283625455629903,0.21478017065446822,8.484717612509666
567,14,9,4.4742978202158525,0.14565414997392442,0.19757241083393778,4.8175243810237145
567,14,10,1.069301815694099,0.0997675100861806,0.19060214121730967,1.3596714669975891
567,14,11,0.05463196578766183,0.08419163577289322,0.18674049610634721,0.3255640976669023
567,14,12,0,0.08398742101067538,0.2026875695473161,0.2866749905579915
601,14,1,0,0.3654955808346707,0.8841443200285546,1.2496399008632253
601,14,2,0,0.36317021166333213,0.7371357061756952,1.1003059178390273
601,14,3,0.018519488048932085,0.3891481391476551,0.7594179687220689,1.1670855959186561
601,14,4,0.7586329195036124,0.45397362968881083,0.6893487075883928,1.901955256780816
601,14,5,10.906405191480523,0.5818984708341903,0.7360718402952049,12.224375502609918
601,14,6,36.25785093869117,0.7610749402490752,0.8004651024508644,37.81939098139111
601,14,7,45.79795644528504,0.8028657752609748,0.9212975069361665,47.52211972748218
601,14,8,35.244135122150254,0.7523018631832862,0.9348705395924228,36.93130752492596
601,14,9,19.475211350919817,0.6339867100630112,0.8599705725257404,20.969168633508566
601,14,10,4.654334533672199,0.4342565968909187,0.8296311808689332,5.918222311432051
601,14,11,0.2377957666169853,0.36645971424800144,0.8128226540966559,1.4170781349616426
601,14,12,0,0.36557083160876347,0.8822352498090544,1.247806081417818
497,14,1,0,0.02226254659614598,0.05385374038559744,0.07611628698174341
497,14,2,0,0.022120907018967115,0.04489936094150086,0.06702026796046798
497,14,3,0,0.0237032375625275,0.046256586402540274,0.06995982396506778
497,14,4,0,0.027651795573802908,0.04198862730058987,0.06964042287439279
497,14,5,0,0.035443771417395464,0.0448345602572289,0.08027833167462436
497,14,6,0,0.04635751349376317,0.04875679098829395,0.09511430448205713
497,14,7,0,0.048903017353535166,0.056116762424980655,0.10501977977851581
497,14,8,0,0.04582314031058355,0.05694350367112886,0.10276664398171241
497,14,9,0,0.03861649610614449,0.05238130348511326,0.09099779959125776
497,14,10,0,0.026450819736014687,0.05053331364371509,0.07698413337972979
497,14,11,0,0.022321272518331305,0.049509496585172716,0.07183076910350403
497,14,12,0,0.022267130164190255,0.053737457817638945,0.0760045879818292
502,14,1,0,0.03365731036989402,0.08141800161584102,0.11507531198573503
502,14,2,0,0.03344317461551474,0.0678804520449428,0.10132362666045754
502,14,3,0.0017053999824868,0.03583539825364941,0.06993235380680296,0.10747315204293917
502,14,4,0.06986006115379498,0.04180496880233205,0.06347990132029242,0.17514493127641945
502,14,5,1.0043357123804173,0.05358515523472845,0.06778248406390776,1.1257033516790536
502,14,6,3.3388686659412574,0.07008493897577045,0.07371225209326007,3.482665857010288
502,14,7,4.217386242716582,0.07393332231709678,0.08483931888628381,4.376158883919963
502,14,8,3.245518842705989,0.0692770545766542,0.08608921572971232,3.4008851130123556
502,14,9,1.7934094619154766,0.05838179335095984,0.07919191909892624,1.9309831743653627
502,14,10,0.4286026703999514,0.03998929078254166,0.07639806227829114,0.5449900234607842
502,14,11,0.021897845942206107,0.03374609430937792,0.07485021920685572,0.13049415945843976
502,14,12,0,0.033664239971213504,0.08124220149057301,0.11490644146178652
517,14,1,0,0.02849890242635128,0.06893966446807526,0.09743856689442654
517,14,2,0,0.028317585681103954,0.057476915363262084,0.08579450104436603
517,14,3,0.0014440258940674685,0.030343170830242704,0.05921433726231014,0.09100153398662031
517,14,4,0.05915312437151244,0.03539782929000788,0.05375080462102646,0.14830175828254677
517,14,5,0.8504085785782781,0.04537255335475046,0.05739396221276549,0.953175094145794
517,14,6,2.827144869251808,0.05934353682681255,0.0624149183920379,2.9489033244706584
517,14,7,3.571018530729809,0.06260210681170823,0.07183662165177093,3.705457259193288
517,14,8,2.7481020855396934,0.05865947091634159,0.07289495601635332,2.8796565124723883
517,14,9,1.5185468091158483,0.04943404609278193,0.06705475721478187,1.6350356124234122
517,14,10,0.36291389743155744,0.033860426860788155,0.06468909424143576,0.46146341853378137
517,14,11,0.018541724457353578,0.02857407910566913,0.06337847767168159,0.1104942812347043
517,14,12,0,0.02850476997873996,0.06879080793255617,0.09729557791129613
536,14,1,0,0,0.05630359130497418,0.05630359130497418
536,14,2,0,0,0.046941869779222774,0.046941869779222774
536,14,3,0.0011793478311897653,0,0.04836083654216102,0.04954018437335079
536,14,4,0.048310843470499555,0,0.043898724472284704,0.09220956794278426
536,14,5,0.6945356844997158,0,0.046874121258555355,0.7414098057582712
536,14,6,2.3089524804986707,0,0.05097477748975664,2.3599272579884274
536,14,7,2.9164802214813275,0,0.05866956007719446,2.975149781558522
536,14,8,2.244397588564213,0,0.05953391046223369,2.303931499026447
536,14,9,1.2402096757741652,0,0.054764172039503886,1.294973847813669
536,14,10,0.2963947666055737,0,0.05283211562112272,0.3492268822266964
536,14,11,0.015143178952078045,0,0.05176172428298185,0.06690490323505989
536,14,12,0,0,0.05618201894741183,0.05618201894741183
575,14,1,0,0.027534310523155137,0.06660628891697064,0.09414059944012577
575,14,2,0,0.02735913073931646,0.05553151527905292,0.08289064601836939
575,14,3,0,0.02931615665045849,0.057210131295994164,0.08652628794645265
575,14,4,0,0.03419973193829059,0.05193152084117888,0.08613125277946947
575,14,5,0,0.0438368451741835,0.055451369813431926,0.09928821498761542
575,14,6,0,0.057334957890199295,0.0603023835295044,0.1176373414197037
575,14,7,0,0.060483236251354336,0.06940519385284659,0.12988843010420092
575,14,8,0,0.056674045307832745,0.07042770716215892,0.12710175246999167
575,14,9,0,0.047760870056387204,0.0647851794285035,0.11254604948489069
575,14,10,0,0.03271436540550624,0.06249958618260313,0.09521395158810937
575,14,11,0,0.027606942724966645,0.061233329571434965,0.08884027229640161
575,14,12,0,0.027539979478649064,0.0664624706740409,0.09400245015268996
1112,08,1,0,8.579763115118974,68.47341137283902,77.053174487958
1112,08,2,0,8.371744372587044,59.11187514223653,67.48361951482357
1112,08,3,0,8.550501039365757,64.03633393987982,72.58683497924558
1112,08,4,0,8.637100815194588,61.825712071235785,70.46281288643037
1112,08,5,0,9.135532057419447,70.35889217561154,79.494424233031
1112,08,6,0,9.14688211602578,83.28605236763714,92.43293448366292
1112,08,7,0,9.232625466002302,90.56938141611239,99.8020068821147
1112,08,8,0,9.24064360816176,87.99545221041453,97.23609581857629
1112,08,9,0,8.993483961039885,77.24560662967396,86.23909059071384
1112,08,10,0,8.87029681326832,64.56633338617425,73.43663019944258
1112,08,11,0,8.539999946992467,57.98824458292012,66.52824452991258
1112,08,12,0,8.556534136652669,65.32835180166846,73.88488593832113
1848,08,1,0,6.88075250945624,54.91394002527286,61.794692534729094
1848,08,2,0,6.713926751508649,47.406225296229266,54.12015204773792
1848,08,3,0,6.85728506653628,51.355516410093315,58.21280147662959
1848,08,4,0,6.926735891326832,49.58265371376463,56.50938960509146
1848,08,5,0,7.32646511166936,56.42604782954861,63.752512941217965
1848,08,6,0,7.3355675709319454,66.79330258215134,74.12887015308328
1848,08,7,0,7.404331563900527,72.63434783655714,80.03867940045767
1848,08,8,0,7.41076191064141,70.57012186625509,77.9808837768965
1848,08,9,0,7.2125461394887855,61.949018233964175,69.16156437345296
1848,08,10,0,7.113753169940676,51.78056252980198,58.89431569974266
1848,08,11,0,6.848863456670125,46.50510207324726,53.35396552991738
1848,08,12,0,6.862123457613016,52.391681980806894,59.25380543841991
1869,08,1,0,6.2102851193487485,49.56307091631059,55.77335603565934
1869,08,2,0,6.059715029713614,42.78691540163136,48.84663043134498
1869,08,3,0,6.189104367482626,46.351383648774345,52.54048801625697
1869,08,4,0,6.251787834607844,44.75127046253091,51.00305829713876
1869,08,5,0,6.612567040872052,50.92783742736287,57.54040446823492
1869,08,6,0,6.620782547421696,60.284896532468565,66.90567907989026
1869,08,7,0,6.682846108302995,65.55678450911454,72.23963061741753
1869,08,8,0,6.688649875641272,63.693698777034754,70.38234865267603
1869,08,9,0,6.509748447008627,55.912644084775415,62.42239253178404
1869,08,10,0,6.420581962988497,46.73501285046936,53.15559481345786
1869,08,11,0,6.1815033676848765,41.97359852463371,48.155101892318584
1869,08,12,0,6.193471300905119,47.286584212395915,53.48005551330103
1101,08,1,0,3.1570228639295888,25.19558201955224,28.35260488348183
1101,08,2,0,3.080479966708809,21.75089671472871,24.83137668143752
1101,08,3,0,3.1462555454198093,23.562908166331997,26.709163711751806
1101,08,4,0,3.178120932451419,22.749484335257474,25.92760526770889
1101,08,5,0,3.3615244608108243,25.889366442733326,29.25089090354415
1101,08,6,0,3.3657008458748825,30.646064237802843,34.01176508367772
1101,08,7,0,3.397251101129458,33.32604922375663,36.72330032488608
1101,08,8,0,3.400201469080647,32.3789422648005,35.77914373388115
1101,08,9,0,3.3092562242603645,28.423412511035284,31.732668735295647
1101,08,10,0,3.2639280914391,23.757927579732005,27.021855671171103
1101,08,11,0,3.1423915472797797,21.337443881733712,24.47983542901349
1101,08,12,0,3.1484754931991983,24.038321050760523,27.186796543959723
1121,08,1,0,3.1416714726526447,25.07306556822979,28.214737040882433
1121,08,2,0,3.065500774182192,21.64513044679722,24.710631220979412
1121,08,3,0,3.130956511482857,23.448330781728,26.579287293210857
1121,08,4,0,3.162666949359646,22.63886231874646,25.80152926810611
1121,08,5,0,3.3451786567070516,25.763476383869484,29.108655040576537
1121,08,6,0,3.349334733612441,30.497044182044586,33.84637891565703
1121,08,7,0,3.380731572077156,33.16399742894897,36.54472900102612
1121,08,8,0,3.3836675935206437,32.22149588786111,35.60516348138175
1121,08,9,0,3.2931645805428875,28.28520035810213,31.578364938645016
1121,08,10,0,3.248056861045436,23.642401890522454,26.89045875156789
1121,08,11,0,3.1271113024837036,21.233688076344766,24.36079937882847
1121,08,12,0,3.1331656645076795,23.921431915649315,27.054597580156994
1864,08,1,0,2.7684292124493575,22.09429208908887,24.86272130153823
1864,08,2,0,2.7013078763663634,19.073608414439,21.774916290805365
1864,08,3,0,2.758987228533816,20.662581840392367,23.421569068926182
1864,08,4,0,2.7869303484054626,19.94928124261139,22.736211591016854
1864,08,5,0,2.9477589858466473,22.70267953101133,25.650438516857978
1864,08,6,0,2.9514213053521146,26.87388186252463,29.825303167876744
1864,08,7,0,2.9790880825886537,29.22399114073403,32.20307922332268
1864,08,8,0,2.9816752937605675,28.393462289503418,31.375137583263985
1864,08,9,0,2.9019243754601405,24.924813314498568,27.82673768995871
1864,08,10,0,2.862175620871782,20.833596579379495,23.695772200251277
1864,08,11,0,2.7555988446706747,18.711046928454518,21.466645773125194
1864,08,12,0,2.76093392595967,21.079476799331154,23.840410725290823
1125,08,1,0,1.8053032689512505,14.407772304319138,16.213075573270388
1125,08,2,0,1.761533189188295,12.437972936580078,14.199506125768373
1125,08,3,0,1.7991461151575183,13.47414857988371,15.273294695041228
1125,08,4,0,1.8173679304100556,13.009002534202605,14.82637046461266
1125,08,5,0,1.9222448994898123,14.804504080140767,16.726748979630578
1125,08,6,0,1.9246331120348297,17.52456106071122,19.44919417274605
1125,08,7,0,1.9426747231989743,19.057076301940892,20.999751025139865
1125,08,8,0,1.94436185349117,18.515485264199167,20.459847117690337
1125,08,9,0,1.8923559749004568,16.253566012205575,18.145921987106032
1125,08,10,0,1.8664356601340857,13.585667944707621,15.452103604841707
1125,08,11,0,1.7969365370917025,12.201545206046015,13.998481743137718
1125,08,12,0,1.800415563988194,13.746007375765874,15.546422939754068
983,11,1,0,0.21606363458308606,0.8438451348952667,1.0599087694783527
983,11,2,0,0.21473933101665696,0.7137777463934111,0.9285170774100681
983,11,3,0,0.21739585312075468,0.6651029221604344,0.8824987752811891
983,11,4,0,0.22584865858901157,0.6073358036839391,0.8331844622729507
983,11,5,0,0.24504481975898584,0.7200575535949119,0.9651023733538977
983,11,6,0,0.2724334735232259,0.8736288746605515,1.1460623481837775
983,11,7,0,0.284049754668032,1.0127920429706052,1.2968417976386373
983,11,8,0,0.2800828312859749,0.9988782383025087,1.2789610695884837
983,11,9,0,0.2610196372495941,0.8481794754591315,1.1091991127087257
983,11,10,0,0.23043054517148534,0.6934510357989017,0.923881580970387
983,11,11,0,0.21755404373955328,0.7171836925536663,0.9347377362932197
983,11,12,0,0.21545623553372242,0.8106144181929549,1.0260706537266773
991,11,1,0,0.7437661989030547,2.9048085285381,3.648574727441155
991,11,2,0,0.7392074853014006,2.457071326792235,3.1962788120936354
991,11,3,0,0.7483521585893385,2.289515647781782,3.0378678063711204
991,11,4,0,0.7774496557471713,2.0906611287705172,2.8681107845176887
991,11,5,0,0.8435295208502082,2.4786886079284933,3.3222181287787014
991,11,6,0,0.9378107956357955,3.00733452259114,3.9451453182269356
991,11,7,0,0.977798076647396,3.486382562864074,4.46418063951147
991,11,8,0,0.9641425462713314,3.4384864065754956,4.402628952846827
991,11,9,0,0.898520400301469,2.9197288366786047,3.8182492369800736
991,11,10,0,0.7932221034051364,2.3870997172511252,3.180321820656262
991,11,11,0,0.7488967057338544,2.468795778406546,3.2176924841404
991,11,12,0,0.7416753200606514,2.7904168406624694,3.5320921607231206
1001,11,1,0,0.28188250527227804,1.1009033572219737,1.3827858624942517
1001,11,2,0,0.2801547827530936,0.9312138979297071,1.2113686806828006
1001,11,3,0,0.2836205538786195,0.8677113958776875,1.151331949756307
1001,11,4,0,0.29464831422602406,0.7923468389963986,1.0869951532224227
1001,11,5,0,0.3196921491714275,0.9394067055254955,1.259098854696923
1001,11,6,0,0.3554241331954682,1.1397600357075317,1.4951841689029999
1001,11,7,0,0.37057905011317793,1.3213160971917277,1.6918951473049058
1001,11,8,0,0.3654036937728335,1.303163768479494,1.6685674622523274
1001,11,9,0,0.3405333313731851,1.1065580560295867,1.4470913874027718
1001,11,10,0,0.30062596831498406,0.90469511739831,1.205321085713294
1001,11,11,0,0.2838269336704969,0.93565738810022,1.219484321770717
1001,11,12,0,0.2810900759212445,1.0575496586964643,1.3386397346177088
1003,11,1,0,0.36417923669659835,1.4223165212844813,1.7864957579810796
1003,11,2,0,0.3619470986373301,1.203085541693093,1.565032640330423
1003,11,3,0,0.36642471558571077,1.1210432286971503,1.487467944282861
1003,11,4,0,0.3806720749310932,1.0236756862436232,1.4043477611747164
1003,11,5,0,0.41302755823986725,1.2136702724260426,1.62669783066591
1003,11,6,0,0.4591916387490877,1.4725175633738687,1.9317092021229565
1003,11,7,0,0.4787710946289793,1.7070796474063243,2.1858507420353037
1003,11,8,0,0.47208477218467226,1.683627673299944,2.155712445484616
1003,11,9,0,0.4399534074292644,1.429622132157765,1.8695755395870293
1003,11,10,0,0.38839492917935875,1.168824496500805,1.5572194256801637
1003,11,11,0,0.36669134878809023,1.208826326694997,1.5755176754830873
1003,11,12,0,0.36315545440859637,1.3663055360630183,1.7294609904716147
1007,11,1,0,0.2928060309281496,1.1435656219681785,1.436371652896328
1007,11,2,0,0.2910113556151182,0.9673003478330588,1.258311703448177
1007,11,3,0,0.29461143248541005,0.9013369934847704,1.1959484259701805
1007,11,4,0,0.3060665411812526,0.8230519053351755,1.1291184465164281
1007,11,5,0,0.3320808761343925,0.9758106435392915,1.307891519673684
1007,11,6,0,0.3691975478808755,1.183928076500139,1.5531256243810145
1007,11,7,0,0.3849397489352978,1.3725198080188623,1.75745955695416
1007,11,8,0,0.37956383691411244,1.353664039310555,1.7332278762246673
1007,11,9,0,0.3537296969239358,1.149439451961111,1.503169148885047
1007,11,10,0,0.31227584163556477,0.9397539101250755,1.2520297517606402
1007,11,11,0,0.2948258099178265,0.9719160323681433,1.2667418422859698
1007,11,12,0,0.2919828933132665,1.0985318786393816,1.390514771952648
1017,11,1,0,0.4715630482288947,1.8417082764166615,2.313271324645556
1017,11,2,0,0.46867273016231814,1.5578336932853623,2.0265064234476804
1017,11,3,0,0.47447064087280394,1.4515999509362694,1.9260705918090733
1017,11,4,0,0.49291905177910234,1.3255221010993938,1.818441152878496
1017,11,5,0,0.5348150436385063,1.5715394935786122,2.1063545372171184
1017,11,6,0,0.5945913085378375,1.9067118626910236,2.501303171228861
1017,11,7,0,0.6199440661006662,2.2104381606222203,2.8303822267228864
1017,11,8,0,0.6112861793362279,2.1800710136730843,2.791357193009312
1017,11,9,0,0.5696803908095255,1.851168058264274,2.4208484490737994
1017,11,10,0,0.502919107585067,1.513470255509685,2.016389363094752
1017,11,11,0,0.4748158949482795,1.5652672364474618,2.0400831313957415
1017,11,12,0,0.47023738809288,1.769181596518814,2.239418984611694
519,11,1,5.171381165774138e-4,0.16525905733563812,0.6454258339176012,0.8112020293698168
519,11,2,0.01875073648662124,0.16424614667421844,0.54594211443189955,0.7289389975927392
519,11,3,0.20443122191567695,0.16627802186488433,0.508712547391425,0.8794217911719863
519,11,4,1.0877979804834692,0.1727432591373254,0.46452862184170146,1.7250698614624962
519,11,5,3.105485909079611,0.18742569056792796,0.5507453059563414,3.84365690560388
519,11,6,5.387381951350134,0.20837425561222261,0.6682063113775792,6.263962518339937
519,11,7,7.2933096916775195,0.21725911805305226,0.7746470553516258,8.285215865082197
519,11,8,7.885374305625586,0.21422496554559103,0.7640049024144197,8.863604173585598
519,11,9,5.684315541221734,0.19964423574190354,0.6487410101948958,6.532700787158533
519,11,10,2.0000958518283416,0.1762477741793847,0.5303949676940194,2.7067385937017456
519,11,11,0.23579262482887278,0.16639901599974855,0.5485471962767264,0.9507388371053478
519,11,12,0.012463973271557516,0.16479448033952265,0.6200088916940365,0.7972673453051167
1026,11,1,0,4.334158749045597,16.927229708521196,21.26138845756679
1026,11,2,0,4.307593696116138,14.318124706059294,18.62571840217543
1026,11,3,0,4.360882573449545,13.341725249877381,17.702607823326925
1026,11,4,0,4.530442809001992,12.182937643461473,16.713380452463465
1026,11,5,0,4.9155108934275535,14.444095378436547,19.359606271864102
1026,11,6,0,5.464917430839168,17.524680809129087,22.989598239968256
1026,11,7,0,5.697935849937243,20.316243880998012,26.014179730935254
1026,11,8,0,5.618360794577685,20.03713796689495,25.655498761472636
1026,11,9,0,5.235959982997514,17.01417502031541,22.250135003312923
1026,11,10,0,4.622353804838392,13.910378207059098,18.53273201189749
1026,11,11,0,4.364055820330289,14.38644676024362,18.750502580573908
1026,11,12,0,4.321974542716562,16.260633491113794,20.582608033830354
1036,11,1,0,6.297095943510421,24.593559143598526,30.890655087108946
1036,11,2,0,6.258499598353918,20.80279247386971,27.06129207222363
1036,11,3,0,6.335922967621211,19.38418244807801,25.720105415699223
1036,11,4,0,6.58227690463681,17.700580817805793,24.282857722442603
1036,11,5,0,7.1417420310458235,20.985815167766827,28.12755719881265
1036,11,6,0,7.939974370559142,25.461595392365894,33.401569762925035
1036,11,7,0,8.278526654087937,29.517455252088432,37.795981906176365
1036,11,8,0,8.162912116798635,29.11194248218927,37.27485459898791
1036,11,9,0,7.607322269074013,24.719881920845015,32.32720418991903
1036,11,10,0,6.715814320443936,20.21037789620799,26.926192216651927
1036,11,11,0,6.340533375595974,20.902057534327213,27.242590909923187
1036,11,12,0,6.279393519420313,23.6250620073273,29.904455526747615
1067,11,1,0,3.247434576338757,12.68298514658353,15.930419722922286
1067,11,2,0,3.227530305083259,10.728073411945527,13.955603717028787
1067,11,3,0,3.267457809544162,9.996491220817498,13.26394903036166
1067,11,4,0,3.3945034033001393,9.128251925121074,12.522755328421212
1067,11,5,0,3.683021541193326,10.82245886037254,14.505480401565865
1067,11,6,0,4.09467277257702,13.13063450003948,17.2253072726165
1067,11,7,0,4.269265378643771,15.222255727253142,19.491521105896915
1067,11,8,0,4.209642554203941,15.013131362318768,19.22277391652271
1067,11,9,0,3.9231229111892723,12.748130248117539,16.67125315930681
1067,11,10,0,3.463369119372625,10.422563125889234,13.88593224526186
1067,11,11,0,3.2698354131891727,10.779264753548677,14.04910016673785
1067,11,12,0,3.238305373831612,12.183527759301139,15.42183313313275
1033,11,1,0,2.3090241103632563,9.017985676514371,11.327009786877628
1033,11,2,0,2.2948715720602455,7.6279843623076555,9.9228559343679
1033,11,3,0,2.323261234207282,7.107807318454321,9.431068552661603
1033,11,4,0,2.4135944902597255,6.490462943933278,8.904057434193003
1033,11,5,0,2.6187396043526983,7.695095268151102,10.3138348725038
1033,11,6,0,2.911436068586723,9.336277893284343,12.247713961871067
1033,11,7,0,3.035576687103445,10.823483787614922,13.859060474718367
1033,11,8,0,2.9931830573248472,10.67479004510933,13.667973102434177
1033,11,9,0,2.789458933478316,9.064305812171632,11.853764745649949
1033,11,10,0,2.462560095278341,7.4107573174249595,9.873317412703301
1033,11,11,0,2.3249517822420964,7.664382953018228,9.989334735260325
1033,11,12,0,2.3025329715267806,8.662856382228698,10.965389353755478
1042,11,1,0,2.3156865352908245,9.04400604256339,11.359692577854215
1042,11,2,0,2.301493161457533,7.649994038574979,9.951487200032512
1042,11,3,0,2.3299647387270337,7.128316083367725,9.458280822094759
1042,11,4,0,2.4205586410560627,6.509190432275666,8.92974907333173
1042,11,5,0,2.6262956779079913,7.717298585260024,10.343594263168015
1042,11,6,0,2.9198366843062886,9.36321665511353,12.283053339419817
1042,11,7,0,3.0443354963765636,10.854713711921946,13.899049208298509
1042,11,8,0,3.001819544628897,10.705590930632308,13.707410475261206
1042,11,9,0,2.7975075981282105,9.090459829673257,11.887967427801467
1042,11,10,0,2.469665530726495,7.432140209904157,9.901805740630651
1042,11,11,0,2.331660164644811,7.686497653255198,10.018157817900008
1042,11,12,0,2.309176667015796,8.68785206332439,10.997028730340187
1078,11,1,0,0.5837097020916537,2.2797015020674203,2.863411204159074
1078,11,2,0,0.5801320114648584,1.928316148670237,2.5084481601350954
1078,11,3,0,0.5873087755185358,1.7968180036574595,2.384126779175995
1078,11,4,0,0.6101445691088615,1.6407564453037247,2.250901014412586
1078,11,5,0,0.6620042239714212,1.9452814487210954,2.607285672692517
1078,11,6,0,0.7359964205771313,2.360164176404616,3.0961605969817474
1078,11,7,0,0.7673785456604721,2.736122359618253,3.503500905278725
1078,11,8,0,0.7566616488998072,2.698533328065361,3.455194976965168
1078,11,9,0,0.7051612132371264,2.2914109998002483,2.996572213037375
1078,11,10,0,0.6225228282140284,1.8734022423642605,2.4959250705782887
1078,11,11,0,0.5877361375739358,1.9375175296540337,2.5252536672279695
1078,11,12,0,0.5820687747841088,2.189926599483619,2.771995374267728
1084,11,1,0,0.3784862781382504,1.4781932417635144,1.856679519901765
1084,11,2,0,0.37616644894093954,1.2503496165453216,1.6265160654862612
1084,11,3,0,0.38081997226943515,1.1650842126816814,1.5459041849511166
1084,11,4,0,0.3956270493033861,1.0638915167746226,1.4595185660780086
1084,11,5,0,0.42925364088500495,1.2613501759856371,1.690603816870642
1084,11,6,0,0.4772313102713733,1.5303664676492708,2.007597777920644
1084,11,7,0,0.49757995906083213,1.774143490697287,2.2717234497581194
1084,11,8,0,0.49063095966335585,1.7497701890367277,2.2404011487000837
1084,11,9,0,0.457237291292557,1.4857858587782486,1.9430231500708057
1084,11,10,0,0.4036533013971193,1.2147426017204797,1.618395903117599
1084,11,11,0,0.38109708034762235,1.2563159323865862,1.6374130127342086
1084,11,12,0,0.3774222758317913,1.4199818249797798,1.797404100811571
1144,11,1,0,2.118053110223226,8.272140825365767,10.390193935588993
1144,11,2,0,2.105071076975626,6.9971014727854515,9.102172549761077
1144,11,3,0,2.131112733248872,6.519946383475038,8.65105911672391
1144,11,4,0,2.213974853691767,5.953660320603482,8.167635174295249
1144,11,5,0,2.4021531602766046,7.058661879285169,9.460815039561773
1144,11,6,0,2.6706417627298236,8.564108248600435,11.23475001133026
1144,11,7,0,2.7845151614415475,9.928312743430784,12.71282790487233
1144,11,8,0,2.7456277548513732,9.791916920463324,12.537544675314697
1144,11,9,0,2.5587529135692857,8.314629990790458,10.873382904359744
1144,11,10,0,2.25889069131259,6.797840488037219,9.056731179349809
1144,11,11,0,2.1326634621940785,7.03048966822103,9.163153130415107
1144,11,12,0,2.112098829910698,7.946382985541906,10.058481815452604
1192,11,1,0,0.8621253765519624,3.3670650134017213,4.229190389953684
1192,11,2,0,0.8568412124070807,2.848077186016211,3.7049183984232914
1192,11,3,0,0.867441122585085,2.653857546735272,3.521298669320357
1192,11,4,0,0.9011690477461287,2.4233583289239604,3.324527376670089
1192,11,5,0,0.9777645271702806,2.87313453154645,3.85089905871673
1192,11,6,0,1.0870492454677818,3.4859064737419514,4.572955719209733
1192,11,7,0,1.1333998994101893,4.041187787568656,5.174587686978846
1192,11,8,0,1.1175712972434806,3.985669680081946,5.103240977325426
1192,11,9,0,1.0415063760520435,3.3843596636464826,4.425866039698526
1192,11,10,0,0.9194514426658281,2.7669706496980164,3.6864220923638444
1192,11,11,0,0.8680723261981403,2.861667407348883,3.729739733547023
1192,11,12,0,0.8597017658635633,3.234469612952437,4.094171378816
1092,11,1,0,0.4940673625250165,1.929599772686173,2.42366713521119
1092,11,2,0,0.49103911035518416,1.632177896433708,2.123217006788892
1092,11,3,0,0.49711371366357315,1.5208743812606917,2.017988094924265
1092,11,4,0,0.5164425345995773,1.3887797420058061,1.9052222766053835
1092,11,5,0,0.5603379209664452,1.6465377760460174,2.2068756970124626
1092,11,6,0,0.6229668772668419,1.9977055128324035,2.6206723900992452
1092,11,7,0,0.6495295396909826,2.315926483521173,2.9654560232121554
1092,11,8,0,0.6404584742315237,2.2841101309530076,2.924568605184531
1092,11,9,0,0.596867140516199,1.939511001916423,2.536378142432622
1092,11,10,0,0.5269198211802633,1.5856973106950807,2.1126171318753437
1092,11,11,0,0.49747544423409157,1.6399661891723105,2.137441633406402
1092,11,12,0,0.4926784381606812,1.8536119157401971,2.346290353900878
1122,11,1,0,0.253277679614106,0.9891860707255569,1.242463750339663
1122,11,2,0,0.2517252826313511,0.8367163299624562,1.0884416125938072
1122,11,3,0,0.2548393548150749,0.7796579241777843,1.0344972789928593
1122,11,4,0,0.2647480419449596,0.7119411991770598,0.9766892411220194
1122,11,5,0,0.2872504828023073,0.8440777492012336,1.131328232003541
1122,11,6,0,0.3193564625362237,1.0240996576997725,1.3434561202359963
1122,11,7,0,0.33297349133322,1.1872318035850797,1.5202052949182998
1122,11,8,0,0.32832331893677263,1.1709215338456145,1.4992448527823872
1122,11,9,0,0.3059767470072363,0.9942669429546632,1.3002436899618997
1122,11,10,0,0.27011909665346356,0.8128886178002549,1.0830077144537185
1122,11,11,0,0.25502479163299824,0.8407089043816757,1.095733696014674
1122,11,12,0,0.2525656642760345,0.9502318115578083,1.2027974758338429
1124,11,1,0,0.18208961834829918,0.7111582606422406,0.8932478789905398
1124,11,2,0,0.18097354931866505,0.6015427708465465,0.7825163201652116
1124,11,3,0,0.18321235779285538,0.5605216143485752,0.7437339721414306
1124,11,4,0,0.1903360374655466,0.5118378431218116,0.7021738805873582
1124,11,5,0,0.20651377911993363,0.6068351362130213,0.813348915332955
1124,11,6,0,0.22959581937454385,0.7362587816869344,0.9658546010614782
1124,11,7,0,0.23938554731448966,0.8535398237031622,1.0929253710176519
1124,11,8,0,0.23604238609233613,0.841813836649972,1.077856222742308
1124,11,9,0,0.2199767037146322,0.7148110660788825,0.9347877697935146
1124,11,10,0,0.19419746458967937,0.5844122482504025,0.7786097128400818
1124,11,11,0,0.18334567439404512,0.6044131633474985,0.7877588377415436
1124,11,12,0,0.18157772720429818,0.68315276803150915,0.8647304952358074
1032,11,1,0,2.0148285699427793,7.868993269852629,9.883821839795408
1032,11,2,0,2.002479223575136,6.656093695719941,8.658572919295077
1032,11,3,0,2.027251724705873,6.202193034968852,8.229444759674724
1032,11,4,0,2.106075511903914,5.66350525007484,7.769580761978753
1032,11,5,0,2.285082840152932,6.714653920293275,8.999736760446208
1032,11,6,0,2.5404864956683224,8.146731492273211,10.687217987941533
1032,11,7,0,2.648810208597639,9.444450694006946,12.093260902604584
1032,11,8,0,2.611818002202679,9.314702200161705,11.926520202364383
1032,11,9,0,2.434050614122883,7.909411701287366,10.34346231541025
1032,11,10,0,2.148802350265303,6.466543810021674,8.615346160286977
1032,11,11,0,2.0287268779812835,6.687854698188546,8.71658157616983
1032,11,12,0,2.009164474916444,7.559111426289798,9.568275901206242
1077,11,1,0,4.832591818942909,18.873879925321187,23.706471744264096
1077,11,2,0,4.80297175542194,15.964724949759455,20.767696705181397
1077,11,3,0,4.862388912834272,14.87603847167324,19.738427384507514
1077,11,4,0,5.051448763798252,13.583989003505724,18.635437767303976
1077,11,5,0,5.480800105610722,16.105182389370107,21.58598249498083
1077,11,6,0,6.093389005026041,19.540038566061313,25.633427571087353
1077,11,7,0,6.353204801123573,22.652634491659924,29.0058392927835
1077,11,8,0,6.2644785260171965,22.341431087444505,28.6059096134617
1077,11,9,0,5.838101196389758,18.970824044538023,24.80892524092778
1077,11,10,0,5.153929626237287,15.510087150508365,20.66401677674565
1077,11,11,0,4.865927086630685,16.040904116057245,20.90683120268793
1077,11,12,0,4.81900641535358,18.130624402553206,22.949630817906787
987,11,1,0.0017476538952781145,0,2.181198671303832,2.18294632519911
987,11,2,0.06336759293060455,0,1.844996205651863,1.9083637985824675
987,11,3,0.6908696339422016,0,1.7191799183350043,2.410049552277206
987,11,4,3.6761830484468145,0,1.5698615696766085,5.246044618123423
987,11,5,10.49490333772724,0,1.861228457942632,12.356131795669873
987,11,6,18.206507605630414,0,2.2581846618796515,20.464692267510067
987,11,7,24.64753744413226,0,2.617898198475433,27.265435642607695
987,11,8,26.64840335529504,0,2.581933338337204,29.230336693632246
987,11,9,19.20998642172022,0,2.1924022174142843,21.402388639134504
987,11,10,6.759268354673948,0,1.7924550552591145,8.551723409933063
987,11,11,0.7968546236493534,0,1.8538000073591552,2.650654631008509
987,11,12,0.04212165133532368,0,2.0953028213188074,2.137424472654131
998,11,1,0.002173487017449311,0.6945696016610516,2.7126692575489226,3.4094123462274237
998,11,2,0.07880773243134857,0.6903124252861941,2.294547742583446,3.0636679003009886
998,11,3,0.8592068396267758,0.6988522219216033,2.138075074965612,3.696134136513991
998,11,4,4.5719213347416625,0.7260250580091488,1.952373836778318,7.250320229529129
998,11,5,13.052090128123236,0.7877340542637834,2.314735143368733,16.154559325755752
998,11,6,22.642702894918777,0.8757790710560255,2.808413644635012,26.326895610609817
998,11,7,30.653153231116253,0.9131213835793675,3.25577493505075,34.82204954974637
998,11,8,33.14154987150318,0.9003691016018291,3.2110468817410975,37.25296585484611
998,11,9,23.89068922959834,0.8390875485362915,2.7266026582561538,27.456379436390787
998,11,10,8.406230808075357,0.7407542332569212,2.2292044222789884,11.376189463611267
998,11,11,0.9910161182232884,0.6993607498619829,2.3054966774765027,3.995873545561774
998,11,12,0.05238500745382622,0.6926170245113621,2.605844035861928,3.350846067827116
1020,11,1,0,0.38593371575702046,1.507279506160397,1.8932132219174174
1020,11,2,0,0.38356823950661645,1.2749526241277336,1.65852086363435
1020,11,3,0,0.3883133297602512,1.1880094612197303,1.5763227909799815
1020,11,4,0,0.4034117642063364,1.0848256064945765,1.4882373707009129
1020,11,5,0,0.43770002295424676,1.2861696405043648,1.7238696634586115
1020,11,6,0,0.4866217442666361,1.560479339528637,2.047101083795273
1020,11,7,0,0.5073707914357435,1.8090531393078204,2.316423930743564
1020,11,8,0,0.5002850572541685,1.784200246565192,2.2844853038193604
1020,11,9,0,0.46623430492440354,1.5150215223603765,1.98125582728478
1020,11,10,0,0.41159594808051514,1.238644973541397,1.650240921621912
1020,11,11,0,0.3885958904670941,1.281036338584505,1.669632229051599
1020,11,12,0,0.3848487771808435,1.4479226690001836,1.8327714461810272
1021,11,1,0,0.21013901049854555,0.820706279439698,1.0308452899382434
1021,11,2,0,0.20885102031183,0.6942054345814237,0.9030564548932537
1021,11,3,0,0.21143469862215644,0.6468653098989657,0.8583000085211222
1021,11,4,0,0.21965572193532829,0.5906822083815517,0.8103379303168801
1021,11,5,0,0.23832551021975057,0.7003130448416666,0.9386385550614171
1021,11,6,0,0.2649631469141914,0.8496733271120187,1.1146364740262102
1021,11,7,0,0.27626090106959406,0.9850205387931764,1.2612814398627705
1021,11,8,0,0.272402753650027,0.9714882609026112,1.2438910145526383
1021,11,9,0,0.25386228644240727,0.8249217691911861,1.0787840556335935
1021,11,10,0,0.2241119698111704,0.6744360973708254,0.8985480671819959
1021,11,11,0,0.2115885515376118,0.69751798718801294,0.9091065387256247
1021,11,12,0,0.20954826677872745,0.7883867734781523,0.9979350402568798
1023,11,1,0,1.6336354791759045,6.380228463502851,8.013863942678755
1023,11,2,0,1.6236225526809287,5.3968019792155175,7.020424531896446
1023,11,3,0,1.6437082499748907,5.028776513185213,6.672484763160104
1023,11,4,0,1.7076190646668763,4.592005121946439,6.299624186613316
1023,11,5,0,1.852759314722189,5.444282971870999,7.297042286593188
1023,11,6,0,2.0598421799274464,6.605420333837705,8.665262513765152
1023,11,7,0,2.1476717170490205,7.657619097338597,9.805290814387618
1023,11,8,0,2.1176782070693996,7.552418215200399,9.670096422269799
1023,11,9,0,1.9735433081802922,6.41299997795795,8.386543286138242
1023,11,10,0,1.7422622497504394,5.243113758306867,6.985376008057306
1023,11,11,0,1.644904313383899,5.422553996663027,7.067458310046926
1023,11,12,0,1.6290429958597148,6.128974346130943,7.758017341990658
1048,11,1,0,2.141242459179123,8.36270775179733,10.503950210976454
1048,11,2,0,2.128118293093738,7.073708724487059,9.201827017580797
1048,11,3,0,2.154445064528542,6.591329537717193,8.745774602245735
1048,11,4,0,2.2382143948128244,6.0188435334667325,8.257057928279558
1048,11,5,0,2.428452957770018,7.135943120577168,9.564396078347187
1048,11,6,0,2.6998810879729978,8.657871758927115,11.357752846900112
1048,11,7,0,2.8150012212291835,10.03701214650025,12.852013367729434
1048,11,8,0,2.775688058723326,9.899123003880112,12.674811062603437
1048,11,9,0,2.586767231963041,8.405662106729839,10.99242933869288
1048,11,10,0,2.2836219901838226,6.872266145478362,9.155888135662185
1048,11,11,0,2.1560127715157402,7.107462468128783,9.263475239644523
1048,11,12,0,2.1352229888657956,8.033383376183439,10.168606365049234
1050,11,1,0.0013713564628288738,0.4382370377533545,1.7115522144790882,2.1511606086952715
1050,11,2,0.049723551290151165,0.43555098244766666,1.4477394393429337,1.9330139730807514
1050,11,3,0.5421145113678738,0.4409391468181888,1.3490133819655081,2.332067040151571
1050,11,4,2.8846428893332043,0.45808378310213393,1.231845627523465,4.574572299958803
1050,11,5,8.235185214785472,0.49701892748030796,1.4604766318416078,10.192680774107389
1050,11,6,14.28635952346335,0.5525707213620186,1.771961907730527,16.610892152555895
1050,11,7,19.340534105838245,0.576131764609453,2.0542234496241836,21.970889320071883
1050,11,8,20.91058204607438,0.568085742634021,2.0260023907986615,23.504670179507066
1050,11,9,15.073773532309552,0.5294202925190996,1.7203434605070813,17.323537285335732
1050,11,10,5.303891329525356,0.46737712118329544,1.4065112268517566,7.177779677560407
1050,11,11,0.6252792621176927,0.4412600013123587,1.4546476437656624,2.521186907195714
1050,11,12,0.0330521958265245,0.4370050638460333,1.6441510949980498,2.1142083546706076
1053,11,1,0,1.4666221776777344,5.727951359102703,7.194573536780437
1053,11,2,0,1.4576329140089528,4.845064625583038,6.302697539591991
1053,11,3,0,1.475665167520187,4.514663922788244,5.990329090308431
1053,11,4,0,1.5330421156922494,4.122545474620671,5.655587590312921
1053,11,5,0,1.6633440785953781,4.887691440276002,6.55103551887138
1053,11,6,0,1.8492560072958302,5.930120934553178,7.779376941849008
1053,11,7,0,1.9281063681258057,6.874749073171936,8.80285544129774
1053,11,8,0,1.9011792185362895,6.780303311665229,8.681482530201517
1053,11,9,0,1.7717798255978232,5.75737250629778,7.529152331895603
1053,11,10,0,1.5641435848979615,4.70708858618766,6.271232171085622
1053,11,11,0,1.4767389524274819,4.868183907938189,6.344922860365671
1053,11,12,0,1.4624992028966428,5.502383987759633,6.964883190656276
1060,11,1,0,1.4054319195545897,5.488970367600659,6.894402287155249
1060,11,2,0,1.3968177050106623,4.642919342649857,6.03973704766052
1060,11,3,0,1.414097618714352,4.3263035836502635,5.740401202364615
1060,11,4,0,1.4690806918159267,3.950545060638202,5.419625752454129
1060,11,5,0,1.5939462097604638,4.683767685808892,6.277713895569356
1060,11,6,0,1.772101540286896,5.682705045028489,7.454806585315385
1060,11,7,0,1.8476621145544392,6.58792150658943,8.435583621143868
1060,11,8,0,1.8218584167025151,6.497416201331914,8.319274618034429
1060,11,9,0,1.6978578117923468,5.517164008749158,7.215021820541505
1060,11,10,0,1.4988845487547087,4.510699925235187,6.009584473989896
1060,11,11,0,1.4151266032793048,4.665074044708553,6.080200647987858
1060,11,12,0,1.4014809630989604,5.272814094689564,6.674295057788525
1093,11,1,0,0.6533647668755858,2.551742133301608,3.205106900177194
1093,11,2,0,0.6493601443826704,2.158425372104795,2.807785516487465
1093,11,3,0,0.657393323814243,2.0112353313140137,2.6686286551282565
1093,11,4,0,0.6829541512291339,1.83655068357448,2.519504834803614
1093,11,5,0,0.7410023063105177,2.1774151700694055,2.9184174763799233
1093,11,6,0,0.8238241167287235,2.6418065544892713,3.465630671217995
1093,11,7,0,0.8589511238106067,3.062628462794261,3.9215795866048673
1093,11,8,0,0.8469553616559422,3.02055386860878,3.867509230264722
1093,11,9,0,0.7893092920083709,2.5648489451791985,3.354158237187569
1093,11,10,0,0.696809528903331,2.0969584965958483,2.7937680254991792
1093,11,11,0,0.6578716837056365,2.168724769424848,2.8265964531304846
1093,11,12,0,0.6515280249404901,2.451254239939963,3.102782264880453
1120,11,1,0.003342645167845875,1.0681912079923865,4.171863329715717,5.243397182875949
1120,11,2,0.1211998433327111,1.0616440191093421,3.528826656226894,4.711670518668948
1120,11,3,1.321389807070954,1.074777527489455,3.288184498204479,5.684351832764888
1120,11,4,7.031240874528062,1.1165671257320497,3.0025911905351217,11.150399190795234
1120,11,5,20.073046513183264,1.211470512081807,3.559873226620261,24.844390251885333
1120,11,6,34.82262411095133,1.346876542838262,4.319110361914355,40.488611015703945
1120,11,7,47.14204120136618,1.4043059636308572,5.007115417239852,53.55346258223689
1120,11,8,50.9689915989971,1.3846939975187935,4.938327331522129,57.29201292803803
1120,11,9,36.741924966058285,1.29044798381451,4.193291759778457,42.225664709651255
1120,11,10,12.928095067890384,1.1392193919167821,3.4283339768995402,17.495648436706706
1120,11,11,1.5241016910807046,1.0755596018469176,3.5456652220980103,6.145326515025632
1120,11,12,0.08056385459278965,1.0651883041232317,4.007574880689163,5.153327039405185
1123,11,1,0,1.8292276861018766,7.144121621906799,8.973349308008675
1123,11,2,0,1.8180159301153132,6.042951271951072,7.860967202066385
1123,11,3,0,1.8405064514422076,5.630862785728442,7.4713692371706495
1123,11,4,0,1.912069191824708,5.141797549612098,7.0538667414368055
1123,11,5,0,2.0745868202388857,6.096117077564464,8.17070389780335
1123,11,6,0,2.306463340539393,7.396275305609468,9.70273864614886
1123,11,7,0,2.4048085485176998,8.57445191478113,10.97926046329883
1123,11,8,0,2.371223970098913,8.456655522218325,10.827879492317237
1123,11,9,0,2.2098320617189287,7.180816810228122,9.39064887194705
1123,11,10,0,1.9508601424972365,5.870862239668507,7.821722382165744
1123,11,11,0,1.8418457173494314,6.071786531645435,7.913632248994866
1123,11,12,0,1.8240853531046934,6.862785305695282,8.686870658799975
1134,11,1,0,0.5227555032093775,2.0416424493374343,2.5643979525468117
1134,11,2,0,0.5195514148462134,1.726950700035815,2.2465021148820283
1134,11,3,0,0.5259787414622544,1.609184319383022,2.1351630608452763
1134,11,4,0,0.5464298950523343,1.469419573009085,2.015849468061419
1134,11,5,0,0.592874077625961,1.742144389524622,2.335018467150583
1134,11,6,0,0.659139599394026,2.113702765727564,2.77284236512159
1134,11,7,0,0.6872446292246687,2.4504013139053162,3.137645943129985
1134,11,8,0,0.6776468501593402,2.4167375371440736,3.094384387303414
1134,11,9,0,0.6315243751278741,2.0521291764857397,2.683653551613614
1134,11,10,0,0.5575155478077882,1.6777712078647806,2.235286755672569
1134,11,11,0,0.5263614760056802,1.7351912218725596,2.2615526978782396
1134,11,12,0,0.5212859306165084,1.961242339132655,2.4825282697491633
1139,11,1,0,0.7821429514106658,3.0546904647515456,3.8368334161622113
1139,11,2,0,0.7773490178919171,2.5838509765543827,3.3611999944462996
1139,11,3,0,0.7869655368540086,2.4076497812054454,3.194615318059454
1139,11,4,0,0.8175644029214046,2.1985347923417313,3.016099195263136
1139,11,5,0,0.8870538483906046,2.606583663377639,3.493637511768244
1139,11,6,0,0.9861998362458163,3.16250658183676,4.148706418082576
1139,11,7,0,1.0282503758312775,3.6662724811733685,4.694522857004646
1139,11,8,0,1.013890249158184,3.6159049851833314,4.629795234341516
1139,11,9,0,0.9448821401550216,3.070380629029221,4.015262769184242
1139,11,10,0,0.8341506753015765,2.5102689809189886,3.3444196562205653
1139,11,11,0,0.7875381814719304,2.5961803849125644,3.383718566384495
1139,11,12,0,0.7799441876711314,2.934396409302603,3.7143405969737344
1016,11,1,5.892139935348393e-4,0.1882919591868025,0.7353817499472889,0.9242629231276263
1016,11,2,0.02136411139082541,0.18713787458778072,0.6220325347747206,0.8305345207533268
1016,11,3,0.232923725416615,0.1894529414085754,0.5796141146848002,1.0019907815099907
1016,11,4,1.2394093022610346,0.19681926802487124,0.5292720757039983,1.9655006459899043
1016,11,5,3.5383115181397664,0.21354805629382054,0.6275051688140748,4.3793647432476615
1016,11,6,6.13824572681125,0.2374163175433768,0.7613372455268045,7.136999289881431
1016,11,7,8.309811231786014,0.24753950342535433,0.8826131171389079,9.439963852350276
1016,11,8,8.984394567324735,0.24408246736746908,0.8704877192404895,10.098964753932695
1016,11,9,6.476564293349732,0.2274695553409059,0.7391589773281377,7.443192826018775
1016,11,10,2.2788582518492975,0.20081222317000907,0.6043185119172947,3.0839889869366015
1016,11,11,0.2686561088186284,0.1895907990429526,0.6250006986521667,1.0832476065137477
1016,11,12,0.014201133568050452,0.18776263199468354,0.706422333592318,0.908386099155052
1027,11,1,0,0.11497473614061392,0.44903841368462777,0.5640131498252416
1027,11,2,0,0.11427002961554754,0.3798251761013781,0.49409520571692567
1027,11,3,0,0.11568365448842216,0.35392366294912575,0.4696073174375479
1027,11,4,0,0.12018167693554085,0.32318383383695476,0.44336551077249564
1027,11,5,0,0.13039660074578424,0.3831668729926652,0.5135634737384495
1027,11,6,0,0.14497102575657522,0.4648873446137125,0.6098583703702878
1027,11,7,0,0.1511524401446854,0.538940752943227,0.6900931930879124
1027,11,8,0,0.1490415066226139,0.5315367489167592,0.6805782555393731
1027,11,9,0,0.1388973391019691,0.4513448622623142,0.5902422013642833
1027,11,10,0,0.12261985308611174,0.3690086488698526,0.4916285019559643
1027,11,11,0,0.11576783304392682,0.38163759475220804,0.49740542779613484
1027,11,12,0,0.11465151865162093,0.4313552302466367,0.5460067488982576
1028,11,1,0,0.1268239843096949,0.4953161245957649,0.6221401089054598
1028,11,2,0,0.12604665102520138,0.41896979972535264,0.545016450750554
1028,11,3,0,0.12760596348561865,0.390398887472063,0.5180048509576817
1028,11,4,0,0.13256755024290737,0.3564910244417294,0.48905857468463676
1028,11,5,0,0.14383521982425473,0.42265589049915564,0.5664911103234104
1028,11,6,0,0.15991167897464414,0.5127984397107779,0.6727101186854221
1028,11,7,0,0.1667301473415612,0.5944837612980844,0.7612139086396457
1028,11,8,0,0.16440166189450967,0.586316703716554,0.7507183656110636
1028,11,9,0,0.15321204071634273,0.4978602747982048,0.6510723155145476
1028,11,10,0,0.1352570038067416,0.4070385257260048,0.5422955295327464
1028,11,11,0,0.12769881744780975,0.42096900548351446,0.5486678229313242
1028,11,12,0,0.12646745616161084,0.4758105196762417,0.6022779758378526
1758,03,1,0,1.3162333036288998,11.799193533899462,13.115426837528362
1758,03,2,0,1.303731164794032,10.182349732741638,11.48608089753567
1758,03,3,0,1.3306292913495545,10.037358785805164,11.367988077154719
1758,03,4,0,1.4058332943649055,9.545916989305164,10.95175028367007
1758,03,5,0,1.501224416659649,11.237106660190948,12.738331076850598
1758,03,6,0,1.5645772720728341,12.327652119972825,13.892229392045659
1758,03,7,0,1.5863849527297755,13.200504776120406,14.78688972885018
1758,03,8,0,1.5701112431163147,12.967281398273977,14.537392641390293
1758,03,9,0,1.5043362823440973,11.338681728765854,12.843018011109951
1758,03,10,0,1.4227206700438602,10.331485840680653,11.754206510724513
1758,03,11,0,1.3282044571891698,9.572116906698346,10.900321363887516
1758,03,12,0,1.3129808314858937,10.997167129107654,12.310147960593547
1761,03,1,0,13.909293759795158,124.68796264249131,138.59725640228646
1761,03,2,0,13.777177423579928,107.60196783290502,121.37914525648495
1761,03,3,0,14.061423341699012,106.06977618580864,120.13119952750765
1761,03,4,0,14.856141547786857,100.87646562717592,115.73260717496278
1761,03,5,0,15.864187111150157,118.74811032042845,134.6122974315786
1761,03,6,0,16.533668330045273,130.27244807779738,146.80611640784264
1761,03,7,0,16.764120967614094,139.49631741000596,156.26043837762006
1761,03,8,0,16.592148561999405,137.031729661638,153.6238782236374
1761,03,9,0,15.897071747807413,119.82150472823172,135.71857647603912
1761,03,10,0,15.03459886876711,109.17796346361665,124.21256233238375
1761,03,11,0,14.03579890979732,101.15333322086119,115.1891321306585
1761,03,12,0,13.874923264566164,116.21254963128332,130.0874728958495
1851,03,1,0,14.220415641040093,127.47697221953123,141.69738786057133
1851,03,2,0,14.08534413802946,110.00879935404211,124.09414349207157
1851,03,3,0,14.375948044290041,108.44233577654403,122.81828382083407
1851,03,4,0,15.188442438558795,103.13286169596736,118.32130413452616
1851,03,5,0,16.219035878001954,121.40425779385106,137.62329367185302
1851,03,6,0,16.903491994967226,133.1863709426305,150.08986293759773
1851,03,7,0,17.139099377225207,142.61655898724482,159.75565836447004
1851,03,8,0,16.96328030769781,140.09684355302826,157.06012386072607
1851,03,9,0,16.252656075371174,122.50166179504137,138.75431787041254
1851,03,10,0,15.370891477478445,111.62004671887686,126.9909381963553
1851,03,11,0,14.349750447309175,103.41592224007057,117.76567268737975
1851,03,12,0,14.185276349542962,118.81198190224916,132.99725825179212
1863,03,1,0,11.391073923519942,102.11372513672676,113.5047990602467
1863,03,2,0,11.28287670097782,88.12107868795825,99.40395538893607
1863,03,3,0,11.515661076782171,86.86628397167125,98.38194504845342
1863,03,4,0,12.166498854044494,82.61320070930057,94.77969956334506
1863,03,5,0,12.992041957011986,97.24925839500153,110.24130035201352
1863,03,6,0,13.540316383200741,106.68716268984438,120.22747907304513
1863,03,7,0,13.729046528364865,114.24108880849326,127.97013533685812
1863,03,8,0,13.58820901216941,112.22270443057394,125.81091344274336
1863,03,9,0,13.018972966851873,98.12831920567493,111.1472921725268
1863,03,10,0,12.312647218626115,89.41174685865084,101.72439407727695
1863,03,11,0,11.494675841796044,82.83994257564981,94.33461841744585
1863,03,12,0,11.362926063628366,95.1727504323105,106.53567649593886
1879,03,1,0,5.191779341145291,46.54099623720333,51.73277557834862
1879,03,2,0,5.1424656321363775,40.16348229528539,45.30594792742177
1879,03,3,0,5.248563188991577,39.59157684289904,44.84014003189061
1879,03,4,0,5.545199498185443,37.65312310570094,43.19832260388638
1879,03,5,0,5.92146232081202,44.32388851716377,50.24535083797579
1879,03,6,0,6.17135270500904,48.62545980628506,54.7968125112941
1879,03,7,0,6.25737139607304,52.068358854316195,58.325730250389235
1879,03,8,0,6.19318102105212,51.148427477684955,57.341608498737074
1879,03,9,0,5.933736831666892,44.72454343232864,50.65828026399553
1879,03,10,0,5.611810431015082,40.75173801110862,46.3635484421237
1879,03,11,0,5.238998620259817,37.7564666311129,42.99546525137272
1879,03,12,0,5.17895021910959,43.37746579927032,48.556416018379906
1910,03,1,0,4.884600125119579,43.78733014359659,48.67193026871617
1910,03,2,0,4.838204133809611,37.78715113911442,42.62535527292403
1910,03,3,0,4.938024273579932,37.24908330904622,42.187107582626155
1910,03,4,0,5.217109661805183,35.425321021574355,40.64243068337954
1910,03,5,0,5.5711103443677406,41.701400843619865,47.272511187987604
1910,03,6,0,5.806215598599459,45.748463377756295,51.55467897635575
1910,03,7,0,5.887144868031998,48.98765826947855,54.87480313751055
1910,03,8,0,5.826752410406961,48.12215597784935,53.948908388256314
1910,03,9,0,5.582658615840362,42.0783504249001,47.66100904074047
1910,03,10,0,5.279779461396898,38.340601845376256,43.620381306773155
1910,03,11,0,4.929025606542291,35.522550076198655,40.451575682740945
1910,03,12,0,4.872530056847584,40.810974609669294,45.68350466651688
1782,03,1,0,4.222272599567591,37.849985574612795,42.072258174180384
1782,03,2,0,4.182167674329098,32.66340105301788,36.84556872734698
1782,03,3,0,4.268452698740777,32.19829254926904,36.466745248009815
1782,03,4,0,4.509695493945904,30.621823373232104,35.13151886717801
1782,03,5,0,4.8156954415210445,36.04689793134101,40.86259337286205
1782,03,6,0,5.0189215905464275,39.54519887899586,44.56412046954229
1782,03,7,0,5.088877252847375,42.34517502558849,47.434052278435864
1782,03,8,0,5.036673712635473,41.59703054759615,46.633704260231625
1782,03,9,0,4.825677824717667,36.37273502090605,41.198412845623714
1782,03,10,0,4.5638675798605135,33.141806591322506,37.70567417118302
1782,03,11,0,4.260674206276211,30.705868650779156,34.966542857055366
1782,03,12,0,4.211839172626934,35.27720907386189,39.48904824648882
1796,03,1,0,6.809143758711908,61.03963848025932,67.84878223897122
1796,03,2,0,6.744467640592662,52.675375209368994,59.419842849961654
1796,03,3,0,6.8836171439912,51.92530742223711,58.80892456622831
1796,03,4,0,7.272662814200517,49.382978617622996,56.65564143182351
1796,03,5,0,7.766140576249992,58.13184825992821,65.8979888361782
1796,03,6,0,8.093877838970775,63.773462699095276,71.86734053806605
1796,03,7,0,8.206693425863918,68.28890779495808,76.495601220822
1796,03,8,0,8.12250620165368,67.08239561868173,75.20490182033541
1796,03,9,0,7.7822388931249655,58.65731683933634,66.4395557324613
1796,03,10,0,7.360024658326745,53.44688676113705,60.806911419463795
1796,03,11,0,6.871072981536433,49.518516142395164,56.3895891239316
1796,03,12,0,6.792318055903847,56.89059205098737,63.68291010689122
1862,03,1,0,2.7709292548377116,24.83961654551173,27.610545800349442
1862,03,2,0,2.7446098005661423,21.435843235127262,24.180453035693404
1862,03,3,0,2.801235632451367,21.130608854987184,23.93184448743855
1862,03,4,0,2.959554808437581,20.096027487673762,23.055582296111343
1862,03,5,0,3.160371829773815,23.656313435170194,26.81668526494401
1862,03,6,0,3.2937420157111497,25.952125514919864,29.245867530631013
1862,03,7,0,3.3396514605989798,27.789651547283533,31.129303007882513
1862,03,8,0,3.305392110126424,27.298670595194707,30.60406270532113
1862,03,9,0,3.1669229173647384,23.870148876273504,27.03707179363824
1862,03,10,0,2.9951060463353296,21.749803992161386,24.744910038496716
1862,03,11,0,2.796130880964974,20.15118345233363,22.947314333298603
1862,03,12,0,2.764082163074608,23.151193663289543,25.91527582636415
1883,03,1,0,0.46252223722704877,4.146217373263464,4.608739610490512
1883,03,2,0,0.4581290060209369,3.5780610972473346,4.036190103268272
1883,03,3,0,0.46758096384435344,3.5271115148519985,3.994692478696352
1883,03,4,0,0.49400752790954655,3.354419668689636,3.8484271965991828
1883,03,5,0,0.5275278127813258,3.9487009621326616,4.476228774913987
1883,03,6,0,0.5497899028983599,4.331916858938692,4.881706761837052
1883,03,7,0,0.5574530863312458,4.638635859421281,5.1960889457525266
1883,03,8,0,0.5517345313017922,4.556681544636983,5.108416075938775
1883,03,9,0,0.5286213173100084,3.9843942756464803,4.513015592956489
1883,03,10,0,0.499941724194042,3.6304672824616966,4.130409006655738
1883,03,11,0,0.4667288810732569,3.363626276951597,3.830355158024854
1883,03,12,0,0.4613793238180397,3.8643866020493185,4.325765925867358
1896,03,1,0,3.0477707348355625,27.32132415137456,30.369094886210124
1896,03,2,0,3.01882172347207,23.57748238230286,26.59630410577493
1896,03,3,0,3.0811050000855733,23.24175226236839,26.322857262453965
1896,03,4,0,3.2552417271390124,22.103806640480368,25.35904836761938
1896,03,5,0,3.476122227648676,26.01979810777658,29.495920335425257
1896,03,6,0,3.6228173296220367,28.54498306409652,32.16780039371856
1896,03,7,0,3.673313552987317,30.56609495504752,34.23940850803484
1896,03,8,0,3.6356313763014865,30.02606046137523,33.66169183767672
1896,03,9,0,3.4833278295261336,26.25499768868522,29.73832551821135
1896,03,10,0,3.294344862761391,23.922810724953553,27.217155587714945
1896,03,11,0,3.075490236676629,22.16447319652776,25.239963433204387
1896,03,12,0,3.0402395552293395,25.46421219534778,28.504451750577118
1916,03,1,0,1.7218215776307166,15.435034176157625,17.156855753788342
1916,03,2,0,1.7054669903755082,13.31997103589468,15.025438026270187
1916,03,3,0,1.7406535903296743,13.130302122102544,14.870955712432218
1916,03,4,0,1.8390311915946127,12.48742590325109,14.326457094845702
1916,03,5,0,1.9638164346276425,14.699744083598793,16.663560518226436
1916,03,6,0,2.0466910383579977,16.126333654659405,18.173024693017403
1916,03,7,0,2.075218606388436,17.26814987622412,19.343368482612554
1916,03,8,0,2.053930264661099,16.963060312484345,19.016990577145442
1916,03,9,0,1.9678872004010044,14.832618813587315,16.80050601398832
1916,03,10,0,1.8611222963808343,13.515062413650655,15.37618471003149
1916,03,11,0,1.7374815601371425,12.5216991456735,14.259180705810643
1916,03,12,0,1.7175668784819937,14.385868830019664,16.103435708501657
1776,03,1,0,1.2652736851491255,11.34237299972913,12.607646684878256
1776,03,2,0,1.2532555822548845,9.788127328417458,11.041382910672343
1776,03,3,0,1.2791123142010234,9.64874988732264,10.927862201523665
1776,03,4,0,1.3514047001867429,9.176334874589324,10.527739574776067
1776,03,5,0,1.4431026358821992,10.80204802230276,12.24515065818496
1776,03,6,0,1.504002706266652,11.850371650732917,13.35437435699957
1776,03,7,0,1.5249660752934724,12.689430724676109,14.214396799969581
1776,03,8,0,1.5093224227001965,12.46523688158074,13.974559304280936
1776,03,9,0,1.4460940217948606,10.899690485064271,12.345784506859133
1776,03,10,0,1.3676382599963137,9.931489445422512,11.299127705418826
1776,03,11,0,1.2767813605277447,9.201520429414048,10.478301789941792
1776,03,12,0,1.2621471365327974,10.571398050242557,11.833545186775355
1841,03,1,0,1.9552400985134344,17.527482600535322,19.482722699048757
1841,03,2,0,1.9366684037388677,15.125691197490891,17.06235960122976
1841,03,3,0,1.9766250705936328,14.910309841776803,16.886934912370435
1841,03,4,0,2.0883392187305474,14.180282190939307,16.268621409669855
1841,03,5,0,2.23004095719793,16.692513001078353,18.922553958276282
1841,03,6,0,2.324150445931933,18.31249800399427,20.636648449926206
1841,03,7,0,2.35654535005605,19.609104394889,21.965649744945047
1841,03,8,0,2.332371057018428,19.262655403651003,21.59502646066943
1841,03,9,0,2.234663575810182,16.843400876760686,19.078064452570867
1841,03,10,0,2.1134251012979606,15.347230112799178,17.460655214097137
1841,03,11,0,1.9730230245357203,14.21920168106591,16.192224705601628
1841,03,12,0,1.9504086116214296,16.336087289087068,18.2864959007085
1753,06,1,0,13.036308816079725,168.06120293501064,181.09751175109037
1753,06,2,0,12.72925783098775,143.76832598597937,156.49758381696714
1753,06,3,0,12.781988775639984,138.2938491579026,151.07583793354257
1753,06,4,0,13.12349878456096,138.0191972075463,151.14269599210726
1753,06,5,0,13.8426833529927,145.15401352180513,158.99669687479783
1753,06,6,0,14.441865036306366,160.25482877623486,174.6966938125412
1753,06,7,0,14.55657841122493,173.23405850228554,187.79063691351047
1753,06,8,0,14.643710820597558,167.0861802322425,181.72989105284006
1753,06,9,0,14.149377948244979,153.98171216350957,168.13109011175456
1753,06,10,0,13.483243460520232,137.27595877275814,150.7592022332784
1753,06,11,0,12.779152389945217,134.7117937938138,147.490946183759
1753,06,12,0,12.934561887898187,154.20729565256664,167.14185754046483
1797,06,1,0,2.4991431702571885,32.21839965789827,34.71754282815546
1797,06,2,0,2.440279546884993,27.56130090628041,30.001580453165406
1797,06,3,0,2.4503884037744745,26.511808939755056,28.96219734352953
1797,06,4,0,2.5158580408021427,26.459156417049854,28.975014457851998
1797,06,5,0,2.6537302888217353,27.82694600491431,30.480676293736042
1797,06,6,0,2.7685972218411132,30.72186816738058,33.4904653892217
1797,06,7,0,2.7905885041518905,33.21006891367228,36.00065741782417
1797,06,8,0,2.80729234025027,32.03148161515728,34.838773955407554
1797,06,9,0,2.712525589998869,29.519271883409314,32.231797473408186
1797,06,10,0,2.584823379276716,26.31667289012677,28.901496269403488
1797,06,11,0,2.44984465062799,25.825106183250575,28.274950833878567
1797,06,12,0,2.4796376381125453,29.56251767053768,32.04215530865022
1822,06,1,0,1.568150692770225,20.216251051468078,21.784401744238302
1822,06,2,0,1.531215221097918,17.29403646185842,18.825251682956335
1822,06,3,0,1.5375582794400795,16.635506140766747,18.173064420206828
1822,06,4,0,1.578638861730124,16.602467981553257,18.18110684328338
1822,06,5,0,1.6651502964565554,17.460722208562114,19.12587250501867
1822,06,6,0,1.7372264634943133,19.277214456231214,21.014440919725526
1822,06,7,0,1.7510254506835914,20.83849904788075,22.58952449856434
1822,06,8,0,1.7615066958004522,20.098964590370546,21.860471286171
1822,06,9,0,1.7020428976367703,18.52261495257878,20.22465785021555
1822,06,10,0,1.6219129104493515,16.513063083061674,18.134975993511027
1822,06,11,0,1.537217087753463,16.20461710001247,17.74183418776593
1822,06,12,0,1.5559114524939963,18.549750617254514,20.10566206974851
1824,06,1,0,2.3503292217350085,30.299923227568716,32.65025244930372
1824,06,2,0,2.294970690957183,25.920136021017182,28.215106711974364
1824,06,3,0,2.3044776059784784,24.933137090240905,27.23761469621938
1824,06,4,0,2.3660487888037816,24.88361981400604,27.24966860280982
1824,06,5,0,2.4957112976361175,26.169963019870423,28.66567431750654
1824,06,6,0,2.6037383656726956,28.892504182805308,31.496242548478
1824,06,7,0,2.6244201553570874,31.232542558017883,33.85696271337497
1824,06,8,0,2.6401293450363057,30.124135404305097,32.7642647493414
1824,06,9,0,2.551005574531469,27.761517682389357,30.312523256920826
1824,06,10,0,2.4309075180805655,24.749620609427165,27.18052812750773
1824,06,11,0,2.303966231150176,24.2873247276413,26.591290958791475
1824,06,12,0,2.3319851657678874,27.802188356408514,30.1341735221764
1835,06,1,0,2.2737667731326354,29.312897115093254,31.58666388822589
1835,06,2,0,2.22021155766408,25.0757823604646,27.29599391812868
1835,06,3,0,2.229408783010434,24.120935118996076,26.35034390200651
1835,06,4,0,2.2889742721325503,24.073030878025207,26.362005150157756
1835,06,5,0,2.4144129985788587,25.317471194424897,27.731884193003754
1835,06,6,0,2.518921063078515,27.951325029675036,30.470246092753552
1835,06,7,0,2.538929139291163,30.215136182686997,32.75406532197816
1835,06,8,0,2.554126598947082,29.142835615639544,31.696962214586627
1835,06,9,0,2.4679060532481256,26.8571806426989,29.325086695947025
1835,06,10,0,2.3517202152171923,23.94339672457128,26.29511693978847
1835,06,11,0,2.2289140663203386,23.496160224407788,25.725074290728127
1835,06,12,0,2.256020278489755,26.896526461306134,29.152546739795888
1847,06,1,0,2.2311746001488832,28.763808264234164,30.994982864383047
1847,06,2,0,2.178622580359134,24.60606309434639,26.78468567470552
1847,06,3,0,2.1876475233863193,23.66910204039817,25.85674956378449
1847,06,4,0,2.246097232452834,23.622095141116958,25.86819237356979
1847,06,5,0,2.3691862421213297,24.843224615854982,27.212410857976312
1847,06,6,0,2.4717366627614825,27.427741131424643,29.899477794186126
1847,06,7,0,2.491369947921156,29.64914660001419,32.14051654793535
1847,06,8,0,2.506282728937987,28.596932354827857,31.103215083765843
1847,06,9,0,2.4216772655071668,26.35409224449273,28.775769509999897
1847,06,10,0,2.307667819254911,23.494889293131187,25.802557112386097
1847,06,11,0,2.1871620737235604,23.056030421933293,25.243192495656853
1847,06,12,0,2.213760532639083,26.392701037679366,28.606461570318448
1763,06,1,0,1.6250552153800968,20.949851540470107,22.574906755850204
1763,06,2,0,1.5867794417887375,17.92159661497182,19.508376056760557
1763,06,3,0,1.5933526748893017,17.239169768043304,18.832522442932607
1763,06,4,0,1.635923975472255,17.204932731268737,18.840856706740993
1763,06,5,0,1.7255747079180315,18.094330997744596,19.819905705662627
1763,06,6,0,1.8002663505575554,19.976739502476683,21.77700585303424
1763,06,7,0,1.814566070732589,21.59467946197803,23.409245532710617
1763,06,8,0,1.825427655731632,20.82830902789224,22.65373668362387
1763,06,9,0,1.7638060553473636,19.194757346943305,20.958563402290668
1763,06,10,0,1.6807683382532097,17.112283538022126,18.793051876275335
1763,06,11,0,1.5929991021540175,16.792644771334672,18.38564387348869
1763,06,12,0,1.6123718416872026,19.222877701452223,20.835249543139426
1765,06,1,0,0.4114369422641035,5.304153838663167,5.71559078092727
1765,06,2,0,0.40174615323725893,4.537450076753265,4.939196229990523
1765,06,3,0,0.40341038649043653,4.364670953581423,4.768081340071859
1765,06,4,0,0.41418873148098484,4.356002705518592,4.770191436999577
1765,06,5,0,0.4368868052941876,4.581183548452739,5.018070353746926
1765,06,6,0,0.45579748646332,5.057778061641487,5.513575548104807
1765,06,7,0,0.45941793768760164,5.467413539503351,5.9268314771909525
1765,06,8,0,0.46216791029028803,5.27338129674776,5.735549207038048
1765,06,9,0,0.44656634635598574,4.859793190768966,5.306359537124951
1765,06,10,0,0.4255425780000168,4.332545471320119,4.758088049320135
1765,06,11,0,0.40332086775673665,4.25161825386296,4.654939121619696
1765,06,12,0,0.4082257230757285,4.866912796653757,5.275138519729486
1767,06,1,0,1.440029297924362,18.564538435321083,20.004567733245445
1767,06,2,0,1.4061115363304062,15.881075268636424,17.28718680496683
1767,06,3,0,1.4119363527165278,15.27634833753498,16.688284690251507
1767,06,4,0,1.449660560183447,15.246009469315071,16.69567002949852
1767,06,5,0,1.5291038185296564,16.034142419584583,17.56324623811424
1767,06,6,0,1.59529120262162,17.702223215745203,19.297514418366823
1767,06,7,0,1.6079627819066056,19.135947388261727,20.74391017016833
1767,06,8,0,1.6175876860160079,18.45683453861716,20.074422224633167
1767,06,9,0,1.56298221224595,17.00927616769138,18.572258379937328
1767,06,10,0,1.4893990230000589,15.163909149620414,16.653308172620473
1767,06,11,0,1.411623037148578,14.880663888520358,16.292286925668936
1767,06,12,0,1.4287900307650498,17.03419478828815,18.4629848190532
1770,06,1,0,5.42800170519256,69.9765945236543,75.40459622884686
1770,06,2,0,5.3001531481988415,59.86163181728385,65.1617849654827
1770,06,3,0,5.322109030153379,57.58219290730764,62.90430193746102
1770,06,4,0,5.464305485984259,57.46783451982994,62.932140005814205
1770,06,5,0,5.763756436316193,60.43859838147331,66.20235481778951
1770,06,6,0,6.013241105990104,66.72621032034817,72.73945142633828
1770,06,7,0,6.061004963340455,72.13044568167916,78.19145064501961
1770,06,8,0,6.097284777920238,69.57061880093293,75.66790357885317
1770,06,9,0,5.891456601254703,64.11423724183803,70.00569384309273
1770,06,10,0,5.614094413363173,57.1583681249852,62.77246253834838
1770,06,11,0,5.320928028183804,56.09071223600094,61.41164026418474
1770,06,12,0,5.3856367606780315,64.2081647162896,69.59380147696763
1774,06,1,0,3.277700502328616,42.25538816651696,45.53308866884557
1774,06,2,0,3.2004991117912054,36.14746481933195,39.347963931123154
1774,06,3,0,3.2137571778751957,34.77102493112979,37.98478210900498
1774,06,4,0,3.299622551546755,34.70196958361164,38.0015921351584
1774,06,5,0,3.480446100181021,36.495866256911,39.97631235709202
1774,06,6,0,3.6310974948427432,40.292642663739045,43.923740158581786
1774,06,7,0,3.6599397148222677,43.55599185200322,47.21593156682548
1774,06,8,0,3.681847292035957,42.01023960124954,45.69208689328549
1774,06,9,0,3.557557884130166,38.71540191539668,42.27295979952685
1774,06,10,0,3.390072641502229,34.51509820572205,37.90517084722428
1774,06,11,0,3.21304402947194,33.87039386815889,37.08343789763083
1774,06,12,0,3.2521184175286866,38.772120049788185,42.02423846731687
1781,06,1,0,3.277700502328616,42.25538816651696,45.53308866884557
1781,06,2,0,3.2004991117912054,36.14746481933195,39.347963931123154
1781,06,3,0,3.2137571778751957,34.77102493112979,37.98478210900498
1781,06,4,0,3.299622551546755,34.70196958361164,38.0015921351584
1781,06,5,0,3.480446100181021,36.495866256911,39.97631235709202
1781,06,6,0,3.6310974948427432,40.292642663739045,43.923740158581786
1781,06,7,0,3.6599397148222677,43.55599185200322,47.21593156682548
1781,06,8,0,3.681847292035957,42.01023960124954,45.69208689328549
1781,06,9,0,3.557557884130166,38.71540191539668,42.27295979952685
1781,06,10,0,3.390072641502229,34.51509820572205,37.90517084722428
1781,06,11,0,3.21304402947194,33.87039386815889,37.08343789763083
1781,06,12,0,3.2521184175286866,38.772120049788185,42.02423846731687
1783,06,1,0,0.26796857010830544,3.4545913936641077,3.7225599637724134
1783,06,2,0,0.26165696652585935,2.9552378119340204,3.2168947784598796
1783,06,3,0,0.26274088038815524,2.8427068993568865,3.1054477797450417
1783,06,4,0,0.26976080834930866,2.837061275932897,3.1068220842822054
1783,06,5,0,0.2845440467004055,2.983721389059328,3.2682654357597336
1783,06,6,0,0.2968605590796309,3.294127035955939,3.59098759503557
1783,06,7,0,0.2992185562307347,3.560922313658092,3.8601408698888267
1783,06,8,0,0.30100961131228315,3.4345492603294296,3.7355588716417127
1783,06,9,0,0.2908483244917024,3.1651796389165856,3.456027963408288
1783,06,10,0,0.27715556002180475,2.8217835969955845,3.098939157017389
1783,06,11,0,0.2626825769044295,2.769075761317284,3.0317583382217133
1783,06,12,0,0.26587710547346277,3.1698166328583146,3.4356937383317776
1788,06,1,0,0.9946220800416381,12.82244733504155,13.81706941508319
1788,06,2,0,0.9711952271049912,10.968990797448795,11.940186024553785
1788,06,3,0,0.9752184028821616,10.55130849130664,11.526526894188802
1788,06,4,0,1.0012743517109473,10.530353564723903,11.53162791643485
1788,06,5,0,1.0561454706357392,11.074713624256242,12.130859094891981
1788,06,6,0,1.1018608138811523,12.226849899223843,13.328710713104996
1788,06,7,0,1.110613019523087,13.217117056100303,14.32773007562339
1788,06,8,0,1.1172608996455913,12.748056714015538,13.86531761366113
1788,06,9,0,1.0795451323475798,11.748234335438134,12.827779467785714
1788,06,10,0,1.0287215380989507,10.473647224884509,11.50236876298346
1788,06,11,0,0.9750019971587831,10.278010933898384,11.253012931057167
1788,06,12,0,0.9868591662618615,11.765445520158787,12.752304686420649
1800,06,1,0,0.2681410080556081,3.4568144254489623,3.7249554335045705
1800,06,2,0,0.2618253429521951,2.9571395093676975,3.2189648523198926
1800,06,3,0,0.2629099543137589,2.8445361830759066,3.1074461373896654
1800,06,4,0,0.26993439960307264,2.8388869266896104,3.108821326292683
1800,06,5,0,0.28472715097756146,2.985641415693214,3.270368566670775
1800,06,6,0,0.29705158904042855,3.2962468088233496,3.5932983978637782
1800,06,7,0,0.29941110356421646,3.5632137694583865,3.862624873022603
1800,06,8,0,0.30120331119086247,3.436759394988586,3.7379627061794487
1800,06,9,0,0.2910354855756739,3.1672164340510234,3.458251919626697
1800,06,10,0,0.2773339098030286,2.8235994165560703,3.100933326359099
1800,06,11,0,0.26285161331170387,2.7708576633515936,3.0337092766632976
1800,06,12,0,0.266048197561927,3.171856411901338,3.437904609463265
1801,06,1,0,3.0692230240397227,39.56774273862771,42.63696576266743
1801,06,2,0,2.9969320123512033,33.84831262201649,36.845244634367695
1801,06,3,0,3.0093468018203184,32.55942091483477,35.56876771665509
1801,06,4,0,3.089750725746039,32.49475781874494,35.58450854449097
1801,06,5,0,3.259073029099432,34.174554056542455,37.43362708564189
1801,06,6,0,3.4001422722383206,37.72983726703974,41.12997953927806
1801,06,7,0,3.4271499886427583,40.785621789446836,44.212771778089596
1801,06,8,0,3.4476641388335443,39.33818679832916,42.78585093716271
1801,06,9,0,3.3312801336086295,36.2529165978612,39.58419673146983
1801,06,10,0,3.1744477560026403,32.319772357094216,35.49422011309686
1801,06,11,0,3.0086790130771814,31.716074308678465,34.72475332175565
1801,06,12,0,3.045268082575395,36.30602718677294,39.351295269348334
1818,06,1,0,0.9230603319110418,11.899889144326876,12.822949476237918
1818,06,2,0,0.9013190101756272,10.17978636247285,11.081105372648477
1818,06,3,0,0.9050527237566246,9.792155747913393,10.697208471670017
1818,06,4,0,0.9292339813988731,9.772708500687768,10.701942482086642
1818,06,5,0,0.980157195616004,10.277902571193422,11.258059766809426
1818,06,6,0,1.0225833801501054,11.34714415924848,12.369727539398585
1818,06,7,0,1.0307058761281354,12.266162898977967,13.296868775106102
1818,06,8,0,1.0368754500351682,11.830850830465529,12.867726280500698
1818,06,9,0,1.0018732824994097,10.902964354646382,11.904837637145793
1818,06,10,0,0.9547063788910686,9.720082107282728,10.674788486173796
1818,06,11,0,0.9048518881399039,9.538521589659856,10.44337347779976
1818,06,12,0,0.9158559495491929,10.918937217304089,11.834793166853283
1828,06,1,0,0.5116233896469384,6.595735305663711,7.10735869531065
1828,06,2,0,0.49957285693836845,5.642336285719587,6.141909142657956
1828,06,3,0,0.5016423372661882,5.427484794331971,5.929127131598159
1828,06,4,0,0.5150452499178885,5.416705795169179,5.931751045087068
1828,06,5,0,0.5432703903218166,5.696719022740686,6.239989413062502
1828,06,6,0,0.5667858936867856,6.289366097606996,6.856151991293781
1828,06,7,0,0.5712879384405339,6.798749359474619,7.370037297915153
1828,06,8,0,0.5747075397448803,6.5574695337177715,7.1321770734626515
1828,06,9,0,0.555306936143424,6.043171163877418,6.598478100020842
1828,06,10,0,0.5291638008910519,5.387536635962611,5.916700436853663
1828,06,11,0,0.5015310203831674,5.286903335796898,5.7884343561800655
1828,06,12,0,0.5076302264734646,6.052024420650334,6.559654647123799
1829,06,1,0,0.5350749504800977,6.8980676284039415,7.4331425788840395
1829,06,2,0,0.5224720509200396,5.900967136699656,6.423439187619695
1829,06,3,0,0.5246363911482919,5.676267380118674,6.200903771266965
1829,06,4,0,0.5386536604297971,5.664994298082226,6.203647958512023
1829,06,5,0,0.568172572015031,5.957842644949223,6.526015216964254
1829,06,6,0,0.5927659683552732,6.577655207574825,7.170421175930098
1829,06,7,0,0.5974743757940603,7.11038734831471,7.70786172410877
1829,06,8,0,0.6010507232316696,6.858047847363075,7.459098570594745
1829,06,9,0,0.5807608435635472,6.320175302160981,6.900936145724527
1829,06,10,0,0.5534193711374904,5.634488096188737,6.1879074673262275
1829,06,11,0,0.5245199717724869,5.529242012463019,6.053761984235506
1829,06,12,0,0.5308987505046042,6.329434370501512,6.860333121006116
1843,06,1,0,0.224859083282645,2.8988334474504485,3.1236925307330936
1843,06,2,0,0.21956285994190514,2.479813453514777,2.699376313456682
1843,06,3,0,0.22047239898722937,2.385385969601918,2.6058583685891477
1843,06,4,0,0.2263629949083002,2.380648586754503,2.6070115816628032
1843,06,5,0,0.23876797741140848,2.5037147305877503,2.7424827079991587
1843,06,6,0,0.2491030688802051,2.7641838191033106,3.0132868879835155
1843,06,7,0,0.2510817228602819,2.9880583635843965,3.2391400864446784
1843,06,8,0,0.25258464166745,2.882015595540268,3.134600237207718
1843,06,9,0,0.24405805349882878,2.6559808553070967,2.9000389088059255
1843,06,10,0,0.23256811471585165,2.36782870687403,2.6003968215898814
1843,06,11,0,0.22042347508582757,2.3236002527398574,2.5440237278256848
1843,06,12,0,0.22310408335739734,2.659871872102473,2.88297595545987
1823,06,1,0,0.1770937718798132,2.2830536430457133,2.4601474149255265
1823,06,2,0,0.17292258984688386,1.9530432643862543,2.1259658542331383
1823,06,3,0,0.1736389215950035,1.8786743794334122,2.052313301028416
1823,06,4,0,0.1782782176156628,1.8749433271448424,2.0532215447605053
1823,06,5,0,0.18804809263919978,1.9718673530012418,2.1599154456404417
1823,06,6,0,0.19618776973924126,2.177006734830598,2.3731945045698395
1823,06,7,0,0.19774611148582016,2.3533251069027417,2.5510712183885618
1823,06,8,0,0.19892977530097478,2.2698082949538767,2.4687380702548514
1823,06,9,0,0.1922144332387248,2.091788603067782,2.284003036306507
1823,06,10,0,0.18316522531685553,1.8648466886193469,2.0480119139362025
1823,06,11,0,0.17360039027081664,1.8300133892360686,2.0036137795068854
1823,06,12,0,0.17571157485279681,2.0948530771849994,2.270564652037796
1833,06,1,0,0.37074158670067997,4.779518337437472,5.150259924138152
1833,06,2,0,0.36200931662200614,4.088649482405498,4.450658799027504
1833,06,3,0,0.3635089400479625,3.9329599958927326,4.296468935940695
1833,06,4,0,0.3732211955926728,3.925149126934188,4.298370322526861
1833,06,5,0,0.3936741958853744,4.128057262855569,4.521731458740944
1833,06,6,0,0.410714415715062,4.557511664932606,4.968226080647668
1833,06,7,0,0.4139767669858942,4.926629970633782,5.340606737619677
1833,06,8,0,0.41645473894556545,4.751789517186791,5.168244256132356
1833,06,9,0,0.40239633053871304,4.3791095390416075,4.781505869580321
1833,06,10,0,0.38345202963119707,3.9040120550453707,4.287464084676568
1833,06,11,0,0.36342827563997643,3.831089373765869,4.194517649405845
1833,06,12,0,0.3678479901981627,4.3855249425002425,4.753372932698405
1834,06,1,0,0.4166100806831827,5.370844792208805,5.787454872891988
1834,06,2,0,0.4067974460273334,4.594500999763573,5.001298445790907
1834,06,3,0,0.40848260425854765,4.419549465152019,4.8280320694105665
1834,06,4,0,0.4193964690939058,4.410772228219999,4.830168697313905
1834,06,5,0,0.4423799336088672,4.638784347469328,5.081164281078196
1834,06,6,0,0.4615283852872511,5.121371247663802,5.582899632951054
1834,06,7,0,0.46519435769205597,5.536157213512194,6.00135157120425
1834,06,8,0,0.467978906647668,5.339685336522459,5.807664243170127
1834,06,9,0,0.4521811788751306,4.920897044802104,5.3730782236772345
1834,06,10,0,0.43089307143673117,4.387020058134705,4.817913129571436
1834,06,11,0,0.40839195997496885,4.3050753148922505,4.713467274867219
1834,06,12,0,0.4133584857296564,4.928106167944458,5.341464653674114
438,16,1,0,0.3683399354553268,0.05389873111084387,0.42223866656617065
438,16,2,0,0.36143723461095867,0.04580557341713126,0.40724280802808993
438,16,3,0.0031294036798898135,0.39529204653601785,0.04120846562739892,0.4396299158433066
438,16,4,0.5357635959355104,0.46700043010216197,0.027876452150563752,1.0306404781882361
438,16,5,7.0604503057874375,0.6741447526920098,0.047401663344695345,7.781996721824143
438,16,6,24.359302095236032,0.9785747271050969,0.049801059216588325,25.387677881557718
438,16,7,35.347160597044386,1.1291269533414887,0.058936648185371684,36.53522419857125
438,16,8,27.567343482701617,1.0858623756795367,0.06064336567085465,28.71384922405201
438,16,9,15.177770000981809,0.8224217847184339,0.053202285495288035,16.05339407119553
438,16,10,3.1437106831824693,0.49820645252448625,0.05252858577804757,3.694445721485003
438,16,11,0.1286736589218146,0.368149380827852,0.04692662162656715,0.5437496613762337
438,16,12,9.745281469062503e-7,0.37073224601719484,0.05527698170105718,0.4260102022463989
477,16,1,0,0.498933496739868,0.07300832680478318,0.5719418235446512
477,16,2,0,0.4895834688506235,0.06204576999486343,0.5516292388454869
477,16,3,0.004238922176027263,0.5354413790833547,0.05581877464724811,0.5954990759066301
477,16,4,0.725716596587855,0.6325737047270376,0.03775994511968753,1.39605024643458
477,16,5,9.563706838548432,0.9131602804720906,0.06420774770082796,10.54107486672135
477,16,6,32.995802525444425,1.3255247759444304,0.06745784050150924,34.38878514189037
477,16,7,47.87936560478646,1.5294547369605767,0.0798324187381557,49.48865276048519
477,16,8,37.34124311731461,1.4708508633643909,0.08214424659338528,38.89423822727239
477,16,9,20.558992198177656,1.1140083855891794,0.07206495897303049,21.745065542739866
477,16,10,4.2583016744024516,0.674843706939169,0.07115240151368268,5.004297782855303
477,16,11,0.17429442860930394,0.4986753816742603,0.06356428169915744,0.7365340919827216
477,16,12,1.3200434957081373e-6,0.5021739921600701,0.07487523104232903,0.5770505432458949
1269,12,1,0,16.86921399921383,72.86793283500256,89.73714683421639
1269,12,2,0,16.802642935725082,64.28850551972866,81.09114845545375
1269,12,3,0,18.010191213343532,63.19960752187183,81.20979873521537
1269,12,4,0,19.55062458837549,59.914803862351995,79.46542845072749
1269,12,5,0,21.878447058312922,75.43570501031928,97.31415206863221
1269,12,6,0,24.991869975511378,87.8061678746622,112.79803785017357
1269,12,7,0,28.364654335817168,96.82758219960925,125.19223653542642
1269,12,8,0,28.704004623097724,99.63488773127831,128.33889235437604
1269,12,9,0,24.337490882958196,84.55234882927056,108.88983971222875
1269,12,10,0,20.648925206666664,72.44702529239747,93.09595049906413
1269,12,11,0,18.093626509663054,66.65360868064013,84.74723519030319
1269,12,12,0,17.052975480087444,72.86855129516589,89.92152677525333
1181,12,1,0,5.4934876957854595,23.72956395390226,29.22305164968772
1181,12,2,0,5.47180871784447,20.935659128488382,26.407467846332853
1181,12,3,0,5.865048830008145,20.581057677972034,26.44610650798018
1181,12,4,0,6.36669352977363,19.511355883479162,25.878049413252793
1181,12,5,0,7.1247528025512565,24.565763248744336,31.690516051295592
1181,12,6,0,8.138644172250121,28.594225128450518,36.73286930070064
1181,12,7,0,9.236997028805323,31.532063761299028,40.76906079010435
1181,12,8,0,9.34750701627859,32.44626749344998,41.79377450972857
1181,12,9,0,7.925544528515228,27.534613525265897,35.46015805378113
1181,12,10,0,6.724356959328635,23.59249471010275,30.316851669431383
1181,12,11,0,5.892219673519103,21.705858920508092,27.598078594027193
1181,12,12,0,5.553329928754082,23.72976535648674,29.283095285240822
1151,12,1,0,6.393329350975167,27.616502687121063,34.00983203809623
1151,12,2,0,6.368099323414424,24.364951994133527,30.73305131754795
1151,12,3,0,6.825752765144271,23.952266285703924,30.778019050848194
1151,12,4,0,7.409567631104982,22.707345707330948,30.11691333843593
1151,12,5,0,8.291798167845108,28.58967270060449,36.8814708684496
1151,12,6,0,9.47176648880252,33.27800277451532,42.749769263317845
1151,12,7,0,10.750031216860268,36.697063851912276,47.44709506877254
1151,12,8,0,10.878642908669605,37.76101554839388,48.63965845706348
1151,12,9,0,9.223760798716443,32.044825176161666,41.26858597487811
1151,12,10,0,7.825816875405421,27.45698129232997,35.28279816773539
1151,12,11,0,6.857374234223492,25.261311685666527,32.11868591989002
1151,12,12,0,6.46297383288776,27.61673707975576,34.07971091264352
1164,12,1,0,6.892615373726522,29.773209002720407,36.66582437644693
1164,12,2,0,6.865415011239612,26.267728983687977,33.13314399492759
1164,12,3,0,7.358808824562378,25.822814651532504,33.181623476094884
1164,12,4,0,7.9882166181585434,24.48067220172217,32.46888881988072
1164,12,5,0,8.939344806131293,30.822378571180444,39.76172337731174
1164,12,6,0,10.211462562476944,35.87684302476178,46.08830558723873
1164,12,7,0,11.58955316795456,39.562915124610925,51.15246829256549
1164,12,8,0,11.728208769057105,40.7099559569361,52.438164725993204
1164,12,9,0,9.944088908091656,34.54736062109817,44.49144952918983
1164,12,10,0,8.436972779942957,29.60122981037555,38.038202590318505
1164,12,11,0,7.392899767160544,27.234089740514428,34.62698950767497
1164,12,12,0,6.967698730202244,29.773461700210042,36.741160430412286
1170,12,1,0,3.0485690900180793,13.168540496590712,16.217109586608792
1170,12,2,0,3.036538506586576,11.618084326871141,14.654622833457717
1170,12,3,0,3.254764107022004,11.421300956964066,14.67606506398607
1170,12,4,0,3.533148006388834,10.827678106269474,14.360826112658309
1170,12,5,0,3.953827217004783,13.632582916364617,17.5864101333694
1170,12,6,0,4.51647849820659,15.868147105615511,20.3846256038221
1170,12,7,0,5.1260010372296785,17.498478243780077,22.624479281009755
1170,12,8,0,5.1873277117588215,18.005808630986138,23.19313634274496
1170,12,9,0,4.398220476534409,15.280123729614983,19.67834420614939
1170,12,10,0,3.731630598205279,13.092474965369092,16.82410556357437
1170,12,11,0,3.269842359357178,12.045500826027224,15.315343185384402
1170,12,12,0,3.08177808070095,13.16865226341858,16.25043034411953
1194,12,1,0,1.3567379994914568,5.860539407837651,7.2172774073291075
1194,12,2,0,1.351383897545394,5.170522964092878,6.521906861638271
1194,12,3,0,1.4485032200308257,5.082946311657774,6.531449531688599
1194,12,4,0,1.5723954473561852,4.818759850691255,6.39115529804744
1194,12,5,0,1.7596149112376296,6.067057274316278,7.826672185553908
1194,12,6,0,2.0100177563522594,7.061974822942678,9.071992579294937
1194,12,7,0,2.281280229276642,7.7875388963122285,10.06881912558887
1194,12,8,0,2.3085731090701715,8.013321679740994,10.321894788811164
1194,12,9,0,1.957388097318886,6.800280357358354,8.75766845467724
1194,12,10,0,1.6607283230770125,5.826687133668178,7.48741545674519
1194,12,11,0,1.4552136593566176,5.360740797079968,6.815954456436586
1194,12,12,0,1.3715173593333363,5.860589148649807,7.2321065079831435
1197,12,1,0,2.126191150083013,9.184254460572154,11.310445610655167
1197,12,2,0,2.1178005513243523,8.102905772283181,10.220706323607534
1197,12,3,0,2.2699996082152056,7.9656613644231475,10.235660972638353
1197,12,4,0,2.464155412358665,7.551645603466125,10.01580101582479
1197,12,5,0,2.7575535241364872,9.507895768035693,12.26544929217218
1197,12,6,0,3.1499685028854376,11.067065547126896,14.217034050012334
1197,12,7,0,3.575073327470316,12.204122158053076,15.779195485523392
1197,12,8,0,3.61784494549755,12.557954184684075,16.175799130181623
1197,12,9,0,3.067490739816526,10.656955078517885,13.724445818334411
1197,12,10,0,2.6025849239441023,9.131203388238147,11.733788312182249
1197,12,11,0,2.2805157702988326,8.401002732224391,10.681518502523224
1197,12,12,0,2.149352397215086,9.18433241112314,11.333684808338226
1220,12,1,0,1.0506201317003254,4.538238544807641,5.588858676507967
1220,12,2,0,1.0464740642253834,4.003909022619678,5.050383086845061
1220,12,3,0,1.121680563504195,3.936092101335148,5.0577726648393435
1220,12,4,0,1.2176192548639158,3.7315134615991608,4.949132716463076
1220,12,5,0,1.3625967950181053,4.698160230615493,6.060757025633598
1220,12,6,0,1.5565017864100157,5.4685966791859855,7.025098465596001
1220,12,7,0,1.7665598927916413,6.030453296017143,7.797013188808784
1220,12,8,0,1.787694738999168,6.205293197125911,7.992987936125079
1220,12,9,0,1.5157468438008224,5.265947771290353,6.781694615091175
1220,12,10,0,1.2860217744056914,4.512024286225942,5.798046060631633
1220,12,11,0,1.1268769408820478,4.151208416326905,5.278085357208953
1220,12,12,0,1.062064856466155,4.538277062707662,5.600341919173817
1237,12,1,0,1.1112534692295064,4.800149145197459,5.911402614426965
1237,12,2,0,1.1068681241117306,4.234982423822958,5.341850547934689
1237,12,3,0,1.186414937189575,4.163251655702293,5.349666592891868
1237,12,4,0,1.28789043760121,3.946866383540276,5.234756821141486
1237,12,5,0,1.4412349144445842,4.969300223495753,6.410535137940338
1237,12,6,0,1.646330541192616,5.784200062611938,7.430530603804554
1237,12,7,0,1.8685115107106685,6.3784825209660365,8.246994031676705
1237,12,8,0,1.8908660901262904,6.56341277387526,8.454278864001552
1237,12,9,0,1.6032235513337603,5.569855890879632,7.1730794422133926
1237,12,10,0,1.360240599997031,4.772422010609767,6.132662610606798
1237,12,11,0,1.1919112076438818,4.390782752917782,5.582693960561664
1237,12,12,0,1.123358691389891,4.800189886040637,5.923548577430528
1243,12,1,0,2.6804764391772093,11.578534550861374,14.259010990038583
1243,12,2,0,2.6698984616128203,10.215284740805208,12.885183202418029
1243,12,3,0,2.8617749004010244,10.042261538416614,12.904036438817638
1243,12,4,0,3.1065459589748166,9.520314350060575,12.626860309035392
1243,12,5,0,3.4764311999555386,11.986547207374715,15.462978407330253
1243,12,6,0,3.971146411650272,13.952183202693353,17.923329614343626
1243,12,7,0,4.50707351605753,15.385663656922182,19.89273717297971
1243,12,8,0,4.560995438544609,15.8317375721361,20.392733010680708
1243,12,9,0,3.8671671900955094,13.435159392993338,17.30232658308885
1243,12,10,0,3.2810632145268803,11.511653381941619,14.792716596468498
1243,12,11,0,2.8750325629092286,10.591093791502068,13.466126354411298
1243,12,12,0,2.709675684615259,11.578632822653791,14.28830850726905
1247,12,1,0,6.9508341093187,30.024689534953108,36.97552364427181
1247,12,2,0,6.923403997944646,26.489600346790244,33.41300434473489
1247,12,3,0,7.420965280711615,26.040928028955825,33.46189330966744
1247,12,4,0,8.055689390963822,24.68744912234705,32.743138513310875
1247,12,5,0,9.014851319031939,31.082720953724767,40.09757227275671
1247,12,6,0,10.297714065962891,36.17987813185661,46.477592197819504
1247,12,7,0,11.687444765690971,39.89708477865478,51.58452954434575
1247,12,8,0,11.827271526555272,41.05381413461136,52.88108566116663
1247,12,9,0,10.028082029926379,34.839166204951596,44.86724823487798
1247,12,10,0,8.50823598858597,29.851257713876834,38.3594937024628
1247,12,11,0,7.455344173741596,27.46412350617912,34.919467679920714
1247,12,12,0,7.026551660195389,30.024944366861618,37.051496027057006
1266,12,1,1.312101860302109,0,7.974366554346624,9.286468414648732
1266,12,2,1.8758965240194971,0,7.0354693525653715,8.911365876584869
1266,12,3,4.1486005502763765,0,6.916304838939518,11.064905389215895
1266,12,4,8.386603605211912,0,6.556829450782385,14.943433055994298
1266,12,5,13.22836590480644,0,8.255372969066702,21.483738873873143
1266,12,6,14.950622807742418,0,9.609145492716742,24.55976830045916
1266,12,7,14.452015748245438,0,10.596411933067914,25.048427681313353
1266,12,8,11.061991118590623,0,10.90363189208973,21.965623010680353
1266,12,9,4.609646433945222,0,9.253060933158558,13.86270736710378
1266,12,10,4.940072511092843,0,7.928304165863304,12.868376676956148
1266,12,11,2.7247608155989838,0,7.294296504786881,10.019057320385865
1266,12,12,1.1760805135605437,0,7.974434236080546,9.15051474964109
1273,12,1,0,6.210624471075288,26.82729419656591,33.03791866764119
1273,12,2,0,6.186115452694943,23.66866444449002,29.85477989718496
1273,12,3,0,6.63069033824275,23.267772230287882,29.898462568530633
1273,12,4,0,7.197821279582426,22.05842827440219,29.256249553984617
1273,12,5,0,8.054839940723728,27.7726535185184,35.82749345924213
1273,12,6,0,9.201087807355835,32.32700319879376,41.528091006149594
1273,12,7,0,10.442823023042314,35.64835632009725,46.091179343139565
1273,12,8,0,10.567759324078583,36.68190301845448,47.24966234253306
1273,12,9,0,8.96016948088489,31.129066638815218,40.089236119700104
1273,12,10,0,7.602175192981958,26.672331512217653,34.27450670519961
1273,12,11,0,6.661408147211063,24.539408485585167,31.20081663279623
1273,12,12,0,6.278278693139688,26.827521890863043,33.10580058400273
1280,12,1,2.309764544955595,3.2497859181016446,14.037712843017099,19.59726330607434
1280,12,2,3.3022430744729205,3.236961271696136,12.384920835289108,18.924125181458166
1280,12,3,7.303008060673993,3.4695905683672916,12.1751490356161,22.947747664657385
1280,12,4,14.763396231642476,3.7663488340568465,11.542344882622734,30.07208994832206
1280,12,5,23.286614766010814,4.214794427490886,14.532383777692916,42.033792971194615
1280,12,6,26.318397626825156,4.81458277292761,16.915503466542347,48.048483866295115
1280,12,7,25.440672396235573,5.464336052447689,18.65344248586712,49.55845093455038
1280,12,8,19.473026946590352,5.529710514171839,19.194258553826902,44.19699601458909
1280,12,9,8.114612302627302,4.688519284718938,16.288668374269673,29.091799961615912
1280,12,10,8.69627936736922,3.9779320105659193,13.956626705580904,26.630838083516043
1280,12,11,4.796545234609866,3.4856640410889286,12.840548403209343,21.122757678908137
1280,12,12,2.0703187415722812,3.285186824916888,14.037831986868719,19.393337553357888
1285,12,1,0,1.8568288895551464,8.020722412822698,9.877551302377844
1285,12,2,0,1.849501276431021,7.076367299680998,8.925868576112018
1285,12,3,0,1.9824185852943141,6.95651006980096,8.938928655095275
1285,12,4,0,2.151977237720419,6.594945012187893,8.746922249908312
1285,12,5,0,2.4082054183657577,8.303362348337545,10.711567766703304
1285,12,6,0,2.7509062471255668,9.66500449863284,12.415910745758406
1285,12,7,0,3.1221555204318054,10.658010025979225,13.78016554641103
1285,12,8,0,3.1595085006673242,10.967015887974574,14.126524388641897
1285,12,9,0,2.6788774019268367,9.306849980873476,11.985727382800313
1285,12,10,0,2.272869433263992,7.974392258674602,10.247261691938593
1285,12,11,0,1.9916024790205957,7.336699042236595,9.32830152125719
1285,12,12,0,1.8770558916246831,8.020790487997887,9.897846379622571
1291,12,1,0,0.7512094915119794,3.2449100933251778,3.996119584837157
1291,12,2,0,0.7482449897423579,2.8628562980937424,3.6111012878361004
1291,12,3,0,0.8020187890224071,2.814366160300923,3.61638494932333
1291,12,4,0,0.8706164232939132,2.668089298385508,3.5387057216794213
1291,12,5,0,0.9742775858147843,3.3592565489589834,4.3335341347737675
1291,12,6,0,1.112922625625139,3.9101304141268534,5.023053039751993
1291,12,7,0,1.263117390147241,4.311866503791624,5.574983893938865
1291,12,8,0,1.2782291290085983,4.436879711938853,5.715108840947451
1291,12,9,0,1.0837822172222427,3.7652333400441744,4.8490155572664175
1291,12,10,0,0.9195252728130583,3.2261664967907646,4.145691769603823
1291,12,11,0,0.8057342784652027,2.968177621479911,3.7739118999451136
1291,12,12,0,0.7593926450728381,3.244937634213854,4.004330279286692
1294,12,1,7.580672788302623,10.665833333949548,46.071928842908015,64.31843496516018
1294,12,2,10.837998301467099,10.623742702574084,40.647447189541694,62.10918819358288
1294,12,3,23.968553244621035,11.38723462770921,39.95897382241542,75.31476169474567
1294,12,4,48.45362975224524,12.361198538589113,37.88210359189853,98.69693188273288
1294,12,5,76.42692727010319,13.833001937166694,47.69544432280871,137.9553735300786
1294,12,6,86.3772721583781,15.801513922045498,55.5168695048618,157.6956555852854
1294,12,7,83.49656824175227,17.9340113733227,61.22080459222714,162.6513842073021
1294,12,8,63.91068985896966,18.148571079906006,62.99576891004611,145.05502984892178
1294,12,9,26.632247345079534,15.387772159167948,53.459589797662915,95.4796093019104
1294,12,10,28.541285086251413,13.05561686452969,45.80580324282745,87.40270519360855
1294,12,11,15.74231452174649,11.439987942994332,42.14282190783352,69.32512437257435
1294,12,12,6.794809012730623,10.782019501739526,46.07231987434706,63.64914838881721
1302,12,1,0,3.737267220272097,16.14342771429276,19.880694934564858
1302,12,2,0,3.72251882396823,14.242710083016368,17.9652289069846
1302,12,3,0,3.9900434753864746,14.001471647497091,17.991515122883566
1302,12,4,0,4.331316705887217,13.273744259467902,17.60506096535512
1302,12,5,0,4.847030989428551,16.712301331070943,21.559332320499493
1302,12,6,0,5.536790062485065,19.452898810281095,24.98968887276616
1302,12,7,0,6.284009015982523,21.451535856363325,27.735544872345848
1302,12,8,0,6.359189916817775,22.073476566895792,28.432666483713568
1302,12,9,0,5.391816530680657,18.732035866719766,24.123852397400423
1302,12,10,0,4.574638232244965,16.050178321534055,20.62481655377902
1302,12,11,0,4.0085280353643835,14.766683666862557,18.77521170222694
1302,12,12,0,3.777978409237369,16.143564730213924,19.921543139451295
1317,12,1,0,1.7572936319298087,7.590771825457112,9.34806545738692
1317,12,2,0,1.7503588152901584,6.697038840183576,8.447397655473734
1317,12,3,0,1.876151095748845,6.583606553561087,8.459757649309932
1317,12,4,0,2.0366205616339754,6.241423180151813,8.278043741785789
1317,12,5,0,2.2791136382452986,7.858260855600479,10.137374493845778
1317,12,6,0,2.6034439992302354,9.146912218761031,11.750356217991266
1317,12,7,0,2.9547924662372957,10.086687714226834,13.041480180464129
1317,12,8,0,2.9901431410736845,10.379129326142674,13.369272467216359
1317,12,9,0,2.535276258144889,8.807956563317623,11.343232821462511
1317,12,10,0,2.151032334616261,7.546925197849824,9.697957532466086
1317,12,11,0,1.884842687123956,6.9434155073905055,8.828258194514461
1317,12,12,0,1.7764363661525318,7.590836251464551,9.367272617617083
1286,12,1,0,0.7284049176625085,3.1464038940635204,3.874808811726029
1286,12,2,0,0.7255304096966076,2.77594816047304,3.5014785701696476
1286,12,3,0,0.7776717900699411,2.728930044720359,3.5066018347903003
1286,12,4,0,0.844186996158205,2.587093730398805,3.4312807265570098
1286,12,5,0,0.9447013019596925,3.2572791180084426,4.201980419968135
1286,12,6,0,1.07913747449009,3.7914300265551453,4.870567501045235
1286,12,7,0,1.2247727550891996,4.180970556355092,5.405743311444292
1286,12,8,0,1.239425744735123,4.302188720683566,5.541614465418689
1286,12,9,0,1.050881685627996,3.6509316136499765,4.701813299277973
1286,12,10,0,0.891611112745519,3.1282292995667595,4.019840412312279
1286,12,11,0,0.7812744878689376,2.878072229399271,3.6593467172682086
1286,12,12,0,0.7363396540616983,3.1464305988895047,3.882770252951203
1315,12,1,0,0.5593827820723132,2.416299123065355,2.9756819051376686
1315,12,2,0,0.5571752870045772,2.1318054934019472,2.688980780406524
1315,12,3,0,0.5972175625398995,2.0956976586526515,2.692915221192551
1315,12,4,0,0.6482983009170746,1.9867736382620655,2.63507193917914
1315,12,5,0,0.725488845151366,2.5014463944926715,3.2269352396440376
1315,12,6,0,0.8287298837244338,2.911650683376603,3.740380567101037
1315,12,7,0,0.9405713423060705,3.2108005930019767,4.151371935308047
1315,12,8,0,0.9518241907081882,3.3038907854973245,4.255714976205513
1315,12,9,0,0.8070306867529914,2.803754112140037,3.6107847988930284
1315,12,10,0,0.6847179263625809,2.4023418377888373,3.087059764151418
1315,12,11,0,0.599984275214267,2.2102322645662906,2.8102165397805576
1315,12,12,0,0.5654763089203098,2.4163196311913877,2.9817959401116974
610,15,1,50.59690176884209,9.918692637812265,0.7439174123103246,61.259511818964675
610,15,2,93.07559329564592,11.078548274395967,0.7072948161771506,104.86143638621904
610,15,3,200.04556391843826,13.957592538758751,0.7216998946309753,214.72485635182798
610,15,4,297.205296576453,16.647757104755772,0.9001753834745189,314.7532290646833
610,15,5,370.88634894243177,19.547444797260276,1.021775855915698,391.4555695956077
610,15,6,427.5445266895738,21.65861623142635,1.3912065789474632,450.59434949994755
610,15,7,421.20055109506353,21.911656226389113,1.8318855428350194,444.94409286428765
610,15,8,373.7875093566085,21.675848663480387,1.8481361547979818,397.3114941748869
610,15,9,295.6606507972448,20.6417673569198,1.5137800879528542,317.8161982421174
610,15,10,196.32736166353604,17.218481897396316,1.1944517694587606,214.74029533039112
610,15,11,106.79997013040226,12.78584376814265,0.8313295334425881,120.4171434319875
610,15,12,37.53022285449323,9.449488690516167,0.8465126566208138,47.82622420163022
616,15,1,0,0.6061753601457529,0.04546409711364652,0.6516394572593994
616,15,2,0,0.6770592894998015,0.0432259276077311,0.7202852171075327
616,15,3,0,0.8530104715308449,0.04410628593100312,0.8971167574618479
616,15,4,0,1.0174183763012732,0.055013715738283335,1.0724320920395565
616,15,5,0,1.1946311699121275,0.062445260687556375,1.2570764305996838
616,15,6,0,1.3236542328464895,0.08502281296788189,1.4086770458143714
616,15,7,0,1.3391186307947722,0.11195466169004537,1.4510732924848175
616,15,8,0,1.3247073833057266,0.1129478087628445,1.4376551920685712
616,15,9,0,1.2615100818756246,0.09251382450325496,1.3540239063788797
616,15,10,0,1.0522979032062725,0.07299825268989249,1.125296155896165
616,15,11,0,0.7813996999337098,0.050806240069710656,0.8322059400034205
616,15,12,0,0.5775002229961502,0.051734148161711804,0.6292343711578621
629,15,1,1.1565459107592355,0.22672185468485917,0.017004492588910305,1.4002722580330051
629,15,2,2.127525462119466,0.25323387907106354,0.01616737188945095,2.3969267130799805
629,15,3,4.572649131213588,0.3190431826931697,0.016496643722261003,4.908188957629019
629,15,4,6.7935300066763125,0.3805350669648112,0.020576243254575997,7.1946413168957
629,15,5,8.477734312379198,0.44681623885486854,0.023355791492346588,8.947906342726412
629,15,6,9.7728291006707515,0.49507347603218665,0.031800253052131806,10.29970282975507
629,15,7,9.627818264526917,0.5008574738897973,0.04187330961931524,10.17054904803603
629,15,8,8.54404914779742,0.4954673756214458,0.04224476672747899,9.081761290146344
629,15,9,6.758222434531353,0.47183030566884065,0.034602042996805714,7.264654783196999
629,15,10,4.487658322232254,0.3935807160465067,0.027302824111205985,4.908541862389966
629,15,11,2.4412377913540366,0.2922593045955637,0.019002562188273918,2.7524996581378742
629,15,12,0.8578672656786328,0.21599677295877678,0.019349618597074507,1.0932136572344842
604,13,1,0.03290322914979251,0,0,0.03290322914979251
604,13,2,0.0617180772750631,0,0,0.0617180772750631
604,13,3,0.3291575579447668,0,0,0.3291575579447668
604,13,4,1.0484659760397366,0,0,1.0484659760397366
604,13,5,2.0584070447995284,0,0,2.0584070447995284
604,13,6,4.511980059224101,0,0,4.511980059224101
604,13,7,4.519118257208378,0,0,4.519118257208378
604,13,8,4.091920228737678,0,0,4.091920228737678
604,13,9,2.650132855148262,0,0,2.650132855148262
604,13,10,1.1519399136884478,0,0,1.1519399136884478
604,13,11,0.331588246263574,0,0,0.331588246263574
604,13,12,0.0397484224647381,0,0,0.0397484224647381
613,13,1,0.019754695388918077,0.058108220948986405,0,0.07786291633790449
613,13,2,0.037054776934143774,0.0598897499847866,0,0.09694452691893038
613,13,3,0.1976221623281016,0.06593366718384215,0,0.26355582951194373
613,13,4,0.6294861178523655,0.07336662608704854,0,0.7028527439394141
613,13,5,1.2358423536880772,0.08009822123484855,0,1.3159405749229256
613,13,6,2.7089375108159173,0.08844964166881082,0,2.797387152484728
613,13,7,2.713223197371581,0.08914904614907036,0,2.8023722435206513
613,13,8,2.456738738512981,0.09047403394309064,0,2.5472127724560716
613,13,9,1.591107275680503,0.07610995662312266,0,1.6672172323036256
613,13,10,0.6916106014292329,0.06883811578538034,0,0.7604487172146133
613,13,11,0.19908151779454647,0.06183344155203003,0,0.2609149593465765
613,13,12,0.02386446553334359,0.0582261474277003,0,0.08209061296104389
1086,13,1,0.10745796107856904,0.3160864200712463,0,0.42354438114981535
1086,13,2,0.20156376492638778,0.32577725427650317,0,0.5273410192028909
1086,13,3,1.0749887158284777,0.35865384418851676,0,1.4336425600169944
1086,13,4,3.4241628848210603,0.39908628785795575,0,3.823249172679016
1086,13,5,6.722508088702743,0.4357035818808627,0,7.158211670583606
1086,13,6,14.735580370671324,0.48113210377277293,0,15.216712474444096
1086,13,7,14.758892860690878,0.4849365957144745,0,15.243829456405352
1086,13,8,13.363715843041367,0.4921440207846319,0,13.855859863826
1086,13,9,8.655012913933247,0.4140089530860146,0,9.069021867019261
1086,13,10,3.762096232149421,0.37445292985570855,0,4.13654916200513
1086,13,11,1.082927049466414,0.3363501904149544,0,1.4192772398813684
1086,13,12,0.12981353333757156,0.3167278948553566,0,0.44654142819292814
657,13,1,0.3562977443089053,1.048045927427547,0,1.4043436717364524
657,13,2,0.6683238175826995,1.0801777707376956,0,1.7485015883203952
657,13,3,3.5643339103295206,1.1891864910655887,0,4.753520401395109
657,13,4,11.3534772087848,1.3232481122960984,0,12.6767253210809
657,13,5,22.289781455576577,1.4446598637578494,0,23.734441319334426
657,13,6,48.858679193754625,1.5952869528530975,0,50.453966146607726
657,13,7,48.93597628300535,1.6079014849311681,0,50.54387776793652
657,13,8,44.30999585949176,1.631799102836787,0,45.941794962328544
657,13,9,28.697376604271657,1.3727271076768761,0,30.070103711948533
657,13,10,12.473960867429854,1.2415714286622341,0,13.71553229609209
657,13,11,3.59065499757498,1.1152343943609366,0,4.705889391935917
657,13,12,0.43042198683751115,1.0501728616845858,0,1.480594848522097
210,18,1,2.5827517520573675,0,15.74627003349923,18.3290217855566
210,18,2,6.196892623804405,0,12.372517990601068,18.569410614405474
210,18,3,21.369764281224096,0,13.578541602150144,34.94830588337424
210,18,4,42.23396060812645,0,15.474167820253582,57.708128428380036
210,18,5,63.16613841900279,0,14.676676525085675,77.84281494408847
210,18,6,90.7283792563914,0,15.61418287906916,106.34256213546057
210,18,7,109.38743994328236,0,19.32275253733648,128.71019248061884
210,18,8,94.37418610995928,0,20.773849648644507,115.14803575860378
210,18,9,62.69775003079388,0,19.032077487213993,81.72982751800787
210,18,10,31.10835754994465,0,15.068978656407737,46.177336206352386
210,18,11,9.088225784326383,0,14.36443506400624,23.452660848332624
210,18,12,2.3174310030389593,0,15.076122818795984,17.393553821834942
192,18,1,0,0.30763571449070926,0.7534153087878612,1.0610510232785706
192,18,2,0,0.30852551239588466,0.5919906392142928,0.9005161516101775
192,18,3,0,0.33519233619444316,0.6496955210540956,0.9848878572485387
192,18,4,0,0.3731681155334375,0.7403959732513696,1.113564088784807
192,18,5,0,0.43740307738906636,0.7022382286473265,1.1396413060363928
192,18,6,0,0.4915008719007585,0.747095305127939,1.2385961770286975
192,18,7,0,0.5216519522813488,0.9245400681289865,1.4461920204103351
192,18,8,0,0.5227447343385727,0.9939710365978002,1.516715770936373
192,18,9,0,0.49441696117963835,0.9106320739069227,1.405049035086561
192,18,10,0,0.4256569046379716,0.7210087965836917,1.1466657012216632
192,18,11,0,0.340142630002133,0.6872983415302467,1.0274409715323798
192,18,12,0,0.30705619733225453,0.7213506249214707,1.0284068222537253
554,18,1,0.34672568432334533,0,2.113883476627659,2.4606091609510043
554,18,2,0.831911868399789,0,1.660968679501169,2.492880547900958
554,18,3,2.8688185530544286,0,1.8228732689342686,4.691691821988697
554,18,4,5.669766318761786,0,2.077354675120375,7.747120993882161
554,18,5,8.479840368686519,0,1.9702941669477485,10.450134535634268
554,18,6,12.179977948001246,0,2.0961512230443997,14.276129171045646
554,18,7,14.684893714814516,0,2.594014152224196,17.27890786703871
554,18,8,12.669415182999582,0,2.7888190298269775,15.45823421282656
554,18,9,8.416960812298074,0,2.554992010204871,10.971952822502946
554,18,10,4.176191750170299,0,2.0229594007766663,6.199151150946966
554,18,11,1.2200635627661536,0,1.928376807224481,3.1484403699906345
554,18,12,0.31110727144440337,0,2.0239184804059835,2.3350257518503867
132,18,1,5.732374854078913,14.270261272917404,34.94858625636986,54.95122238336617
132,18,2,13.753900823734465,14.311536222439985,27.460599321814016,55.52603636798847
132,18,3,47.42983885528376,15.54852700406711,30.13734880761431,93.11571466696518
132,18,4,93.73757798647537,17.310104960343295,34.34465988841519,145.39234283523385
132,18,5,140.19620089848914,20.28976449061994,32.57464113104691,193.060606520156
132,18,6,201.37013918832133,22.799192445850927,34.65542099881128,258.8247526329835
132,18,7,242.7836161889906,24.19780702284846,42.88653010045731,309.8679533122964
132,18,8,209.46194728159753,24.248497774072707,46.10721617106496,279.8176612267352
132,18,9,139.15662060728516,22.934460732153966,42.241381627824204,204.33246296726335
132,18,10,69.04448576172632,19.74489617325815,33.44534923181609,122.23473116680057
132,18,11,20.17116701702541,15.778155693734652,31.881626365509792,67.83094907626986
132,18,12,5.143499833966363,14.243379279462973,33.46120558223584,52.84808469566518
131,18,1,3.1548731533770895,7.853789280644998,19.234324226066562,30.242986660088647
131,18,2,7.5696048439915185,7.8765053858318606,15.11323138862606,30.559341618449437
131,18,3,26.103513654042068,8.5572963507063,16.58640878997104,51.24721879471941
131,18,4,51.5894678523498,9.526799417638866,18.901946959509928,80.0182142294986
131,18,5,77.1584625358863,11.166686566956225,17.9277984083869,106.25294751122942
131,18,6,110.82618673567596,12.547776793576498,19.072977624680867,142.44694115393332
131,18,7,133.61853198582008,13.317519124323004,23.603055609518698,170.5391067196618
131,18,8,115.2795989366578,13.345417315601983,25.375594265532378,154.00061051779218
131,18,9,76.58631852315384,12.622223126174081,23.247991321494315,112.45653297082222
131,18,10,37.99936327670564,10.86681252341783,18.407001824330642,67.2731776244541
131,18,11,11.101415192521333,8.683674929692948,17.54639039960477,37.33148052181905
131,18,12,2.830779555358892,7.838994491117531,18.41572853455515,29.085502581031573
133,18,1,0,0.7985614578564061,1.9557170998594797,2.7542785577158857
133,18,2,0,0.8008711971970764,1.5366905909183322,2.3375617881154085
133,18,3,0,0.8700929965067917,1.686481048907618,2.55657404541441
133,18,4,0,0.9686706072448207,1.9219214803113582,2.890592087556179
133,18,5,0,1.135411861164904,1.8228715237419066,2.9582833849068106
133,18,6,0,1.2758390340098755,1.9393116205909866,3.215150654600862
133,18,7,0,1.354105274145648,2.3999231229508022,3.7540283970964503
133,18,8,0,1.3569419201904054,2.5801521821568407,3.9370941023472463
133,18,9,0,1.2834086249126642,2.3638207212507387,3.647229346163403
133,18,10,0,1.1049211203486888,1.8715962048826233,2.9765173252313124
133,18,11,0,0.8829429799569604,1.7840905322169913,2.6670335121739517
133,18,12,0,0.7970571459540167,1.8724835236265,2.669540669580517
148,18,1,4.473043754924077,11.135263253507985,27.270818722932145,42.879125731364205
148,18,2,10.73234074036074,11.167470612568849,21.427848915970703,43.32766026890029
148,18,3,37.01009614500723,12.132709982202663,23.51654999985666,72.65935612706656
148,18,4,73.14460384874549,13.507291281701303,26.799567428768885,113.45146255921567
148,18,5,109.39684805274868,15.832356859752295,25.418399666665714,150.64760457916668
148,18,6,157.13163679161468,17.79049486176917,27.042058207811607,201.96418986119545
148,18,7,189.44709057526313,18.881851299273084,33.46489553098811,241.79383740552433
148,18,8,163.4457757966587,18.92140592610191,35.97803713135844,218.34521885411905
148,18,9,108.5856505564783,17.896046396462783,32.96147811325645,159.4431750661975
148,18,10,53.87627531522605,15.407189300708783,26.09782408179029,95.38128869772513
148,18,11,15.739813768604947,12.311892119172986,24.877631582239026,52.92933747001696
148,18,12,4.013537215628074,11.114286897983067,26.11019699023163,41.23802110384277
182,18,1,1.238094257271558,3.0821307017617685,7.548292818461166,11.868517777494493
182,18,2,2.9706057364394716,3.0910453801060713,5.931016583359179,11.992667699904722
182,18,3,10.244028453278442,3.3582140880178786,6.509148378799212,20.11139092009553
182,18,4,20.245702688654344,3.738684592288863,7.417855122564935,31.40224240350814
182,18,5,30.27996522247664,4.382239741239909,7.035561550608233,41.69776651432478
182,18,6,43.49248248090981,4.924232967345394,7.484974171119648,55.90168961937485
182,18,7,52.43708037504301,5.226309631903503,9.262751997786408,66.92614200473292
182,18,8,45.240173688525104,5.23725796127573,9.958364728983932,60.435796378784765
182,18,9,30.05543378109742,4.953448587873698,9.123411037122224,44.13229340609334
182,18,10,14.91241998192682,4.26455756729505,7.223619506824247,26.400597056046117
182,18,11,4.356624729186079,3.4078099307914687,6.885882294931963,14.65031695490951
182,18,12,1.110907393325765,3.0763246540822005,7.227044205469348,11.414276252877313
198,18,1,3.0578347895221274,7.61222049964991,18.64271015411713,29.312765443289166
198,18,2,7.336777077745749,7.63423789729028,14.64837490305108,29.61938987808711
198,18,3,25.300615365360493,8.294088926342596,16.07623995180857,49.670944243511656
198,18,4,50.002666320509626,9.233771779658396,18.32055622921679,77.55699432938482
198,18,5,74.7852035812332,10.823218876986282,17.37637077865502,102.9847932368745
198,18,6,107.41736764524673,12.161829190972396,18.486326291152558,138.06552312737168
198,18,7,129.50866033829394,12.907895597922856,22.877067023932096,165.29362296014887
198,18,8,111.733800699193,12.93493568977767,24.595085500310304,149.26382188928096
198,18,9,74.23065771466568,12.233985684974556,22.532923890546314,108.99756729018655
198,18,10,36.83056952157329,10.532568432981956,17.840834738152754,65.20397269270799
198,18,11,10.75995513552863,8.4165803219355,17.006694211149316,36.18322966861345
198,18,12,2.743709742047361,7.597880771894985,17.84929303007933,28.190883544021677
625,18,1,0.11865013623504551,0.29536945633214445,0.723374626763974,1.137394219331164
625,18,2,0.2846816979071436,0.2962237756166665,0.5683863902080363,1.1492918637318463
625,18,3,0.9817147316842592,0.3218273218776231,0.6237904241803269,1.9273324777422092
625,18,4,1.9402039611077746,0.35828890539603153,0.7108744069322632,3.0093672734360695
625,18,5,2.901816220969097,0.4199626476408908,0.6742381135902644,3.996016982200252
625,18,6,4.168009778942397,0.47190341849755,0.7173066185415257,5.357219815981472
625,18,7,5.025196340041057,0.5008522947181966,0.8876761845828849,6.413724819342138
625,18,8,4.335496057682858,0.5019015046341069,0.9543387547698294,5.791736317086794
625,18,9,2.880298726681219,0.47470323550301274,0.8743227392625248,4.229324701446757
625,18,10,1.4291001287325642,0.408684826191525,0.6922602488146751,2.5300452037387644
625,18,11,0.41750788730903454,0.32658023424048827,0.6598939197025656,1.4039820412520885
625,18,12,0.10646145298589398,0.29481304607168,0.692588447543018,1.093862946600592
396,17,1,1.983864824168879e-4,0.8326320610244338,0.0868175291734617,0.9196479766803123
396,17,2,0.005756971498015872,0.8164189258540471,0.06970785906771475,0.8918837564197777
396,17,3,0.3302417371085725,0.8502348158254959,0.07241935693188316,1.2528959098659516
396,17,4,11.060645094741602,0.9253881160297263,0.05493899290591191,12.04097220367724
396,17,5,56.42714828505535,1.1427974329292154,0.034021537200830204,57.603967255185395
396,17,6,142.11708553579678,1.4035071035149036,0.03354807936758247,143.55414071867926
396,17,7,225.82275791789291,1.7942386631937297,0.07829941292411599,227.69529599401076
396,17,8,172.93018610317446,1.7665319137088966,0.08960962388719548,174.78632764077054
396,17,9,87.18784749181175,1.3681584292058662,0.0920215748230843,88.6480274958407
396,17,10,19.008239549588094,0.95336923213857,0.09148860808341061,20.053097389810073
396,17,11,0.639743602421698,0.8360013164183704,0.08533498435933205,1.5610799031994005
396,17,12,0.003267037312558431,0.841231859951175,0.09385454352835036,0.9383534407920837
411,17,1,2.7860945521447205e-4,1.1693294930681883,0.12192455963433955,1.2915326621577423
411,17,2,0.008084959585990962,1.1465601354884325,0.09789612882097226,1.2525412238953957
411,17,3,0.4637839702785514,1.1940504007915884,0.10170409463370174,1.7595384657038415
411,17,4,15.533317928844205,1.2995939830577958,0.0771550697258841,16.910066981627885
411,17,5,79.24500122931371,1.6049186735406433,0.04777907158595455,80.8976989744403
411,17,6,199.58599646215754,1.9710533940423454,0.04711415819376596,201.60416401439366
411,17,7,317.1403353295099,2.519787892738975,0.109961911278608,319.7700851335275
411,17,8,242.85921275169164,2.4808771651244204,0.12584571382601425,245.46593563064206
411,17,9,122.44462624207664,1.9214105213434927,0.12923300275853286,124.49526976617867
411,17,10,26.69473847703095,1.3388900249070375,0.1284845164142068,28.162113018352194
411,17,11,0.8984413372132068,1.1740611985672076,0.11984250748056569,2.19234504326098
411,17,12,0.004588152754805703,1.1814068547147267,0.1318071822398052,1.3178021897093377
413,17,1,1.627579880249886e-5,0.0683098552716212,0.007122585269635551,0.07544871634005924
413,17,2,4.7230692672158855e-4,0.06697971562311222,0.005718893118710245,0.07317091566854406
413,17,3,0.02709331807230682,0.06975400051791757,0.005941346751402175,0.10278866534162656
413,17,4,0.9074249011057406,0.07591964234273439,0.004507242550273761,0.9878517859987488
413,17,5,4.629332106188651,0.09375609095826556,0.0027911563715759796,4.7258793535184935
413,17,6,11.659408758090093,0.1151449380844607,0.0027523134809640374,11.777306009655518
413,17,7,18.5266946019713,0.14720089357922778,0.0064237516366095265,18.68031924718714
413,17,8,14.187342210037379,0.1449278078599157,0.0073516511376555144,14.33962166903495
413,17,9,7.152966505135656,0.11224490223534492,0.007549529680970437,7.272760937051971
413,17,10,1.5594524320900076,0.07821523733745735,0.007505804628145898,1.645173474055611
413,17,11,0.052485119103634126,0.06858627190161473,0.007000956009332641,0.1280723470145815
413,17,12,2.680305700855107e-4,0.06901539022223067,0.007699908020738044,0.07698332881305422
405,17,1,4.093215552587174e-5,0.17179308087161302,0.017912654951119468,0.18974666797825834
405,17,2,0.0011878090172475226,0.16844790048295283,0.01438249670025078,0.18401820620045112
405,17,3,0.068137233846692,0.17542497498265816,0.014941947379208747,0.2585041562085589
405,17,4,2.2820911975396463,0.19093100409696956,0.011335305584651678,2.4843575072212674
405,17,5,11.642349727396034,0.23578805213617549,0.007019504731210803,11.885157284263421
405,17,6,29.322353908220002,0.28957905973661957,0.006921818389735611,29.618854786346358
405,17,7,46.59295399447851,0.37019687590431366,0.016155151844768744,46.9793060222276
405,17,8,35.67987690723088,0.3644802718030001,0.01848873480128464,36.06284591383517
405,17,9,17.989060998628947,0.2822857330097995,0.018986381362813515,18.290333113001562
405,17,10,3.9218812090320823,0.19670421698124202,0.01887641682685991,4.137461842840184
405,17,11,0.13199530689787198,0.1724882435868891,0.017606768410026872,0.32209031889478795
405,17,12,6.740725363810579e-4,0.17356743718295126,0.01936456922724847,0.19360607894658077
116,17,1,1.4592616023263777e-5,0.061245503257907404,0.0063859939038315335,0.0676460897777622
116,17,2,4.234626951592539e-4,0.060052921721139414,0.005127466391794623,0.06560385080809329
116,17,3,0.02429142754975723,0.06254030035614808,0.0053269146944091225,0.09215864260031442
116,17,4,0.8135823815757142,0.06806831435892093,0.00404112023366638,0.8856918161683015
116,17,5,4.150583740283533,0.08406018357674143,0.002502505326192716,4.237146429186468
116,17,6,10.45363592470591,0.10323707541967415,0.002467679423340766,10.559340679548924
116,17,7,16.61073252302265,0.1319779228257105,0.005759431054619764,16.748469876902984
116,17,8,12.720139869874291,0.12993991120536577,0.006591370628907401,12.856671151708564
116,17,9,6.41323322457672,0.10063695052790239,0.006768785306790622,6.5206389604114126
116,17,10,1.3981796423128836,0.0701265074288534,0.006729582136844366,1.4750357318785812
116,17,11,0.04705730264354273,0.06149333390467854,0.006276943090760444,0.11482757963898171
116,17,12,2.4031184209243498e-4,0.06187807439927932,0.006903612076098416,0.06902199831747018
305,17,1,0,1.0572885700166061,0.11024218928015873,1.167530759296765
305,17,2,0,1.0367008899329286,0.08851607580657461,1.1252169657395032
305,17,3,0,1.0796408097671022,0.09195917610694315,1.1715999858740453
305,17,4,0,1.1750715876874203,0.06976234998226848,1.2448339376696886
305,17,5,0,1.4511411705595152,0.04320105374344571,1.494342224302961
305,17,6,0,1.7821941862984247,0.04259984994778385,1.8247940362462085
305,17,7,0,2.2783509298724165,0.09942575862599291,2.3777766884984093
305,17,8,0,2.2431684874541107,0.11378763265835684,2.3569561201124674
305,17,9,0,1.737307914124132,0.11685036381576452,1.8541582779398966
305,17,10,0,1.2106024249239653,0.11617359472599069,1.326776019649956
305,17,11,0,1.0615669006073032,0.10835963183385032,1.1699265324411534
305,17,12,0,1.0682087225489234,0.11917789472886861,1.187386617277792
310,17,1,8.469743699620202e-4,3.5547684837438083,0.3706513729036839,3.9262668310174544
310,17,2,0.024578324329451517,3.4855495038075097,0.29760480298859865,3.80773263112556
310,17,3,1.4099059765318263,3.6299201875070493,0.3091810412845699,5.349007205323446
310,17,4,47.22137716422764,3.950773293603688,0.23455186228389702,51.40670232011522
310,17,5,240.90526625225283,4.87896213470561,0.14524865648487176,245.9294770434433
310,17,6,606.7425941328823,5.992013821983886,0.14322731589183726,612.877835270758
310,17,7,964.1084703980385,7.660169900722241,0.3342848520820078,972.1029251508428
310,17,8,738.2934242181154,7.541881061670702,0.382571704532275,746.2178769843184
310,17,9,372.2323784265845,5.841099199237689,0.3928690826571156,378.4663467084793
310,17,10,81.15216077458432,4.070233490177569,0.3905936798018079,85.6129879445637
310,17,11,2.7312669089001678,3.569152896077527,0.36432192220426957,6.664741727181965
310,17,12,0.013948011153460707,3.5914837336390635,0.400694603304437,4.006126348096961
384,17,1,1.427788163338997e-4,0.5992455668673322,0.06248260416439276,0.6618709498480589
384,17,2,0.004143294271569444,0.5875769681781088,0.05016876898872505,0.6418890314384033
384,17,3,0.23767508629609654,0.6119142752596212,0.0521202348891301,0.9017095964448478
384,17,4,7.960349895200958,0.6660021300167698,0.03953961117773656,8.665891636395465
384,17,5,40.610637091228625,0.8224716865546012,0.02448531145981329,41.45759408924304
384,17,6,102.28171297974141,1.0101045218140299,0.02414456370224647,103.3159620652577
384,17,7,162.52471279277458,1.2913141532142602,0.05635211311147711,163.87237905910033
384,17,8,124.45791154423138,1.2713735965406892,0.06449207564381203,125.79377721641588
384,17,9,62.749122379326735,0.984664069343024,0.06622795752188262,63.80001440619164
384,17,10,13.680236225864837,0.6861401484394506,0.06584438118488181,14.432220755489169
384,17,11,0.460423680072163,0.6016704210772172,0.061415616176377634,1.123509717325758
384,17,12,0.002351287823257807,0.6054348449699068,0.06754714569905397,0.6753332784922186
41,17,1,0,0.9958785597808011,0.10383904243444397,1.099717602215245
41,17,2,0,0.9764866645382008,0.0833748369097712,1.059861501447972
41,17,3,0,1.016932524575152,0.08661795318431675,1.1035504777594687
41,17,4,0,1.1068204401066282,0.06571037519697628,1.1725308153036045
41,17,5,0,1.3668551991938562,0.040691826624362326,1.4075470258182186
41,17,6,0,1.67867981347109,0.04012554227481233,1.7188053557459024
41,17,7,0,2.1460185109926555,0.09365085759322282,2.2396693685858784
41,17,8,0,2.112879554345689,0.10717855744046437,2.220058111786153
41,17,9,0,1.6364006501900934,0.11006339737965622,1.7464640475697497
41,17,10,0,1.1402875559143593,0.1094259367605392,1.2497134926748985
41,17,11,0,0.9999083940453127,0.10206582871446135,1.101974222759774
41,17,12,0,1.006164442069588,0.11225573937532443,1.1184201814449126
57,17,1,4.0017137588296855e-5,0,0.017512226476750357,0.017552243614338655
57,17,2,0.0011612561386309121,0,0.014060983154268012,0.015222239292898924
57,17,3,0.06661405994134878,0,0.014607927592109226,0.08122198753345801
57,17,4,2.231076186135942,0,0.011081910477440836,2.242158096613383
57,17,5,11.38209080139459,0,0.006862587201229026,11.38895338859582
57,17,6,28.666867299874102,0,0.006767084589233934,28.673634384463337
57,17,7,45.551391728288976,0,0.01579401147646182,45.567185739765435
57,17,8,34.882271040617155,0,0.018075428348963852,34.90034646896612
57,17,9,17.58692450514596,0,0.018561950269620018,17.60548645541558
57,17,10,3.834209509137508,0,0.01845444393606504,3.852663953073573
57,17,11,0.1290446175941798,0,0.017213177876840347,0.14625779547102014
57,17,12,6.590039807652799e-4,0,0.01893168393282161,0.01959068791358689
374,17,1,2.2505071424698267e-5,0,0.009848628148256629,0.009871133219681328
374,17,2,6.530740057205144e-4,0,0.0079076977829825,0.008560771788703014
374,17,3,0.037462803869000826,0,0.008215291588556384,0.04567809545755721
374,17,4,1.2547256487834606,0,0.006232309501563542,1.260957958285024
374,17,5,6.401126664359414,0,0.003859421848479407,6.404986086207893
374,17,6,16.12184016616646,0,0.0038057125320783416,16.12564587869854
374,17,7,25.617457572461607,0,0.008882328366840225,25.626339900828448
374,17,8,19.61729520240241,0,0.010165364904670595,19.62746056730708
374,17,9,9.890637261492627,0,0.010438977942332001,9.901076239434959
374,17,10,2.1563051247731537,0,0.010378517902932038,2.1666836426760856
374,17,11,0.07257286530107095,0,0.00968044745103457,0.08225331275210551
374,17,12,3.7061450543680223e-4,0,0.0106469109180504,0.011017525423487202
90,17,1,0,0.08297598581130287,0.008651804808004065,0.09162779061930694
90,17,2,0,0.08136026509043662,0.006946739857485819,0.08830700494792243
90,17,3,0,0.08473018913950008,0.0072169543001386754,0.09194714343963875
90,17,4,0,0.09221959468046186,0.005474947830185033,0.09769454251064688
90,17,5,0,0.11388553001821684,0.0033904178330360483,0.11727594785125289
90,17,6,0,0.13986656406676365,0.003343235371186719,0.14320979943795037
90,17,7,0,0.178804935370949,0.007802931546776142,0.18660786691772513
90,17,8,0,0.17604381799420246,0.008930051133356398,0.18497386912755887
90,17,9,0,0.13634389032500752,0.009170414213283483,0.145514304538291
90,17,10,0,0.09500805407556999,0.009117301388664827,0.10412535546423482
90,17,11,0,0.08331174911042201,0.008504061737300676,0.09181581084772268
90,17,12,0,0.08383299916345194,0.009353078792754025,0.09318607795620597
386,17,1,1.1929437115141509e-4,0,0.05220538426556682,0.05232467863671823
386,17,2,0.0034617998475785314,0,0.04191694469545477,0.0453787445430333
386,17,3,0.1985819793585113,0,0.04354743094957689,0.24212941030808818
386,17,4,6.651021203821,0,0.033036084568657614,6.684057288389658
386,17,5,33.930946748619334,0,0.02045793562410592,33.95140468424344
386,17,6,85.45828396331068,0,0.020173234500340285,85.47845719781101
386,17,7,135.79243691051013,0,0.047083244344637176,135.83952015485477
386,17,8,103.98691258068932,0,0.05388433526571675,104.04079691595504
386,17,9,52.428065218297185,0,0.05533469703754497,52.48339991533473
386,17,10,11.430093200596712,0,0.055014211834725615,11.485107412431438
386,17,11,0.3846925950764311,0,0.05131389584785428,0.4360064909242854
386,17,12,0.0019645449477292114,0,0.05643690342968938,0.05840144837741859
42,17,1,0,0.061690116711685304,0.006432353206218695,0.068122469917904
42,17,2,0,0.06048887759570303,0.005164689378304928,0.06565356697400795
42,17,3,0,0.06299431342588417,0.005365585581482872,0.06835989900736704
42,17,4,0,0.0685624582018169,0.004070456859682107,0.072632915061499
42,17,5,0,0.08467042084408619,0.002520672334005367,0.08719109317809155
42,17,6,0,0.10398652787281153,0.0024855936115319877,0.10647212148434351
42,17,7,0,0.13293602026909132,0.005801241806377439,0.13873726207546877
42,17,8,0,0.13088321364605807,0.0066392208694076365,0.1375224345154657
42,17,9,0,0.10136752730124468,0.006817923494135744,0.10818545079538043
42,17,10,0,0.0706355927822389,0.006778435727674452,0.07741402850991334
42,17,11,0,0.06193974649200831,0.006322510735702443,0.06826225722771076
42,17,12,0,0.062327280021052665,0.006953729042168096,0.06928100906322077
55,17,1,2.6076422188286507e-5,0,0.01141151612998382,0.011437592552172107
55,17,2,7.567109284831739e-4,0,0.009162577715711185,0.00991928864419436
55,17,3,0.0434078111377572,0,0.009518983869030197,0.052926795006787396
55,17,4,1.4538392316427802,0,0.007221320506118735,1.4610605521488989
55,17,5,7.4169274218498575,0,0.004471877099363414,7.421399298949221
55,17,6,18.680230010897116,0,0.0044096446014748976,18.68463965549859
55,17,7,29.68271579520136,0,0.010291873335470852,29.693007668536833
55,17,8,22.730382065292698,0,0.011778516137534776,22.742160581430234
55,17,9,11.460191708560087,0,0.012095549083204444,11.472287257643291
55,17,10,2.498491195128675,0,0.012025494583791319,2.510516689712466
55,17,11,0.08408952094804324,0,0.011216646681141734,0.09530616762918498
55,17,12,4.294276667910034e-4,0,0.012336479136674487,0.01276590680346549
63,17,1,3.252604066404953e-5,0,0.014233986357570196,0.014266512398234246
63,17,2,9.438722173255206e-4,0,0.011428806191924877,0.012372678409250397
63,17,3,0.05414409308184499,0,0.011873364151297807,0.0660174572331428
63,17,4,1.8134249256266888,0,0.009007407639521228,1.82243233326621
63,17,5,9.251395041216915,0,0.005577929952517156,9.256972971169432
63,17,6,23.300509424224938,0,0.005500305164026943,23.306009729388965
63,17,7,37.0242978121373,0,0.012837416429357514,37.037135228566655
63,17,8,28.3524068611375,0,0.014691758404790346,28.36709861954229
63,17,9,14.294701122681987,0,0.015087204774243862,14.30978832745623
63,17,10,3.116456146657634,0,0.014999823327504037,3.131455969985138
63,17,11,0.10488782387505223,0,0.013990918824323023,0.11887874269937525
63,17,12,5.356402673441262e-4,0,0.015387725323411778,0.015923365590755904
80,17,1,7.434090379800726e-5,0.31201027002273596,0.03253293019583069,0.34461754112236465
80,17,2,0.0021572965006885748,0.3059347596992402,0.026121463427272777,0.3342135196272016
80,17,3,0.12375071582188255,0.31860650926899553,0.027137536697048575,0.4694947617879266
80,17,4,4.14472973619341,0.3467685301512704,0.020587160660448946,4.51208542700513
80,17,5,21.144813654390898,0.42823781634210994,0.012748811276326875,21.585800282009338
80,17,6,53.25520395925155,0.5259329430669888,0.012571393526865905,53.79370829584541
80,17,7,84.62203531839864,0.6723508690015244,0.029340956363147083,85.3237271437633
80,17,8,64.8017252599526,0.6619683833960832,0.03357920533504319,65.49727284868374
80,17,9,32.6716987154582,0.5126868167977953,0.034483030083110607,33.218868562339104
80,17,10,7.122913267628533,0.3572538285217372,0.03428331269995564,7.514450408850227
80,17,11,0.23972962786386665,0.31327282323735073,0.031977379635829105,0.5849798307370465
80,17,12,0.0012242492714147318,0.3152328526145862,0.03516989417043585,0.3516269960564368
88,17,1,0,0.06102319653101844,0.006362814252637953,0.06738601078365639
88,17,2,0,0.0598349437838576,0.00510885489853947,0.06494379868239707
88,17,3,0,0.062313293821280015,0.005307579250872247,0.06762087307215227
88,17,4,0,0.06782124243747294,0.004026451920658517,0.07184769435813146
88,17,5,0,0.08375506494306903,0.0024934218222863905,0.08624848676535542
88,17,6,0,0.10286234919310545,0.0024587223292451554,0.10532107152235061
88,17,7,0,0.13149887410402006,0.005738525678740927,0.13723739978276098
88,17,8,0,0.1294682599850196,0.006567445508657284,0.13603570549367688
88,17,9,0,0.10027166214123122,0.0067442162131180605,0.10701587835434928
88,17,10,0,0.06987196475216063,0.006705155341429323,0.07657712009358995
88,17,11,0,0.06127012761101363,0.006254159268289444,0.06752428687930308
88,17,12,0,0.061653471588392635,0.0068785535930635765,0.06853202518145621
89,17,1,3.576647538914289e-5,0.1501126173317676,0.01565205946846549,0.1658004432756222
89,17,2,0.0010379062973004945,0.14718960214954407,0.012567410820541995,0.16079491926738657
89,17,3,0.05953824483837957,0.1532861626696515,0.013056258248274992,0.22588066575630608
89,17,4,1.9940889406860294,0.16683531495775447,0.009904778358559794,2.170829034002344
89,17,5,10.173073214615085,0.2060313573872764,0.006133636012746395,10.385238208015108
89,17,6,25.621842679338172,0.25303388449050807,0.0060482777880611705,25.880924841616743
89,17,7,40.71287526740851,0.32347764932145556,0.014116355062185103,41.05046927179215
89,17,8,31.17703973550859,0.31848248653874134,0.01615543744889192,31.511677659496222
89,17,9,15.718822994175792,0.24666098309969542,0.01659028050239698,15.982074257777885
89,17,10,3.426935765777767,0.1718799424367813,0.016494193604007838,3.6153099018185557
89,17,11,0.11533736337587017,0.15072004979722026,0.015384776123542615,0.281442189296633
89,17,12,5.890038888309138e-4,0.15166304805122816,0.0169207406692757,0.16917279260933477
92,17,1,2.041906888191719e-5,0.08569924321569256,0.00893575553512543,0.09465541781969991
92,17,2,5.925403592881756e-4,0.0840304948221388,0.007174730649861441,0.09179776583128842
92,17,3,0.03399036413949696,0.08751101919163368,0.007453813483465396,0.12895519681459605
92,17,4,1.138424711787433,0.09524622571819968,0.005654634664531359,1.2393255721701641
92,17,5,5.807804108454817,0.1176232332807035,0.003501690755888537,5.928929032491409
92,17,6,14.627501448181954,0.14445696034223005,0.0034529597738579506,14.775411368298043
92,17,7,23.242966924229517,0.18467328221165658,0.008059022401291902,23.435699228842463
92,17,8,17.798961596502863,0.1818215454434428,0.009223133856420339,17.990006275802727
92,17,9,8.97387080970717,0.1408186730617291,0.009471385610772359,9.124160868379672
92,17,10,1.9564364867935264,0.09812620186505619,0.009416529632499105,2.063979218291082
92,17,11,0.06584606231973038,0.08604602620781696,0.008783163562570423,0.16067525209011774
92,17,12,3.362621238716286e-4,0.0865843835968137,0.009660045209930815,0.09658069093061614
97,17,1,2.1398972317236173e-5,0.08981191766313824,0.009364579082206677,0.09919789571766216
97,17,2,6.209761482553124e-4,0.08806308666185235,0.00751904327508177,0.09620310608518942
97,17,3,0.035621548929589554,0.09171064008669264,0.007811519188897588,0.13514370820517976
97,17,4,1.1930572855048587,0.09981705626498749,0.005925998455176833,1.298800340225023
97,17,5,6.086518443101806,0.12326792800364259,0.0036697355781555615,6.213456106683603
97,17,6,15.329469740766562,0.15138939553375083,0.00361866601462675,15.48447780231494
97,17,7,24.35838816443249,0.19353568356292933,0.008445771855050398,24.56036961985047
97,17,8,18.65312706870858,0.1905470930198467,0.009665748581047514,18.853339910309476
97,17,9,9.404523494479111,0.1475765082151454,0.009925913843714742,9.562025916537971
97,17,10,2.050325137910726,0.10283524138387212,0.009868425347677401,2.1630288046422756
97,17,11,0.06900599008345286,0.09017534264061751,0.009204664278283918,0.1683859970023543
97,17,12,3.5239921671631117e-4,0.09073953559821721,0.010123627146075355,0.10121556196100888
100,17,1,5.814535114169805e-5,0.24403720944235155,0.025445462097753415,0.26954081689124665
100,17,2,0.0016873182345229438,0.23928528065110996,0.020430766720844092,0.261403365606477
100,17,3,0.09679097855806172,0.2491964236514031,0.02122548314260477,0.3672128853520696
100,17,4,3.2417787999083134,0.2712232017695298,0.0161021406043821,3.5291041422822254
100,17,5,16.53830599236388,0.3349439801138581,0.00997141641316898,16.88322138889091
100,17,6,41.653280712689345,0.41135571521577974,0.00983265004345672,42.07446907794858
100,17,7,66.18668467204398,0.5258757342356577,0.022948876370993996,66.73550928265063
100,17,8,50.684332276422886,0.5177551271349919,0.026263800754566607,51.22835120431244
100,17,9,25.553999173426842,0.4009953264682572,0.026970722579054102,25.981965222474155
100,17,10,5.571149554805691,0.27942422333946937,0.026814514666863534,5.877388292812024
100,17,11,0.1875032812230455,0.24502470887063835,0.025010941117540028,0.45753893121122385
100,17,12,9.575401983919075e-4,0.24655773565084893,0.027507949751495595,0.27502322560073644
387,17,1,4.740004787650964e-5,0.19893895529202346,0.02074312215836763,0.2197294774982676
387,17,2,0.0013755005951273647,0.19506518640443501,0.016655146141637503,0.2130958331411999
387,17,3,0.07890393518281126,0.2031447429553959,0.01730299838949658,0.2993516765277037
387,17,4,2.642695715195583,0.2211009564249835,0.013126453286041883,2.8769231249066083
387,17,5,13.482014992463267,0.27304608849391016,0.008128691393212229,13.763189772350389
387,17,6,33.95572408159873,0.3353368792629223,0.008015569149750643,34.299076530011405
387,17,7,53.955337110218245,0.4286935153099308,0.018707907293333603,54.40273853282151
387,17,8,41.31783073485465,0.4220736023194691,0.0214102312350265,41.76131456840915
387,17,9,20.831601503358762,0.3268910979062139,0.021986513391169967,21.180479114656144
387,17,10,4.541597057027822,0.22778642323219409,0.02185917281499082,4.791242653075007
387,17,11,0.15285253820750178,0.19974396410630943,0.020388900971960656,0.3729854032857719
387,17,12,7.805860719088518e-4,0.2009936864203233,0.022424460590632782,0.22419873308286492
391,17,1,5.0147220399364726e-5,0.21046889368211916,0.0219453347675227,0.23246437567004122
391,17,2,0.0014552207137641512,0.20637061212155622,0.017620431239316003,0.22544626407463636
391,17,3,0.08347698378487353,0.21491843688632734,0.01830583116853661,0.31670125183973746
391,17,4,2.795858873890408,0.23391534163088343,0.01388722534019472,3.043661440861486
391,17,5,14.263394396056027,0.28887106642932825,0.008599807323313806,14.56086526980867
391,17,6,35.923701675917684,0.35477205500390746,0.008480128835019493,36.28695385975661
391,17,7,57.08243563038728,0.45353937726040433,0.019792164613289514,57.55576717226098
391,17,8,43.712495178960026,0.44653579286272244,0.022651107596798847,44.18168207941955
391,17,9,22.038942124747766,0.3458367800809132,0.023260789434497352,22.408039694263177
391,17,10,4.804815159200444,0.2409882791588637,0.023126068559192026,5.0689295069185
391,17,11,0.16171143839482424,0.2113205585272392,0.021570583924419056,0.39460258084648253
391,17,12,8.258266297677416e-4,0.21264271120696077,0.023724118813234756,0.23719265664996325
1752,05,1,0,10.744014079379381,79.83617089142119,90.58018497080057
1752,05,2,0,10.409151966368949,69.57448085817462,79.98363282454358
1752,05,3,0,10.54319942356079,66.59648362887239,77.13968305243318
1752,05,4,0,10.602084329831815,58.68306333396439,69.28514766379621
1752,05,5,0,11.212498986884249,64.19206716266719,75.40456614955144
1752,05,6,0,11.644531994895727,75.16982789397646,86.81435988887219
1752,05,7,0,11.928015919099431,84.41362977026084,96.34164568936028
1752,05,8,0,11.885531650373839,83.2232100221111,95.10874167248494
1752,05,9,0,11.351993767432935,69.23366700560423,80.58566077303716
1752,05,10,0,10.843940474052602,62.35652827734645,73.20046875139906
1752,05,11,0,10.32770008239632,63.47007382976112,73.79777391215744
1752,05,12,0,10.578543855102863,72.01058344491656,82.58912730001943
1592,05,1,0,1.9010474660916596,14.126224077357499,16.02727154344916
1592,05,2,0,1.8417969134839183,12.31051910048462,14.152316013968539
1592,05,3,0,1.865515290707536,11.783591823122004,13.64910711382954
1592,05,4,0,1.8759343948738665,10.383390046709014,12.25932444158288
1592,05,5,0,1.9839412560415106,11.358154012194218,13.34209526823573
1592,05,6,0,2.060385241416074,13.3005606460118,15.360945887427874
1592,05,7,0,2.110544929573919,14.936160339397425,17.046705268971344
1592,05,8,0,2.103027756679986,14.72552729023297,16.828555046912957
1592,05,9,0,2.008623483478652,12.25021544618456,14.258838929663213
1592,05,10,0,1.9187284573846433,11.033373485933659,12.952101943318302
1592,05,11,0,1.8273848048911208,11.230404403350125,13.057789208241246
1592,05,12,0,1.8717691397370588,12.741563458342776,14.613332598079836
1703,05,1,0,1.7410565831729157,12.937370509649961,14.678427092822876
1703,05,2,0,1.6867925174331877,11.274474048898501,12.96126656633169
1703,05,3,0,1.7085147718975942,10.791892618676952,12.500407390574546
1703,05,4,0,1.7180570112278137,9.50953088701217,11.227587898239983
1703,05,5,0,1.8169740872177003,10.40225936929296,12.21923345651066
1703,05,6,0,1.886984597925243,12.18119436030585,14.068178958231094
1703,05,7,0,1.932922880285262,13.679143077735372,15.612065958020633
1703,05,8,0,1.9260383476329879,13.486236765072121,15.412275112705109
1703,05,9,0,1.8395790749064895,11.21924550980034,13.05882458470683
1703,05,10,0,1.757249554067514,10.104812154839744,11.862061708907257
1703,05,11,0,1.6735933222576564,10.285261082062899,11.958854404320554
1703,05,12,0,1.7142423011767054,11.66924200197406,13.383484303150766
1740,05,1,0,3.144844586842211,23.368579751209577,26.513424338051788
1740,05,2,0,3.0468282127329696,20.36491462991701,23.41174284264998
1740,05,3,0,3.0860647975899096,19.49323497676235,22.579299774352258
1740,05,4,0,3.1033008024354873,17.17692407154746,20.28022487398295
1740,05,5,0,3.281973244204233,18.789446238922523,22.071419483126757
1740,05,6,0,3.4084321874393986,22.002710029945135,25.411142217384533
1740,05,7,0,3.4914098229769257,24.70843249807448,28.199842321051406
1740,05,8,0,3.4789743941380844,24.35998869733302,27.838963091471104
1740,05,9,0,3.3228042969430076,20.265156141938675,23.587960438881684
1740,05,10,0,3.1740937091021926,18.252171763592276,21.426265472694467
1740,05,11,0,3.0229867029855977,18.578113974468064,21.601100677453662
1740,05,12,0,3.096410348460271,21.077978106593893,24.174388455054164
1645,05,1,0,0.6852807547223017,5.092155598308008,5.777436353030309
1645,05,2,0,0.6639223909081554,4.437638707437018,5.101561098345173
1645,05,3,0,0.6724722812893804,4.247694411591955,4.9201666928813355
1645,05,4,0,0.676228111532437,3.7429561832106883,4.4191842947431255
1645,05,5,0,0.7151619228424284,4.094334566895715,4.809496489738144
1645,05,6,0,0.7427180953872203,4.794524282167107,5.5372423775543265
1645,05,7,0,0.7607994266377817,5.384117657555675,6.144917084193456
1645,05,8,0,0.7580896710919494,5.3081896349915505,6.0662793060835
1645,05,9,0,0.7240592574687571,4.4159007264195225,5.1399599838882795
1645,05,10,0,0.6916543162843412,3.9772591923326,4.668913508616941
1645,05,11,0,0.6587271809884807,4.048283981665384,4.707011162653865
1645,05,12,0,0.6747266397203572,4.59301957411212,5.267746213832477
1654,05,1,0,1.1772771940101077,8.748062181708626,9.925339375718734
1654,05,2,0,1.1405846202781131,7.623635728161029,8.764220348439142
1654,05,3,0,1.1552728934971404,7.297321168632332,8.452594062129473
1654,05,4,0,1.1617252172480326,6.4302067762850275,7.59193199353306
1654,05,5,0,1.2286115084728897,7.0338568200516125,8.262468328524502
1654,05,6,0,1.2759515997677886,8.236746843722976,9.512698443490764
1654,05,7,0,1.3070143996084966,9.249638027082824,10.55665242669132
1654,05,8,0,1.3023591785425794,9.119197578062407,10.421556756604986
1654,05,9,0,1.2438966730873517,7.5862909915412295,8.830187664628582
1654,05,10,0,1.1882266459243807,6.832727330417542,8.020953976341923
1654,05,11,0,1.1316595160571332,6.9547442761943765,8.08640379225151
1654,05,12,0,1.1591457656734339,7.8905720888592805,9.049717854532714
1756,05,1,0,31.422088916317403,233.48994537369933,264.9120342900167
1756,05,2,0,30.442746650756305,203.4784678873456,233.9212145381019
1756,05,3,0,30.834783657387966,194.76897690563916,225.60376056302712
1756,05,4,0,31.006999250834397,171.6252808622742,202.6322801131086
1756,05,5,0,32.7922262142407,187.73698798280614,220.52921419704683
1756,05,6,0,34.05575579380217,219.84269551936802,253.8984513131702
1756,05,7,0,34.884836713360116,246.8772435323773,281.7620802457374
1756,05,8,0,34.76058664633885,243.39572583352282,278.15631247986164
1756,05,9,0,33.20019453645051,202.48171908375522,235.68191362020573
1756,05,10,0,31.714335001934067,182.36874612852537,214.08308113045945
1756,05,11,0,30.204531369048727,185.6254365146166,215.82996788366535
1756,05,12,0,30.938152459998083,210.60312646693464,241.54127892693273
1741,05,1,0,3.732228090889898,27.733284549759297,31.465512640649195
1741,05,2,0,3.615904547797103,24.16860495057731,27.784509498374415
1741,05,3,0,3.6624696101236642,23.134115900984025,26.79658551110769
1741,05,4,0,3.6829248980347193,20.385172228585194,24.068097126619914
1741,05,5,0,3.8949691780691715,22.298875867690278,26.19384504575945
1741,05,6,0,4.0450476977713015,26.112302271802655,30.157349969573957
1741,05,7,0,4.143523617237881,29.32339049026506,33.46691410750294
1741,05,8,0,4.128765540788327,28.909865527325778,33.03863106811411
1741,05,9,0,3.9434265176305137,24.050213907441123,27.993640425071636
1741,05,10,0,3.7669402659173423,21.661251071305934,25.428191337223275
1741,05,11,0,3.5876100009757237,22.048071673038393,25.635681674014116
1741,05,12,0,3.6747474682205774,25.014852027261426,28.689599495482003
1754,05,1,0,2.304643524748927,17.12524880610459,19.429892330853516
1754,05,2,0,2.2328139650767738,14.924066146311537,17.15688011138831
1754,05,3,0,2.261567799718443,14.285271187507082,16.546838987225524
1754,05,4,0,2.2741988998771276,12.587803862303245,14.862002762180373
1754,05,5,0,2.4051358268388796,13.769512105408074,16.174647932246955
1754,05,6,0,2.497809018351392,16.124295429288114,18.622104447639508
1754,05,7,0,2.558617705445389,18.107136105114126,20.665753810559515
1754,05,8,0,2.5495046221881688,17.85178525169594,20.40128987388411
1754,05,9,0,2.4350581389610144,14.850959909418329,17.286018048379344
1754,05,10,0,2.3260782247347676,13.375780044446026,15.701858269180793
1754,05,11,0,2.215342137918952,13.614641007203968,15.82998314512292
1754,05,12,0,2.2691493530082605,15.446622056111984,17.715771409120244
1755,05,1,0,4.206653228774568,31.25862304089561,35.46527626967018
1755,05,2,0,4.075543126118133,27.240816363418322,31.316359489536456
1755,05,3,0,4.128027343324004,26.07482741670153,30.202854760025534
1755,05,4,0,4.151082821403329,22.976449586192594,27.127532407595922
1755,05,5,0,4.3900812784985455,25.133415183233463,29.52349646173201
1755,05,6,0,4.559237148423993,29.43158831330296,33.990825461726956
1755,05,7,0,4.6702309126024995,33.050856560880526,37.721087473483024
1755,05,8,0,4.653596851544291,32.58476604385839,37.23836289540268
1755,05,9,0,4.44469831126273,27.107375948808485,31.552074260071215
1755,05,10,0,4.245777869498809,24.414738204459272,28.66051607395808
1755,05,11,0,4.04365189550621,24.850729814191354,28.894381709697562
1755,05,12,0,4.141865911103902,28.194634809339046,32.33650072044295
1762,05,1,0,8.803640367290228,65.41772298851978,74.22136335581001
1762,05,2,0,8.529254500537434,57.0092987305233,65.53855323106073
1762,05,3,0,8.639092927455696,54.56912912278969,63.20822205024538
1762,05,4,0,8.687343193514696,48.08487604597223,56.77221923948693
1762,05,5,0,9.187516692535544,52.59895133772072,61.786468030256266
1762,05,6,0,9.541524347517264,61.5941236078403,71.13564795535757
1762,05,7,0,9.773810949169011,69.1684907618706,78.94230171103962
1762,05,8,0,9.738999358234365,68.19306134867351,77.93206070690788
1762,05,9,0,9.301818653794294,56.7300360110171,66.03185466481139
1762,05,10,0,8.885520010727344,51.094911589899205,59.980431600626545
1762,05,11,0,8.4625128629674,52.00735032123607,60.46986318420347
1762,05,12,0,8.668054138971597,59.00544010869434,67.67349424766593
1768,05,1,0,2.9273746301192562,21.752613083592678,24.679987713711935
1768,05,2,0,2.836136211500999,18.956655181496476,21.792791392997476
1768,05,3,0,2.872659537188791,18.145253272189933,21.017912809378725
1768,05,4,0,2.8887036506310455,15.989118178021975,18.87782182865302
1768,05,5,0,3.0550206684333405,17.490132410340067,20.545153078773406
1768,05,6,0,3.1727348167658755,20.48119497065742,23.653929787423294
1768,05,7,0,3.2499744444906105,22.999813328615378,26.24978777310599
1768,05,8,0,3.23839894118918,22.67546485474147,25.913863795930652
1768,05,9,0,3.0930282025444518,18.86379511837327,21.956823320917724
1768,05,10,0,2.954601138804413,16.990011140413763,19.944612279218177
1768,05,11,0,2.8139433721250224,17.29341403764909,20.10735740977411
1768,05,12,0,2.882289680210553,19.620409422333076,22.50269910254363
1775,05,1,0,3.3716022314496796,25.05356098188047,28.425163213330148
1775,05,2,0,3.2665184295193734,21.83331789964713,25.099836329166504
1775,05,3,0,3.3085841511806646,20.898786166033993,24.207370317214657
1775,05,4,0,3.3270629506233362,18.41545867524833,21.742521625871667
1775,05,5,0,3.5186184907242724,20.144251048814553,23.662869539538825
1775,05,6,0,3.654195700797657,23.589205821262226,27.243401522059884
1775,05,7,0,3.7431564024836073,26.49002322552976,30.233179628013367
1775,05,8,0,3.729824322482741,26.116455036809068,29.84627935929181
1775,05,9,0,3.5623936486772205,21.726366369488517,25.28876001816574
1775,05,10,0,3.402960348888075,19.56823663223464,22.971196981122716
1775,05,11,0,3.240957838130632,19.917680763785803,23.158638601916437
1775,05,12,0,3.3196756634754303,22.597796506694326,25.917472170169756
1777,05,1,0,10.795472890631421,80.21854887590952,91.01402176654094
1777,05,2,0,10.459006944440807,69.90771013840342,80.36671708284422
1777,05,3,0,10.593696426368234,66.91544969274652,77.50914611911476
1777,05,4,0,10.652863363847986,58.96412780926043,69.61699117310842
1777,05,5,0,11.266201622116007,64.49951719424726,75.76571881636326
1777,05,6,0,11.700303866527369,75.52985627413919,87.23016014066656
1777,05,7,0,11.98514554637443,84.81793164564505,96.80307719201947
1777,05,8,0,11.942457797836788,83.6218103426874,95.56426814052418
1777,05,9,0,11.4063645175359,69.56526394659912,80.97162846413502
1777,05,10,0,10.895877886081278,62.65518693464615,73.55106482072743
1777,05,11,0,10.377164943972376,63.77406585036237,74.15123079433475
1777,05,12,0,10.62921014123571,72.35548051916307,82.98469066039877
1735,05,1,0,0.8480244748608701,6.30146483380362,7.14948930866449
1735,05,2,0,0.8215938256232178,5.491510170924807,6.3131039965480245
1735,05,3,0,0.8321741844771513,5.256457003844256,6.088631188321407
1735,05,4,0,0.8368219670795174,4.6318511497973525,5.46867311687687
1735,05,5,0,0.8850019643477424,5.06667653668963,5.951678501037372
1735,05,6,0,0.9191023072954184,5.93315062268176,6.852252929977178
1735,05,7,0,0.9414776787513939,6.6627634260472215,7.604241104798615
1735,05,8,0,0.9381243976211117,6.568803656976723,7.506928054597834
1735,05,9,0,0.8960122801521186,5.464609751191923,6.360622031344041
1735,05,10,0,0.8559116600173132,4.921797547532465,5.777709207549779
1735,05,11,0,0.815164832639591,5.009689640314855,5.8248544729544465
1735,05,12,0,0.8349639186283051,5.683791621932396,6.518755540560701
1739,05,1,0,0.8664325049022505,6.43825045427099,7.30468295917324
1739,05,2,0,0.8394281267220938,5.61071414108795,6.450142267810044
1739,05,3,0,0.850238152961115,5.370558685230121,6.2207968381912355
1739,05,4,0,0.8549868247763595,4.732394539334147,5.587381364110507
1739,05,5,0,0.9042126631298345,5.176658661807707,6.080871324937542
1739,05,6,0,0.9390532207246233,6.061941262739972,7.000994483464595
1739,05,7,0,0.9619142933863526,6.807391739192795,7.769306032579148
1739,05,8,0,0.9584882227298087,6.711392389540598,7.669880612270407
1739,05,9,0,0.9154619793759435,5.583229795125049,6.498691774500992
1739,05,10,0,0.87449089684058,5.028634790794147,5.903125687634727
1739,05,11,0,0.8328595798700508,5.118434753375463,5.951294333245514
1739,05,12,0,0.8530884437489984,5.80716943711001,6.6602578808590085
1742,05,1,0,0.7518006814627448,5.586449090451458,6.338249771914203
1742,05,2,0,0.7283690698790936,4.868398508708377,5.59676757858747
1742,05,3,0,0.7377488946746132,4.660016396599965,5.397765291274578
1742,05,4,0,0.7418693018460252,4.106283431764107,4.8481527336101315
1742,05,5,0,0.7845824025322611,4.4917699735724055,5.276352376104667
1742,05,6,0,0.8148134416427563,5.259926822377466,6.074740264020222
1742,05,7,0,0.8346499204322916,5.906751789149905,6.741401709582197
1742,05,8,0,0.8316771300074681,5.823453464029192,6.65513059403666
1742,05,9,0,0.7943433978457609,4.844550430632406,5.638893828478167
1742,05,10,0,0.7587929220775097,4.3633301395736765,5.122123061651187
1742,05,11,0,0.722669563025824,4.441249276588946,5.16391883961477
1742,05,12,0,0.7402220827701353,5.0388621335039545,5.779084216274089
1636,05,1,0,0.45685383648153444,3.3947703988720046,3.851624235353539
1636,05,2,0,0.4426149272721036,2.958425804958012,3.4010407322301157
1636,05,3,0,0.4483148541929202,2.8317962743946365,3.280111128587557
1636,05,4,0,0.45081874102162467,2.4953041221404586,2.946122863162083
1636,05,5,0,0.47677461522828557,2.729556377930477,3.2063309931587622
1636,05,6,0,0.4951453969248135,3.1963495214447373,3.6914949183695507
1636,05,7,0,0.5071996177585211,3.589411771703783,4.0966113894623035
1636,05,8,0,0.5053931140612995,3.538793089994367,4.044186204055666
1636,05,9,0,0.482706171645838,2.943933817613015,3.426639989258853
1636,05,10,0,0.46110287752289403,2.651506128221733,3.112609005744627
1636,05,11,0,0.4391514539923204,2.698855987776923,3.1380074417692434
1636,05,12,0,0.4498177598135714,3.0620130494080793,3.511830809221651
1655,05,1,0,1.2496542212182629,9.285878371273514,10.535532592491776
1655,05,2,0,1.2107058495986935,8.092324065393388,9.30302991499208
1655,05,3,0,1.22629713321818,7.7459482340812995,8.972245367299479
1655,05,4,0,1.233146135010616,6.8255251033274265,8.058671238338043
1655,05,5,0,1.3041444832297517,7.466286539265873,8.770431022495625
1655,05,6,0,1.3543949639326172,8.743128223951858,10.097523187884475
1655,05,7,0,1.3873674526050388,9.818290258314283,11.205657710919322
1655,05,8,0,1.38242603635632,9.679830549279464,11.062256585635783
1655,05,9,0,1.3203693541264818,8.052683437005562,9.373052791132045
1655,05,10,0,1.261276827070407,7.252791945969154,8.514068773039561
1655,05,11,0,1.201232044940532,7.382310288909952,8.583542333850485
1655,05,12,0,1.2304081030797964,8.375671225807631,9.606079328887427
1714,05,1,0,3.1691097173513034,23.548888069098386,26.71799778644969
1714,05,2,0,3.070337064181488,20.522047136041152,23.59238420022264
1714,05,3,0,3.10987639240968,19.64364173858917,22.753518130998852
1714,05,4,0,3.127245387581325,17.309458539573235,20.43670392715456
1714,05,5,0,3.3072964380533545,18.93442267657817,22.241719114631522
1714,05,6,0,3.434731118777896,22.172479510021873,25.60721062879977
1714,05,7,0,3.518348996813917,24.899078910857284,28.4174279076712
1714,05,8,0,3.5058176181450036,24.54794657207631,28.05376419022131
1714,05,9,0,3.348442536828959,20.42151892712325,23.769961463952207
1714,05,10,0,3.1985845212783173,18.393002675164496,21.591587196442813
1714,05,11,0,3.046311597062113,18.721459805320688,21.7677714023828
1714,05,12,0,3.120301767937549,21.240612499328023,24.36091426726557
1718,05,1,0,1.5104667214022862,11.223912999809041,12.734379721211328
1718,05,2,0,1.4633895234180179,9.781254679925324,11.244644203343341
1718,05,3,0,1.4822348285042684,9.362587533916795,10.844822362421063
1718,05,4,0,1.4905132699376225,8.250064977671366,9.740578247608989
1718,05,5,0,1.5763295224966616,9.024558280626348,10.60088780312301
1718,05,6,0,1.6370676671349047,10.567886699376642,12.204954366511547
1718,05,7,0,1.6769217691863938,11.867443365088876,13.544365134275271
1718,05,8,0,1.6709490411520662,11.700086043998683,13.37103508515075
1718,05,9,0,1.595940649424771,9.733340745831688,11.329281395256459
1718,05,10,0,1.5245150549793332,8.766505714645628,10.29102076962496
1718,05,11,0,1.4519384624619172,8.923055537389816,10.374993999851734
1718,05,12,0,1.4872037895682382,10.12373858398665,11.610942373554888
1586,05,1,0,0.8730552120739563,6.487462189998228,7.360517402072184
1586,05,2,0,0.8458444218674395,5.653600478535282,6.499444900402721
1586,05,3,0,0.8567370761679594,5.411609358328717,6.268346434496676
1586,05,4,0,0.8615220451704734,4.768567308797045,5.630089353967518
1586,05,5,0,0.9111241486234827,5.216227230912689,6.127351379536171
1586,05,6,0,0.9462310152606305,6.108276622560916,7.054507637821546
1586,05,7,0,0.9692668299697935,6.859425061854033,7.828691891823826
1586,05,8,0,0.9658145716268696,6.762691926733465,7.728506498360335
1586,05,9,0,0.9224594507103334,5.62590605184008,6.548365502550414
1586,05,10,0,0.8811751995431326,5.067071917176702,5.948247116719835
1586,05,11,0,0.8392256673395548,5.15755827927886,5.996783946618415
1586,05,12,0,0.8596091535821934,5.851557410161412,6.711166563743605
1587,05,1,0,1.360102401466546,10.106592094077735,11.466694495544282
1587,05,2,0,1.3177116561919493,8.807547886372248,10.125259542564198
1587,05,3,0,1.334680944121963,8.430558322396486,9.76523926651845
1587,05,4,0,1.3421352811916683,7.428785440548197,8.770920721739865
1587,05,5,0,1.4194086759223044,8.12617928997434,9.545587965896644
1587,05,6,0,1.4741004445078467,9.515872064301135,10.989972508808982
1587,05,7,0,1.509987140414791,10.686060137187726,12.196047277602517
1587,05,8,0,1.5046089870085024,10.535362944662717,12.03997193167122
1587,05,9,0,1.4370675494694316,8.764403700604314,10.201471250073745
1587,05,10,0,1.3727522480100076,7.893815405539243,9.26656765354925
1587,05,11,0,1.3074005283232908,8.034780967273603,9.342181495596893
1587,05,12,0,1.3391552538039566,9.11593811687332,10.455093370677277
1600,05,1,0,0.4526701932903115,3.363682757856693,3.8163529511470045
1600,05,2,0,0.43856167702235904,2.9313339935572973,3.3698956705796563
1600,05,3,0,0.4442094068102011,2.805864074079667,3.250073480889868
1600,05,4,0,0.4466903642723423,2.4724533517911866,2.919143716063529
1600,05,5,0,0.4724085473232646,2.7045604404036405,3.176968987726905
1600,05,6,0,0.49061109841817596,3.1670789214315067,3.6576900198496825
1600,05,7,0,0.5025549326142122,3.556541700534334,4.059096633148546
1600,05,8,0,0.500764971991141,3.506386559866213,4.007151531857354
1600,05,9,0,0.478285785458605,2.9169747167191225,3.3952605021777273
1600,05,10,0,0.4568803236994243,2.6272249365713507,3.084105260270775
1600,05,11,0,0.43512992053085225,2.674141189354057,3.1092711098849093
1600,05,12,0,0.44569854955886834,3.0339726368677122,3.4796711864265806
1631,05,1,0,1.4140713986333207,10.507622663175253,11.921694061808573
1631,05,2,0,1.369998584413654,9.157032253441464,10.527030837855119
1631,05,3,0,1.3876412153590387,8.76508370645959,10.15272492181863
1631,05,4,0,1.3953913412574095,7.7235603780538,9.118951719311209
1631,05,5,0,1.4757309518970743,8.448626884070523,9.924357835967596
1631,05,6,0,1.5325928952434704,9.893462804471806,11.426055699715276
1631,05,7,0,1.5699035787763749,11.110084055273612,12.679987634049986
1631,05,8,0,1.564312019713546,10.953407183315898,12.517719203029444
1631,05,9,0,1.4940905312847368,9.112176102135521,10.606266633420258
1631,05,10,0,1.4272231923327672,8.207042777829173,9.634265970161941
1631,05,11,0,1.3592783099762298,8.35360186692857,9.712880176904799
1631,05,12,0,1.3922930660896258,9.477659438644055,10.869952504733682
1683,05,1,0,1.5211726643286254,11.303466273167224,12.82463893749585
1683,05,2,0,1.4737617908071141,9.850582625299753,11.324344416106866
1683,05,3,0,1.4927406683566464,9.4289480345228,10.921688702879447
1683,05,4,0,1.5010777860390359,8.308540098995154,9.80961788503419
1683,05,5,0,1.5875022902656102,9.088522884757522,10.676025175023131
1683,05,6,0,1.64867093701339,10.6427901648105,12.29146110182389
1683,05,7,0,1.6888075184706801,11.951557877211496,13.640365395682176
1683,05,8,0,1.6827924567096015,11.783014354596629,13.46580681130623
1683,05,9,0,1.6072524176779002,9.80232908501916,11.40958150269706
1683,05,10,0,1.5353205702135921,8.828641284078957,10.36396185429255
1683,05,11,0,1.4622295665898142,8.98630070655393,10.448530273143744
1683,05,12,0,1.4977448486100233,10.195493999677451,11.693238848287475
1699,05,1,0,1.368888052168114,10.17187614020989,11.540764192378003
1699,05,2,0,1.326223481716413,8.86444069031375,10.190664172030163
1699,05,3,0,1.343302383625673,8.485015943057922,9.828318326683595
1699,05,4,0,1.350804872365161,7.476772058281667,8.827576930646828
1699,05,5,0,1.4285774185228481,8.178670758780695,9.607248177303543
1699,05,6,0,1.4836224713717854,9.577340324328919,11.060962795700704
1699,05,7,0,1.5197409792178396,10.755087286643567,12.274828265861407
1699,05,8,0,1.514328085355835,10.603416657931838,12.117744743287673
1699,05,9,0,1.4463503604626209,8.821017812481488,10.267368172944108
1699,05,10,0,1.3816196110392942,7.944805908005046,9.32642551904434
1699,05,11,0,1.315845748592374,8.086682043961622,9.402527792553995
1699,05,12,0,1.3478055953388328,9.17482298320809,10.522628578546923
1707,05,1,0,0.6141588204715133,4.5636657010477135,5.177824521519227
1707,05,2,0,0.5950171366624982,3.977077913624873,4.572095050287372
1707,05,3,0,0.6026796757831565,3.806847006237479,4.409526682020635
1707,05,4,0,0.6060457067946383,3.3544930872730707,3.960538794067709
1707,05,5,0,0.6409387684570725,3.6694036289395053,4.310342397396578
1707,05,6,0,0.6656350207743831,4.296924081942192,4.962559102716575
1707,05,7,0,0.6818397791845321,4.825326447675049,5.507166226859581
1707,05,8,0,0.6794112558992561,4.75727862281294,5.436689878712197
1707,05,9,0,0.648912692285797,3.957596011223357,4.606508703509154
1707,05,10,0,0.6198709012853557,3.564478934276103,4.184349835561458
1707,05,11,0,0.5903611121435224,3.628132408476669,4.218493520620191
1707,05,12,0,0.60470006539040555,4.11633256092588,4.721032626316285
1709,05,1,0,2.1332396632045274,15.851588153707281,17.98482781691181
1709,05,2,0,2.06675230234474,13.81411463322427,15.88086693556901
1709,05,3,0,2.0933676204484435,13.222828940602794,15.316196561051237
1709,05,4,0,2.105059304459033,11.651607801093588,13.756667105552621
1709,05,5,0,2.226258024770172,12.745428544933608,14.971686569703781
1709,05,6,0,2.3120388085344543,14.925078946746074,17.23711775528053
1709,05,7,0,2.368324955083058,16.760449289301818,19.128774244384875
1709,05,8,0,2.3598896415737785,16.524089712345493,18.883979353919273
1709,05,9,0,2.2539549168700805,13.74644554579557,16.000400462665652
1709,05,10,0,2.153080194587213,12.38097962252987,14.534059817117083
1709,05,11,0,2.0505799120026023,12.602075715819165,14.652655627821767
1709,05,12,0,2.1003853088730775,14.297806354333147,16.398191663206227
1712,05,1,0,0.4258948768664853,3.1647218553587,3.590616732225185
1712,05,2,0,0.412620875423994,2.7579464005927248,3.170567276016719
1712,05,3,0,0.4179345435607992,2.6398979920638643,3.0578325356246636
1712,05,4,0,0.42026875307693573,2.3262084215558487,2.7464771746327843
1712,05,5,0,0.4444657127311306,2.544586440231891,2.989052152963022
1712,05,6,0,0.46159158797569605,2.9797470813468334,3.4413386693225294
1712,05,7,0,0.47282894769063594,3.346173245049863,3.819002192740499
1712,05,8,0,0.47114486274212714,3.29898476704603,3.7701296297881575
1712,05,9,0,0.44999531386031416,2.744436470998213,3.1944317848585273
1712,05,10,0,0.42985597922921803,2.4718253100089047,2.9016812892381227
1712,05,11,0,0.40939210637745616,2.515966479447717,2.925358585825173
1712,05,12,0,0.4193356039287689,2.854513996609363,3.273849600538132
1726,05,1,0,0.4815373313097492,3.5781874808623417,4.059724812172091
1726,05,2,0,0.46652910374559636,3.1182674922222264,3.584796595967823
1726,05,3,0,0.4725369937509626,2.9847962562529546,3.4573332500039173
1726,05,4,0,0.4751761638423901,2.630123667201161,3.1052998310435513
1726,05,5,0,0.502534415867909,2.8770324093388084,3.3795668252067177
1726,05,6,0,0.5218977581139747,3.3690460615227953,3.89094381963677
1726,05,7,0,0.534603260109943,3.783345191603529,4.317948451713471
1726,05,8,0,0.5326991522752342,3.7299916177504726,4.262690770025706
1726,05,9,0,0.5087864501505124,3.102992512886978,3.611778963037491
1726,05,10,0,0.4860159450813654,2.7947651589589877,3.280781104040353
1726,05,11,0,0.46287850141498244,2.8446732984718297,3.307551799886812
1726,05,12,0,0.47412110031631927,3.2274514833962447,3.701572583712564
1733,05,1,0,1.0513495339543002,7.8123241871477545,8.863673721102055
1733,05,2,0,1.0185817877608025,6.8081722049995275,7.82675399276033
1733,05,3,0,1.0316989272772972,6.51676193915176,7.548460866429057
1733,05,4,0,1.0374610770946362,5.742398588771953,6.779859665866589
1733,05,5,0,1.0971928645317597,6.281479100493853,7.378671965025613
1733,05,6,0,1.1394692147180003,7.355701783324748,8.495170998042749
1733,05,7,0,1.1672093767648017,8.260248884882422,9.427458261647224
1733,05,8,0,1.1630521022308111,8.143761021204986,9.306813123435797
1733,05,9,0,1.11084304885164,6.774822054635079,7.885665103486719
1733,05,10,0,1.061127775837942,6.10186346174104,7.162991237578982
1733,05,11,0,1.0106113588669425,6.210828843666123,7.221440202533065
1733,05,12,0,1.0351575370068726,7.046555671394234,8.081713208401107
989,10,1,0,2.7540226364802534,38.42993805550881,41.183960691989064
989,10,2,0,2.760407307799871,34.394392404084556,37.15479971188443
989,10,3,0,2.9238746869095023,33.07099829479687,35.99487298170637
989,10,4,0,3.2443623672969446,28.964306080037975,32.20866844733492
989,10,5,0,3.9502332196655128,30.904064823694668,34.85429804336018
989,10,6,0,4.968552647778932,34.88745350447491,39.85600615225384
989,10,7,0,5.423807997240153,40.01432513919239,45.43813313643254
989,10,8,0,5.185526400240754,39.79148759628836,44.97701399652912
989,10,9,0,4.452202158180055,33.142690005032144,37.5948921632122
989,10,10,0,3.2742909656116383,30.05097856472669,33.32526953033833
989,10,11,0,2.8235011431520896,30.997488106034325,33.82098924918641
989,10,12,0,2.7414753455510237,36.18991511623124,38.931390461782264
924,10,1,0,0.3110848961838011,4.340913227070196,4.651998123253997
924,10,2,0,0.31180608663021275,3.8850719121190775,4.19687799874929
924,10,3,0,0.3302707978443329,3.735585878981686,4.065856676826019
924,10,4,0,0.3664719806018333,3.2717080936778484,3.6381800742796817
924,10,5,0,0.44620471697065495,3.490816549577568,3.937021266548223
924,10,6,0,0.5612305665698698,3.940766393055964,4.501996959625834
924,10,7,0,0.6126546403041596,4.519880126221242,5.132534766525402
924,10,8,0,0.5857391731314555,4.494709166120222,5.080448339251677
924,10,9,0,0.5029053965717715,3.743683927247651,4.246589323819422
924,10,10,0,0.3698526118197205,3.3944548687432925,3.764307480563013
924,10,11,0,0.31893294861035515,3.501369321258822,3.8203022698691775
924,10,12,0,0.3096675974861056,4.087887963485188,4.397555560971293
964,10,1,0,0.130520569110377,1.8212985323505018,1.9518191014608788
964,10,2,0,0.13082315592400034,1.6300431272141185,1.7608662831381188
964,10,3,0,0.1385703164119907,1.5673239069675104,1.7058942233795011
964,10,4,0,0.1537590929612257,1.3726966740858941,1.52645576704712
964,10,5,0,0.18721221863608176,1.4646270786531104,1.6518392972891922
964,10,6,0,0.23547312598409953,1.6534106241172615,1.888883750101361
964,10,7,0,0.2570489062682309,1.896386914382758,2.153435820650989
964,10,8,0,0.24575609798229794,1.885826041522191,2.131582139504489
964,10,9,0,0.211001882040731,1.5707215706963615,1.7817234527370927
964,10,10,0,0.1551774900480783,1.424197017350838,1.5793745073989163
964,10,11,0,0.13381334314630028,1.4690546602632295,1.6028680034095297
964,10,12,0,0.12992591911324786,1.715137796784266,1.8450637158975138
965,10,1,0,1.242996179995594,17.344906889187534,18.587903069183128
965,10,2,0,1.2458778273559639,15.523510157558256,16.76938798491422
965,10,3,0,1.3196569332702301,14.92621157305003,16.24586850632026
965,10,4,0,1.4643053312828063,13.072703665109655,14.537008996392462
965,10,5,0,1.7828919548792295,13.948191279677637,15.731083234556866
965,10,6,0,2.242498619833145,15.746047567444222,17.988546187277368
965,10,7,0,2.4479728424510365,18.06000162608846,20.507974468539498
965,10,8,0,2.3404272068741134,17.959426485230757,20.299853692104872
965,10,9,0,2.009449814202944,14.95856879509294,16.968018609295886
965,10,10,0,1.4778132570656282,13.563160689493696,15.040973946559324
965,10,11,0,1.2743544982755282,13.990356794780032,15.26471129305556
965,10,12,0,1.2373331057391463,16.333898511935047,17.571231617674194
967,10,1,0,0.40765681203892157,5.688488477561679,6.0961452896006
967,10,2,0,0.40860188588166896,5.091137659414566,5.499739545296236
967,10,3,0,0.43279870611018995,4.895245796901484,5.328044503011674
967,10,4,0,0.4802380351679452,4.2873636995948115,4.767601734762756
967,10,5,0,0.5847226743194688,4.574491283474924,5.1592139577943925
967,10,6,0,0.7354566756320214,5.16412170597361,5.8995783816056315
967,10,7,0,0.8028446273382627,5.923013124895572,6.725857752233835
967,10,8,0,0.767573633224553,5.8900281954547085,6.657601828679262
967,10,9,0,0.6590252797181397,4.905857769968445,5.564883049686585
967,10,10,0,0.48466813563848976,4.448215478723531,4.932883614362021
967,10,11,0,0.4179411815861756,4.588320014199327,5.006261195785502
967,10,12,0,0.40579953296206117,5.356915091699098,5.762714624661159
968,10,1,0,0.7127418823904504,9.945679467921163,10.658421350311613
968,10,2,0,0.7143942372384138,8.901279045800905,9.61567328303932
968,10,3,0,0.7566996438653311,8.55878425432612,9.315483898191452
968,10,4,0,0.8396419514471709,7.4959710803261075,8.335613031773278
968,10,5,0,1.0223215392535772,7.997981223606613,9.02030276286019
968,10,6,0,1.2858629119548286,9.028883406117588,10.314746318072416
968,10,7,0,1.4036831326186683,10.355719319264935,11.759402451883604
968,10,8,0,1.342015784015678,10.298048896483056,11.640064680498734
968,10,9,0,1.152231250742238,8.577338090386881,9.72956934112912
968,10,10,0,0.8473874816463652,7.777202244521913,8.624589726168278
968,10,11,0,0.7307229407067507,8.022159197030593,8.752882137737343
968,10,12,0,0.7094946397435167,9.365960860967753,10.07545550071127
975,10,1,0,0.195201429896085,2.7238624548273864,2.9190638847234713
975,10,2,0,0.19565396683405248,2.437828392821378,2.6334823596554306
975,10,3,0,0.2072403153705142,2.3440279937153035,2.5512683090858177
975,10,4,0,0.22995605221560486,2.0529511587447047,2.2829072109603095
975,10,5,0,0.2799872312913186,2.1904386562691043,2.470425887560423
975,10,6,0,0.3521643462596793,2.4727759021655067,2.824940248425186
975,10,7,0,0.3844322346951378,2.836161685831234,3.220593920526372
975,10,8,0,0.3675431547594512,2.820367259731314,3.187910414490765
975,10,9,0,0.3155661162516424,2.3491094059608852,2.664675522212528
975,10,10,0,0.23207735111432426,2.1299730466661004,2.3620503977804246
975,10,11,0,0.20012597324214854,2.1970603731920972,2.3971863464342458
975,10,12,0,0.19431209474746836,2.5650926339279323,2.759404728675401
979,10,1,0,0.08472463118180999,1.1822569230055542,1.2669815541873641
979,10,2,0,0.08492104892929192,1.05810757419292,1.143028623122212
979,10,3,0,0.08994995218588282,1.0173947360584892,1.107344688244372
979,10,4,0,0.09980942108038787,0.8910566375026487,0.9908660585830367
979,10,5,0,0.12152480091668051,0.9507312901220782,1.0722560910387589
979,10,6,0,0.15285233498606132,1.0732760841852924,1.2261284191713537
979,10,7,0,0.16685779052071287,1.2309989375177783,1.3978567280384913
979,10,8,0,0.1595273059575982,1.224143573155148,1.383670879112746
979,10,9,0,0.13696735124906378,1.0196002566769542,1.1565676079260179
979,10,10,0,0.10073014316175816,0.924486981996236,1.0252171251579942
979,10,11,0,0.08686206490325445,0.9536053598683376,1.0404674247715922
979,10,12,0,0.08433862687588006,1.1133449558869255,1.1976835827628056
980,10,1,0,0.13476967675323373,1.8805910528051875,2.015360729558421
980,10,2,0,0.1350821143049527,1.6831093125459822,1.818191426850935
980,10,3,0,0.1430814842267842,1.618348263031234,1.7614297472580183
980,10,4,0,0.15876473262027252,1.417384924902896,1.5761496575231686
980,10,5,0,0.19330692749664477,1.5123081311972266,1.7056150586938714
980,10,6,0,0.2431389725715464,1.7072375401934234,1.95037651276497
980,10,7,0,0.2654171541210934,1.9581239431640445,2.2235410972851377
980,10,8,0,0.2537567075516,1.9472192602366587,2.2009759677882585
980,10,9,0,0.21787106531006095,1.6218565379765126,1.8397276032865735
980,10,10,0,0.16022930573856162,1.4705618659919864,1.6307911717305479
980,10,11,0,0.13816964731318082,1.5168798530833738,1.6550495003965546
980,10,12,0,0.1341556678775397,1.770974245939689,1.9051299138172288
982,10,1,0,0.19219701035063075,2.6819384504654873,2.874135460816118
982,10,2,0,0.19264258212024782,2.400306847637232,2.5929494297574798
982,10,3,0,0.20405060075399356,2.3079501661954986,2.5120007669494924
982,10,4,0,0.2264167110425415,2.0213534056417735,2.247770116684315
982,10,5,0,0.27567784118789024,2.1567247807328602,2.4324026219207506
982,10,6,0,0.3467440506927977,2.434716466556099,2.7814605172488966
982,10,7,0,0.37851529176887144,2.7925092412384047,3.171024533007276
982,10,8,0,0.36188615809428815,2.776957913165528,3.138844071259816
982,10,9,0,0.310709117980399,2.312953368490071,2.62366248647047
982,10,10,0,0.22850536022206333,2.097189820354177,2.3256951805762403
982,10,11,0,0.19704575817465725,2.1632445802889646,2.360290338463622
982,10,12,0,0.19132136329796906,2.525612316343289,2.716933679641258
1000,10,1,0,0.34413479879217446,4.802095242481527,5.146230041273701
1000,10,2,0,0.3449326090755129,4.297824989806906,4.642757598882419
1000,10,3,0,0.3653590256466101,4.132457443625616,4.497816469272226
1000,10,4,0,0.40540625036603334,3.6192969197042744,4.024703170070308
1000,10,5,0,0.49360985498984,3.8616836292800523,4.355293484269892
1000,10,6,0,0.6208561407893817,4.359436495946137,4.980292636735519
1000,10,7,0,0.6777435483257728,5.000075724932901,5.677819273258674
1000,10,8,0,0.6479685608753912,4.972230582349532,5.620199143224923
1000,10,9,0,0.5563344591261364,4.1414158348712355,4.697750293997372
1000,10,10,0,0.40914604248783015,3.7550844081285817,4.164230450616412
1000,10,11,0,0.3528166344449311,3.873357535675953,4.226174170120884
1000,10,12,0,0.34256692517264753,4.522188377052365,4.864755302225013
1006,10,1,0,0.8862179253505637,12.366383458064178,13.252601383414742
1006,10,2,0,0.8882724510091284,11.067783785174983,11.95605623618411
1006,10,3,0,0.9408746771702677,10.641928323270358,11.582803000440625
1006,10,4,0,1.0440045220201868,9.320434372418791,10.364438894438978
1006,10,5,0,1.2711469550798475,9.944630029605204,11.215776984685052
1006,10,6,0,1.5988323266424491,11.22644609232924,12.82527841897169
1006,10,7,0,1.745329107736413,12.87622394218191,14.621553049918324
1006,10,8,0,1.6686523877469543,12.804516969861954,14.473169357608908
1006,10,9,0,1.4326757186376238,10.664998024248101,12.097673742885725
1006,10,10,0,1.0536352563343376,9.670115098408452,10.72375035474279
1006,10,11,0,0.9085754387651458,9.974692740912582,10.883268179677728
1006,10,12,0,0.8821803281323057,11.645565678395766,12.527746006528071
955,10,1,0,0.051890617577917054,0.7240874467648,0.775978064342717
955,10,2,0,0.05201091598556936,0.6480506875376091,0.7000616035231785
955,10,3,0,0.05509092816247838,0.6231156210206249,0.6782065491831033
955,10,4,0,0.061129478260480714,0.5457383357349049,0.6068678139953857
955,10,5,0,0.07442932335778456,0.5822867931902698,0.6567161165480543
955,10,6,0,0.09361624771942662,0.6573408235967673,0.7509570713161939
955,10,7,0,0.10219405711222991,0.7539400787532898,0.8561341358655198
955,10,8,0,0.09770441383117337,0.7497414285433505,0.8474458423745238
955,10,9,0,0.08388729871333238,0.6244664186030585,0.7083537173163909
955,10,10,0,0.06169338555347802,0.5662131515873604,0.6279065371408384
955,10,11,0,0.05319971452281389,0.5840470517126749,0.6372467662354888
955,10,12,0,0.051654204606352075,0.6818814851404726,0.7335356897468247
753,10,1,0,12.970508380518226,180.99191597379863,193.96242435431685
753,10,2,2.2695560925899282e-4,13.00057800731105,161.98587078069932,174.98667574361963
753,10,3,0.18063864615611896,13.770453673036366,155.75313537835635,169.70422769754884
753,10,4,4.0636808623557075,15.279841464282276,136.4120141100813,155.75553643671927
753,10,5,81.00226292066952,18.604252703657977,145.5476169578987,245.1541325822262
753,10,6,445.9980905738684,23.400190290166023,164.3080205880422,633.7063014520766
753,10,7,914.8351598325396,25.544287890253,188.45383937075613,1128.8332870935487
753,10,8,738.3692208827284,24.422062745889654,187.4043504597192,950.1956340883373
753,10,9,396.499207912992,20.968355393853635,156.09077890971406,573.5583422165597
753,10,10,75.86564824812106,15.420794966303603,141.52987130661728,232.81631452104193
753,10,11,2.966966386701214,13.297728477083835,145.98760879038076,162.25230365416581
753,10,12,0.006332829939068749,12.911414914838376,170.44217105827198,183.35991880304942
307,10,1,0,10.112017784414604,141.1042203951918,151.2162381796064
307,10,2,1.7693825791336438e-4,10.13546055103403,126.2868006483546,136.42243813764654
307,10,3,0.14082880554064073,10.735668052175273,121.42765948094228,132.3041563386582
307,10,4,3.1681112216115315,11.912411148196242,106.34900901500711,121.42953138481488
307,10,5,63.15067221743793,14.504175833824682,113.4712725191295,191.12612057039212
307,10,6,347.70731349835677,18.243166222247236,128.09718613680593,494.0476658574099
307,10,7,713.2202635888364,19.914739334690953,146.92165637243596,880.0566592959633
307,10,8,575.6445679681365,19.039834490177373,146.10345786998624,740.7878603283
307,10,9,309.1171852557939,16.34726846721349,121.69089183033961,447.15534555334705
307,10,10,59.146084471400805,12.02230077452392,110.33897312984459,181.50735837576931
307,10,11,2.3130949063759303,10.367123855727835,113.81429725682895,126.49451601893271
307,10,12,0.004937176484594962,10.065947564314762,132.87946889916904,142.9503536399684
293,10,1,0,0.06197259116687711,0.8647724271163727,0.9267450182832498
293,10,2,1.0843851893086026e-6,0.06211626268946534,0.7739622727341222,0.8360796198087769
293,10,3,8.630845174878231e-4,0.06579469906848844,0.7441825022263691,0.8108402858123454
293,10,4,0.019416111175232977,0.07300649599694631,0.6517713672188826,0.7441939743910619
293,10,5,0.3870257029488905,0.08889040529057494,0.6954209269540368,1.1713370351935022
293,10,6,2.130961757047017,0.11180521098600502,0.785057415377479,3.0278243834105014
293,10,7,4.371047277571819,0.12204962701765817,0.9004252106797974,5.393522115269274
293,10,8,3.527899794945637,0.11668767835469909,0.8954107929476788,4.539998266248015
293,10,9,1.8944579957166416,0.10018599719783342,0.7457957500586899,2.740439742973165
293,10,10,0.36248315521330904,0.07367996641907931,0.6762242924540857,1.112387414086474
293,10,11,0.014176051508133298,0.0635360362278668,0.6975231910404724,0.7752352787764726
293,10,12,3.0258018362082614e-5,0.06169024485617183,0.8143661508637953,0.8760866537383292
300,10,1,0,0.7541522261882386,10.523524009184698,11.277676235372937
300,10,2,1.3196019226637203e-5,0.7559005829465999,9.41844386329473,10.174357642260556
300,10,3,0.010502983625443964,0.800663936098352,9.056050105006946,9.867217024730742
300,10,4,0.23627708945219106,0.8884251964556713,7.93148742530853,9.056189711216392
300,10,5,4.709764267965202,1.0817184786762883,8.462664386390594,14.254147133032085
300,10,6,25.931940600507748,1.360571620081096,9.55346204418428,36.845974264773126
300,10,7,53.191821950422074,1.485237202248959,10.957387199151409,65.63444635182245
300,10,8,42.931454600034485,1.419986977194001,10.8963661215345,55.24780769876298
300,10,9,23.05389669834276,1.2191759517716818,9.075681919995318,33.34875457010976
300,10,10,4.411102929741016,0.8966207423988107,8.229058136097194,13.53678180823702
300,10,11,0.1725101468587923,0.7731779850127071,8.488247101442026,9.433935233313525
300,10,12,3.682136163447286e-4,0.7507163185593153,9.910123718282254,10.661208250457914
798,10,1,0,0.22764916098699092,3.176641701935896,3.404290862922887
798,10,2,3.983363836895096e-6,0.228176921743143,2.8430610808101555,3.0712419859171356
798,10,3,0.003170441360728177,0.24168923322893737,2.7336685309291924,2.9785282055188578
798,10,4,0.07132284346106775,0.2681809368846896,2.394206892256357,2.7337106726021143
798,10,5,1.4216942505997061,0.32652864440834517,2.554548512060538,4.302771407068589
798,10,6,7.827842066193906,0.4107035383820006,2.8838178067471074,11.122363411323013
798,10,7,16.056537682831866,0.448335218298815,3.307608087433787,19.81248098856447
798,10,8,12.959332718603548,0.42863871874321213,3.289188202641795,16.677159639988556
798,10,9,6.959072795402084,0.36802169758107106,2.739594610645676,10.06668910362883
798,10,10,1.331540034109974,0.27065485275074225,2.484031890834871,4.086226777695587
798,10,11,0.05207408906374335,0.23339229597105446,2.562270936545928,2.847737321580726
798,10,12,1.1114933817611068e-4,0.22661199440206067,2.9914800638420735,3.2182032075823104
837,10,1,0,0.24807921389607987,3.46172493159681,3.70980414549289
837,10,2,4.340845206872861e-6,0.24865433779701482,3.098207588062349,3.3468662667045708
837,10,3,0.003454968149511475,0.26337929262127796,2.978997758063864,3.245832018834653
837,10,4,0.0777236114639841,0.2922484568615207,2.6090716133562863,2.979043681681791
837,10,5,1.5492821961663463,0.3558324971116582,2.783802865706997,4.688917558985001
837,10,6,8.530340713160026,0.44756154823679556,3.1426219688910786,12.120524230287899
837,10,7,17.49750901334242,0.4885704301974267,3.6044447106650246,21.59052415420487
837,10,8,14.122349757452584,0.467106296066321,3.584371759289136,18.173827812808042
837,10,9,7.583604969348425,0.4010492858255262,2.985455665447211,10.970109920621162
837,10,10,1.451037216658305,0.2949443908181166,2.7069578297559493,4.452939437232371
837,10,11,0.05674740474895109,0.25433775842999523,2.7922183282872295,3.1033034914661757
837,10,12,1.2112427878165908e-4,0.2469489682586559,3.259946223417644,3.507016315955082
319,10,1,0,0,0.7319092681500343,0.7319092681500343
319,10,2,9.177808466282091e-7,0,0.6550511358248227,0.6550520536056693
319,10,3,7.304806880262963e-4,0,0.6298467128407484,0.6305771935287747
319,10,4,0.0164330305580755,0,0.551633573670966,0.5680666042290415
319,10,5,0.3275632873091774,0,0.5885768391117462,0.9161401264209236
319,10,6,1.8035619674609586,0,0.6644416268690367,2.4680035943299954
319,10,7,3.6994819835372383,0,0.7620843777016091,4.461566361238847
319,10,8,2.985875215327423,0,0.7578403723454813,3.7437155876729045
319,10,9,1.6033945136404735,0,0.6312121021654704,2.234606615805944
319,10,10,0.3067914430777592,0,0.5723295649535564,0.8791210080313155
319,10,11,0.011998050769464216,0,0.5903561125028879,0.6023541632723521
319,10,12,2.5609193101715277e-5,0,0.6892473843926932,0.6892729935857949
393,10,1,0,0.4696594474012532,6.553680144721671,7.023339592122924
393,10,2,8.21801604856868e-6,0.47074826241827233,5.865475147600531,6.336231628034851
393,10,3,0.006540888317101084,0.49862530232484353,5.6397890774030515,6.144955268044996
393,10,4,0.1471450503124208,0.5532799245766221,4.9394510443447235,5.639876019233767
393,10,5,2.9330753217594916,0.673656173511078,5.270249349184323,8.876980844454891
393,10,6,16.14949935775517,0.8473160895736952,5.949559715707184,22.946375163036052
393,10,7,33.12599344799321,0.9249534237851835,6.823874860021298,40.87482173179969
393,10,8,26.736198002750978,0.8843178815459037,6.785873081868045,34.406388966164926
393,10,9,14.357154971901743,0.7592598468986855,5.652015080401844,20.768429899202275
393,10,10,2.7470795583053924,0.5583838219664917,5.124767603440736,8.43023098371262
393,10,11,0.10743324415326508,0.48150801996471726,5.286181363168831,5.875122627286814
393,10,12,2.293104728367098e-4,0.46751968513272796,6.17167604573874,6.639425041344304
398,10,1,0,0.08034676270129092,1.121167659506787,1.2015144222080778
398,10,2,1.4058931189041515e-6,0.08053303120346222,1.0034333226388785,1.0839677597354596
398,10,3,0.0011189793037864153,0.08530208231609554,0.9648241873867739,1.051245249006656
398,10,4,0.025172768280376855,0.0946520953710669,0.8450141972669495,0.9648390609183932
398,10,5,0.5017744413881315,0.11524540390882769,0.9016053571978371,1.5186252024947962
398,10,6,2.762767788068437,0.1449541900171767,1.0178180494401556,3.9255400275257695
398,10,7,5.667013299823012,0.15823595939958177,1.1673910896825133,6.992640348905106
398,10,8,4.573882135977723,0.15128425367407486,1.1608899538735749,5.8860563435253725
398,10,9,2.4561433395536767,0.12989001091096625,0.9669157449337681,3.5529490953984113
398,10,10,0.46995530615646136,0.09552524214732079,0.8767171379417192,1.4421976862455015
398,10,11,0.01837909025779177,0.08237375151919568,0.9043309187809159,1.0050837605579033
398,10,12,3.922917817980377e-5,0.07998070390660965,1.055816493120732,1.1358364262055214
416,10,1,0,0.5614942520387769,7.8351532186214,8.396647470660177
416,10,2,9.824924847069992e-6,0.5627959683716912,7.012380138582103,7.575185931878641
416,10,3,0.007819860142496192,0.596123941987481,6.7425645692748395,7.346508371404816
416,10,4,0.17591704036519387,0.6614654493531484,5.905286021547823,6.7426685112661655
416,10,5,3.506593858757638,0.8053794539211007,6.30076693389689,10.61274024657563
416,10,6,19.307289809367624,1.0129959411827512,7.112906172793255,27.43319192334363
416,10,7,39.60328066866592,1.1058140823796865,8.158180425699763,48.867275176745366
416,10,8,31.964057324901667,1.0572328741828008,8.112747974338738,41.13403817342321
416,10,9,17.164479575485835,0.9077216314850949,6.757181182327584,24.829382389298516
416,10,10,3.2842294356401864,0.6675673367169921,6.1268384321631615,10.07863520452034
416,10,11,0.12844019087387765,0.575659633840552,6.319814212356211,7.02391403707064
416,10,12,2.741486690889528e-4,0.5589360916075232,7.378453993212408,7.93766423348902
421,10,1,0,0.5385636636622855,7.515177239044425,8.05374090270671
421,10,2,9.423689559834023e-6,0.5398122198403013,6.726004985295218,7.26582662882508
421,10,3,0.007500508709354668,0.5717791286871619,6.46720828169297,7.046487919089486
421,10,4,0.1687328506315004,0.6344521862799933,5.664122941936797,6.46730797884829
421,10,5,3.3633897919542064,0.7724889573974199,6.043453003268408,10.179331752620033
421,10,6,18.518808870022834,0.9716266967604342,6.822425686097796,26.312861252881063
421,10,7,37.985941712702534,1.060654283411299,7.825012496440265,46.871608492554095
421,10,8,30.658692864448962,1.0140570593495146,7.781435438678215,39.45418536247669
421,10,9,16.46350781235018,0.8706516329651733,6.481227974053912,23.815387419369266
421,10,10,3.1501064004547423,0.6403048816584301,5.876627482314474,9.667038764427646
421,10,11,0.12319488491173672,0.5521505523840105,6.061722419264387,6.7370678565601345
421,10,12,2.6295284604710347e-4,0.5361099746902446,7.077128929315675,7.613501856851967
529,10,1,0,0.06086095593505905,0.8492605455024702,0.9101215014375292
529,10,2,0,0.06100205034535762,0.7600793010159882,0.8210813513613459
529,10,3,0,0.0646145046603758,0.7308337060440414,0.7954482107044172
529,10,4,0,0.07169693976291287,0.6400801985707983,0.7117771383337113
529,10,5,0,0.08729593095230646,0.6829467930056267,0.7702427239579331
529,10,6,0,0.10979970162625885,0.7709754242019984,0.8807751258282572
529,10,7,0,0.11986035813493963,0.8842738061804508,1.0041341643153905
529,10,8,0,0.11459458958858879,0.8793493347183384,0.9939439243069272
529,10,9,0,0.09838890783747338,0.7324180161944889,0.8308069240319622
529,10,10,0,0.07235832978894279,0.6640944987186742,0.736452828507617
529,10,11,0,0.06239635665289504,0.6850113476663136,0.7474077043192086
529,10,12,0,0.06058367421985711,0.7997584333574775,0.8603421075773346
972,10,1,0,0.38963029476619604,5.436944451390285,5.8265747461564805
972,10,2,6.817680413147376e-6,0.3905335775988409,4.86600838830969,5.256548783588944
972,10,3,0.00542633232893861,0.41366041841106593,4.678778831782657,5.097865582522662
972,10,4,0.12207178976990442,0.45900198812956483,4.097777180977227,4.678850958876696
972,10,5,2.4332843904494967,0.5588663336988984,4.37220803025746,7.364358754405855
972,10,6,13.397652767139569,0.7029349022307317,4.935765092317165,19.036352761687468
972,10,7,27.481381803308388,0.7673429697806642,5.661098457338597,33.90982323042765
972,10,8,22.180396383763764,0.7336316532335746,5.629572116059996,28.543600153057334
972,10,9,11.910720745976644,0.6298832900906793,4.688921545143561,17.229525581210886
972,10,10,2.2789819814574552,0.4632361902849242,4.251516120851991,6.99373429259437
972,10,11,0.08912680628217612,0.3994598911812278,4.385425256780532,4.874011954243936
972,10,12,1.9023636726295866e-4,0.3878551442650654,5.120033186191241,5.50807856682357
976,10,1,0,0.10300781172427573,1.4373824569781508,1.5403902687024265
976,10,2,1.8024120552925136e-6,0.10324661550624215,1.2864422573006709,1.3896906752189684
976,10,3,0.0014345768961011329,0.109360732647961,1.2369437784425799,1.347739087986642
976,10,4,0.032272510906804934,0.12134782897898139,1.0833425070281695,1.2369628469139557
976,10,5,0.6432952050441708,0.14774928657751513,1.1558946715639236,1.9469391631856094
976,10,6,3.541980467953252,0.18583715649435026,1.3048840610552268,5.032701685502829
976,10,7,7.265341121425871,0.20286492405972664,1.4966427710556827,8.96484881654128
976,10,8,5.863902590119559,0.1939525550922576,1.488308051013623,7.546163196225439
976,10,9,3.1488754765288633,0.1665242673002675,1.2396252401314876,4.555024983960618
976,10,10,0.602501781874671,0.12246723859440542,1.1239869640584228,1.8489559845274992
976,10,11,0.023562739870136268,0.10560649368111072,1.159388952166572,1.288558185717819
976,10,12,5.0293399064084106e-5,0.10253850948813303,1.3535996085255844,1.4561884114127814
981,10,1,0,0.22923721131815963,3.1988015328129005,3.4280387441310602
981,10,2,4.011151254309334e-6,0.22976865366329693,2.862893897550348,3.092666562364899
981,10,3,0.003192557938847887,0.2433752252405269,2.75273823976109,2.999306022940465
981,10,4,0.07182038215037008,0.2700517315047374,2.4109085617536206,2.752780675408728
981,10,5,1.4316118009903904,0.32880646489158594,2.5723687034154104,4.332786969297387
981,10,6,7.882448053458079,0.41356855175306667,2.903934936997795,11.19995154220894
981,10,7,16.168545958522813,0.45146274527412733,3.3306815224328545,19.950690226229796
981,10,8,13.0497353035561,0.43162884555194125,3.3121331429694254,16.793497292077465
981,10,9,7.007618363544973,0.37058896809587116,2.7587056590231067,10.136912990663951
981,10,10,1.3408286806525964,0.2725429050795088,2.5013601675997452,4.11473175333185
981,10,11,0.0524373509972574,0.2350204096495856,2.580144998509013,2.867602759155856
981,10,12,1.119247012063739e-4,0.22819280959679605,3.012348231708242,3.2406529660062446
522,10,1,0,0.04618222044155397,0.6444318384771917,0.6906140589187456
522,10,2,0,0.04628928502934047,0.5767597516877314,0.6230490367170719
522,10,3,0,0.049030470391089105,0.5545677487329961,0.6035982191240852
522,10,4,0,0.05440473003166025,0.48570260483933636,0.5401073348709966
522,10,5,0,0.06624148216127063,0.5182304296714063,0.5844719118326769
522,10,6,0,0.08331768614235155,0.5850278959388928,0.6683455820812444
522,10,7,0,0.09095186555232371,0.6710004340269146,0.7619522995792383
522,10,8,0,0.08695612016736355,0.6672636700683582,0.7542197902357217
522,10,9,0,0.07465900199796992,0.5557699474085119,0.6304289494064819
522,10,10,0,0.054906602858182246,0.5039250215947061,0.5588316244528884
522,10,11,0,0.04734730589458043,0.519797045196723,0.5671443510913035
522,10,12,0,0.045971814852303415,0.6068688817296514,0.6528406965819548
530,10,1,0,0.04407912675973599,0.6150850354238624,0.6591641621835984
530,10,2,0,0.0441813157296772,0.5504946700588292,0.5946759857885064
530,10,3,0,0.04679767015952465,0.5293132694691329,0.5761109396286576
530,10,4,0,0.05192719121051588,0.4635841776672848,0.5155113688778007
530,10,5,0,0.06322490908887077,0.49463071679603565,0.5578556258849064
530,10,6,0,0.07952347924553445,0.5583862910123076,0.6379097702578421
530,10,7,0,0.08681000550393723,0.6404437228119344,0.7272537283158717
530,10,8,0,0.08299622250174943,0.6368771274723085,0.7198733499740579
530,10,9,0,0.07125910320809956,0.5304607211789423,0.6017198243870419
530,10,10,0,0.05240620923359961,0.4809767631763599,0.5333829724099595
530,10,11,0,0.04519115534733653,0.4961259901645303,0.5413171455118668
530,10,12,0,0.04387830283765391,0.5792326594204016,0.6231109622580555
362,10,1,0,0.12069525879115717,1.6841950598001314,1.8048903185912886
362,10,2,2.1119038043846083e-6,0.12097506751422656,1.5073369540204797,1.6283141334385107
362,10,3,0.001680907756726337,0.12813903826893483,1.4493391030270297,1.579159049052691
362,10,4,0.037814016146304565,0.14218443608497322,1.2693629935098525,1.4493614457411303
362,10,5,0.7537552730441971,0.1731192817435557,1.3543730731137256,2.2812476279014784
362,10,6,4.150173099076651,0.21774721082452045,1.5289453955500392,5.896865705451211
362,10,7,8.512871132567465,0.23769881234421797,1.7536309484371806,10.504200893348864
362,10,8,6.870791921442433,0.2272561026024533,1.7438650755816256,8.841913099626511
362,10,9,3.6895681422500552,0.19511810997997334,1.4524809978703799,5.337167250100409
362,10,10,0.705957220799392,0.1434960592615587,1.3169865006747599,2.1664397807357108
362,10,11,0.02760869237827515,0.12374015981415591,1.358467355814871,1.509816208007302
362,10,12,5.892926676061036e-5,0.12014537277868532,1.5860258781917458,1.7062301802371918
364,10,1,0,0.27825217018828474,3.8827617182598826,4.161013888448167
364,10,2,0,0.27889724427993895,3.475031106125988,3.753928350405927
364,10,3,0,0.29541314084147835,3.3413222258699014,3.6367353667113798
364,10,4,0,0.3277935546424288,2.9264033338042914,3.25419688844672
364,10,5,0,0.39911108629323183,3.1223865014495606,3.5214975877427923
364,10,6,0,0.5019968022870495,3.524847443654129,4.026844245941178
364,10,7,0,0.5479934427283594,4.0428399756472935,4.590833418375653
364,10,8,0,0.5239187054321728,4.020325625514095,4.544244330946269
364,10,9,0,0.4498274256067277,3.348565584618386,3.7983930102251136
364,10,10,0,0.3308173850646799,3.0361950882885504,3.3670124733532303
364,10,11,0,0.28527191832208637,3.1318255055858324,3.4170974239079186
364,10,12,0,0.2769844569586274,3.6564414128748424,3.93342586983347
368,10,1,0,0,0.98281844511252,0.98281844511252
368,10,2,1.2324095128855302e-6,0,0.8796122235311964,0.8796134559407093
368,10,3,9.809001268768736e-4,0,0.8457673565714188,0.8467482566982957
368,10,4,0.022066513220138043,0,0.7407416120272778,0.7628081252474159
368,10,5,0.4398567619219679,0,0.7903495679282322,1.2302063298502
368,10,6,2.421849327040761,0,0.8922219119291108,3.3140712389698717
368,10,7,4.9677183894281844,0,1.0233380225261774,5.991056411954362
368,10,8,4.009476808300984,0,1.0176391102064832,5.027115918507467
368,10,9,2.1530615492561878,0,0.847600821280082,3.00066237053627
368,10,10,0.41196402639035956,0,0.7685324911123725,1.180496517502732
368,10,11,0.01611115764585272,0,0.7927388022005786,0.8088499598464313
368,10,12,3.438839818005234e-5,0,0.9255314450914107,0.9255658334895908
870,10,1,0,12.494093281167622,174.3439667106975,186.83805999186512
870,10,2,2.1861938403472145e-4,12.523058431264882,156.03602575864187,168.55930280929078
870,10,3,0.17400367272020595,13.264656069559518,150.03222272878733,163.47088247106706
870,10,4,3.9144192555650124,14.718603078267938,131.40151326090225,150.0345355947352
870,10,5,78.02699780346427,17.92090655868576,140.20155955143719,236.14946391358723
870,10,6,429.61629439461655,22.540686278846227,158.2728815128362,610.429862186299
870,10,7,881.2326771252558,24.60602979765933,181.53180887103613,1087.3705157939512
870,10,8,711.2484453969632,23.525024703270944,180.5208683614304,915.2943384616646
870,10,9,381.9355374701257,20.19817423941361,150.357464396485,552.4911761060243
870,10,10,73.07905428533437,14.854379267673657,136.33138827715518,224.26482183016321
870,10,11,2.8579878066470004,12.809294373524503,140.62539020145547,156.29267238162697
870,10,12,0.006100221029989785,12.437170356417775,164.18172069842151,176.6249912758693
884,10,1,0,1.0058796638180842,14.036156660363813,15.042036324181897
884,10,2,1.7600700392434666e-5,1.008211602181806,12.562213327652113,13.570442530534311
884,10,3,0.014008760130095315,1.0679164536111192,12.078856653630574,13.160781867371789
884,10,4,0.3151436952024102,1.184971424741626,10.578927738861234,12.07904285880527
884,10,5,6.281830025839877,1.4427838066278236,11.28740552953446,19.01201936200216
884,10,6,34.58772750062601,1.814714955791962,12.742299042029641,49.144741498447615
884,10,7,70.94664727278425,1.980992491713995,14.614838449679155,87.5424782141774
884,10,8,57.261485971567254,1.8939624834965914,14.533449230224948,73.6888976852888
884,10,9,30.749025270181605,1.626123021212289,12.10504134522852,44.48018963662241
884,10,10,5.883478928997238,1.1959025507289582,10.975824169231908,18.055205648958104
884,10,11,0.2300920722658162,1.0312560045960846,11.321527463968774,12.582875540830674
884,10,12,4.911191345202356e-4,1.001296889292363,13.218010327338392,14.219798335765276
355,10,1,0,0.7556544359609658,10.544486011365647,11.300140447326612
355,10,2,1.322230462148851e-5,0.7574062753035022,9.437204635886804,10.194624133494928
355,10,3,0.010523904712854502,0.8022587934066123,9.07408901876685,9.886871716886317
355,10,4,0.23674773415828787,0.890194867042203,7.947286301859997,9.074228903060487
355,10,5,4.719145734550985,1.0838731737280025,8.479521324158718,14.282540232437704
355,10,6,25.98359491278467,1.3632817678645368,9.572491761988985,36.91936844263819
355,10,7,53.29777572472433,1.4881956737120923,10.979213421447824,65.76518481988424
355,10,8,43.01697055877339,1.4228154755265825,10.918070794817393,55.35785682911737
355,10,9,23.09981818172117,1.2216044509073034,9.093759938730727,33.415182571359196
355,10,10,4.419889487281335,0.8984067378449412,8.245449749253158,13.563745974379433
355,10,11,0.1728537730121164,0.7747180925464526,8.505154997893593,9.452726863452162
355,10,12,3.689470678598425e-4,0.7522116842840649,9.929863877074576,10.682444508426501
868,10,1,0,0.10418468578050939,1.453804688401055,1.5579893741815642
868,10,2,1.8230047846303083e-6,0.10442621791842106,1.301139982571375,1.4055680234945807
868,10,3,0.001450967073723902,0.11061018943060381,1.2510759788796235,1.3631371353839512
868,10,4,0.032641227416552766,0.12273423947848708,1.0957197983150606,1.2510952652101004
868,10,5,0.6506449140093752,0.14943733624374378,1.1691008782382637,1.9691831284913826
868,10,6,3.582447932028485,0.1879603637006916,1.3197924856896548,5.090200781418831
868,10,7,7.348348335464945,0.2051826751317013,1.5137420572090452,9.067273067805692
868,10,8,5.930898235508719,0.19616848150024005,1.5053121121969635,7.632378829205923
868,10,9,3.18485167864989,0.16842682290880315,1.2537880765236264,4.6070665780823195
868,10,10,0.6093854220962577,0.12386643845534535,1.1368286221366077,1.870080482688211
868,10,11,0.02383194641654046,0.10681305792611946,1.1726350813294848,1.3032800856721447
868,10,12,5.086800593678187e-5,0.1037100217216369,1.369064612928026,1.4728255026555996
373,10,1,0,0.3423433063374993,4.777096557594874,5.119439863932373
373,10,2,5.990261243905142e-6,0.34313696339045285,4.275451428435674,4.6185943820873705
373,10,3,0.004767772361976192,0.36345704438813053,4.1109447504730925,4.479169567223199
373,10,4,0.10725670124147364,0.40329579178655245,3.6004556309254694,4.1110081239534955
373,10,5,2.1379719048432144,0.49104022723388147,3.841580526924583,6.470592659001679
373,10,6,11.771663566911725,0.6176240959756442,4.33674219819847,16.72602986108584
373,10,7,24.146138623315327,0.6742153597865963,4.974046395828548,29.794400378930472
373,10,8,19.48850060144961,0.6445953745781926,4.946346209125876,25.079442185153674
373,10,9,10.465191171767312,0.5534383004426836,4.1198565062422094,15.138485978452206
373,10,10,2.0023962127582995,0.4070161153472163,3.735536238610586,6.144948566716102
373,10,11,0.0783100440489392,0.3509799462032585,3.8531936614505704,4.282483651702768
373,10,12,1.6714857091262904e-4,0.3407835947340461,4.4986468276811795,4.839597570986138
872,10,1,0,0.10138413756135382,1.4147255271922847,1.5161096647536385
872,10,2,1.774001298514659e-6,0.10161917716733886,1.2661645422390102,1.3677854934076477
872,10,3,0.001411964189337116,0.10763691973448992,1.2174462896558056,1.3264951735796326
872,10,4,0.031763811214472325,0.11943506788502442,1.0662661784584,1.2174650575578967
872,10,5,0.6331551798744525,0.1454203690401909,1.1376747299705507,1.916250278885194
872,10,6,3.4861495355693695,0.18290787390441984,1.2843156546394572,4.953373064113246
872,10,7,7.150820227658615,0.19966723904686012,1.4730517427850154,8.823539209490491
872,10,8,5.771472055288343,0.19089535246592737,1.464848399862428,7.427215807616697
872,10,9,3.0992409132087166,0.16389940666310843,1.2200854844526177,4.483225804324443
872,10,10,0.5930047683960926,0.12053683265934499,1.1062699718958506,1.8198115729512883
872,10,11,0.023191329087843396,0.10394185745249365,1.1411139315162075,1.2682471180565447
872,10,12,4.950064275503391e-5,0.10092223276335364,1.3322633168937696,1.4332350502998783
893,10,1,0,0.0702613554899932,0.980434766007372,1.0506961214973651
893,10,2,1.229420487985296e-6,0.0704242429170362,0.8774788556764407,0.9479043280139648
893,10,3,9.785211003656184e-4,0.07459466602195232,0.8437160743781499,0.9192892615004679
893,10,4,0.022012994193559038,0.08277103267326066,0.7389450540651398,0.8437290809319595
893,10,5,0.4387899551502132,0.10077939695877625,0.7884326932906001,1.3280020453995895
893,10,6,2.415975493816129,0.12675903212709327,0.8900579611616045,3.4327924871048268
893,10,7,4.955669931664673,0.13837362727366634,1.0208560692478994,6.1148996281862384
893,10,8,3.9997524221358183,0.13229452401150324,1.015170978787457,5.147217924934778
893,10,9,2.1478396205748718,0.11358576157129807,0.8455450922924557,3.1069704744386257
893,10,10,0.4109648692757748,0.08353457900641405,0.7666685305306374,1.2611679788128263
893,10,11,0.016072082443274724,0.07203390956835136,0.7908161328326576,0.8789221248442837
893,10,12,3.430499426490511e-5,0.06994124567799047,0.9232867070344554,0.9932622577067107
895,10,1,0,0.2858919798895827,3.9893684722087115,4.275260452098294
895,10,2,5.002486145844313e-6,0.286554765409328,3.570443035308531,3.8570028032040047
895,10,3,0.003981581806902411,0.3035241294377738,3.4330629872774043,3.7405686985220807
895,10,4,0.08957041106602043,0.3367935936253615,3.0067519059803156,3.4331159106716975
895,10,5,1.7854271122256113,0.41006924969909264,3.2081160706702954,5.403612432594999
895,10,6,9.830553545044797,0.5157798395856912,3.621627151346622,13.967960535977111
895,10,7,20.16451687506468,0.563039383312294,4.153841906183344,24.88139816456032
895,10,8,16.274908604566033,0.5383036398093017,4.130709392495664,20.943921636871
895,10,9,8.739514308102052,0.4621780783536038,3.4405052227584556,12.642197609214112
895,10,10,1.6722074221731782,0.33990044761928623,3.1195581494817266,5.131666019274191
895,10,11,0.0653969659226234,0.2931044652079928,3.2178142361109408,3.576315667241557
895,10,12,1.3958630120495348e-4,0.28458945978735417,3.756834220447219,4.041563266535778
898,10,1,0,0.3796551926724957,5.297750767765298,5.6774059604377936
898,10,2,6.6431378812218875e-6,0.3805353501511931,4.741431498077584,5.121973491366658
898,10,3,0.005287410331079101,0.40307011021070066,4.558995290441545,4.967352810983325
898,10,4,0.11894657445150571,0.4472508698148268,3.992868126710767,4.5590655709771
898,10,5,2.370988771900877,0.5445585429283586,4.260273147209196,7.175820462038431
898,10,6,13.054653375245879,0.6849387466207467,4.809402329031702,18.548994450898327
898,10,7,26.777818469434525,0.7476978739878989,5.516166105226891,33.04168244864932
898,10,8,21.6125459846064,0.7148496161628526,5.485446884126365,27.812842484895615
898,10,9,11.605788975920195,0.6137573619732554,4.568878335592248,16.788424673485697
898,10,10,2.2206367289447293,0.45137667023820477,4.142671126178361,6.8146845253612955
898,10,11,0.08684503044520316,0.3892331371264328,4.273151993514573,4.749230161086209
898,10,12,1.853660396450269e-4,0.37792548860537784,4.988952891764858,5.3670637464098805
948,10,1,0,0.43714304386359404,6.099942634656317,6.537085678519912
948,10,2,7.649049901730118e-6,0.4381564758585806,5.459384824293258,5.89754894920174
948,10,3,0.006088036436466153,0.46410347670375707,5.2493239041315665,5.71951541727179
948,10,4,0.13695760947416571,0.5149741406807247,4.597473076476432,5.249404826631323
948,10,5,2.7300067764626705,0.6270162600488303,4.905368890523489,8.26239192703499
948,10,6,15.031404872583883,0.7886530049812739,5.537647881168796,21.357705758733953
948,10,7,30.832548321953723,0.8609151957717631,6.351430688256623,38.04489420598211
948,10,8,24.885143993019817,0.8230930147812248,6.316059925321774,32.02429693312281
948,10,9,13.363151663116557,0.7066932484659142,5.260703452003434,19.330548363585905
948,10,10,2.5568882442326704,0.5197246748239649,4.769959428384835,7.84657234744147
948,10,11,0.09999521061731259,0.448171292319983,4.9201978674057845,5.46836437034308
948,10,12,2.1343439089813106e-4,0.4351514259021471,5.744386208565521,6.179751068858566
956,10,1,0,0.07659424268901856,1.0688045780587752,1.1453988207477936
956,10,2,1.3402322025655883e-6,0.07677181169592019,0.9565689127038801,1.0333420646320028
956,10,3,0.0010667184274348947,0.08131812876006124,0.919762980814538,1.0021478280020342
956,10,4,0.023997097804547073,0.09023145824591072,0.805548603641389,0.9197771596918468
956,10,5,0.47833953785684713,0.10986297566964565,0.8594967266530684,1.4476992401795612
956,10,6,2.6337353160006893,0.13818424085414158,0.9702818143640057,3.7422013712188367
956,10,7,5.402340771615999,0.15084569768467504,1.1128691863860698,6.666055655686744
956,10,8,4.36026327104795,0.14421866483928622,1.106671680012909,5.611153615900145
956,10,9,2.341431474074415,0.12382362007018326,0.9217568541327215,3.38701194827732
956,10,10,0.44800648542074584,0.0910638255228869,0.8357708882781272,1.37484119922176
956,10,11,0.01752071212678817,0.07852656289989907,0.8620949934449034,0.9581422684715906
956,10,12,3.739701629504936e-5,0.07624528032618505,1.006505576457513,1.082788253799993
962,10,1,0,0.48774991589001776,6.806116553271625,7.293866469161643
962,10,2,8.53455979359374e-6,0.4888806701757229,6.091403091595755,6.5802922963312716
962,10,3,0.006792832006605858,0.5178314853779479,5.857023984850515,6.381648302235068
962,10,4,0.15281282280307043,0.5745913090199721,5.1297101437069275,5.85711427552997
962,10,5,3.046052303223532,0.6996042425781357,5.4732502263239144,9.218906772125582
962,10,6,16.771550102943724,0.8799532378377658,6.178726451635886,23.830229792417374
962,10,7,34.401949343154755,0.9605810276993555,7.086718701041748,42.449249071895856
962,10,8,27.766030044146945,0.9183802747516121,7.047253160211087,35.73166347910964
962,10,9,14.910167715592172,0.788505221203634,5.869720912310035,21.56839384910584
962,10,10,2.8528923050959305,0.5798917996976212,5.322164775700915,8.754948880494467
962,10,11,0.11157138664939578,0.5000548749475303,5.4897959138937065,6.101422175490633
962,10,12,2.381431150968623e-4,0.4855277336848632,6.409398318006612,6.895164194806572
963,10,1,0,0.21262706325971967,2.967021680126401,3.1796487433861205
963,10,2,3.720509888382033e-6,0.21311999817411958,2.6554533548894255,2.8685770735734333
963,10,3,0.0029612304866228106,0.22574066014633404,2.55327939333017,2.781981283963127
963,10,4,0.06661639640009985,0.25048423101937256,2.236218126741703,2.5533187541611753
963,10,5,1.3278795847418823,0.3049816938912032,2.3859791343793186,4.018840413012404
963,10,6,7.311298943424699,0.38360206054759255,2.69352062870007,10.388421632672362
963,10,7,14.9969999398094,0.41875050366748295,3.0893458644696423,18.505096307946523
963,10,8,12.10417313121455,0.4003537354173969,3.0721414698128684,15.576668336444815
963,10,9,6.49985796161801,0.3437367062248541,2.558814423291606,9.40240909113447
963,10,10,1.2436744587067894,0.2527948982894376,2.320115759275255,3.816585116271482
963,10,11,0.048637827530502366,0.217991220633598,2.393191972030266,2.659821020194366
963,10,12,1.0381482302497215e-4,0.21165833715456422,2.7940784759188597,3.0058406278964487
882,10,1,0,0.07459544528570707,1.0409131368711517,1.1155085821568589
882,10,2,1.3052576071877219e-6,0.07476838046560758,0.9316063647149418,1.0063760504381567
882,10,3,0.0010388814262717895,0.07919605719304171,0.8957609175631481,0.9759958561824617
882,10,4,0.02337087140560629,0.08787678512548841,0.7845270698984821,0.8957747264295768
882,10,5,0.4658568264597076,0.10699599999655052,0.8370673668855988,1.4099201933418568
882,10,6,2.565005563922513,0.13457819564628906,0.9449614155592899,3.644545175128092
882,10,7,5.261361706780125,0.14690924008358608,1.083827838604812,6.492098785468523
882,10,8,4.246478179663078,0.14045514577219134,1.0777920618762145,5.464725387311484
882,10,9,2.2803296603334884,0.12059232850601462,0.8977027589182099,3.298624747757713
882,10,10,0.4363153430020993,0.08868743101070703,0.8139606761446091,1.3389634501574155
882,10,11,0.017063492985065223,0.07647733981856951,0.8395978295092051,0.9331386623128399
882,10,12,3.642110666479645e-5,0.07425558941756816,0.9802398851729872,1.0545318956972203
938,10,1,0,0.10275114845453551,1.4338009491769488,1.5365520976314844
938,10,2,1.7979210078293478e-6,0.10298935721211998,1.2832368452977967,1.3862280004309244
938,10,3,0.0014310023788807044,0.10908823988500682,1.2338617011773167,1.3443809434412042
938,10,4,0.0321920978970204,0.12104546811876828,1.0806431561202336,1.2338807221360224
938,10,5,0.6416923144675144,0.14738114153725082,1.1530145433395418,1.942087999344307
938,10,6,3.533154959741367,0.18537410838735097,1.3016326978417376,5.020161765970456
938,10,7,7.24723816227366,0.20235944807831133,1.4929136050747525,8.942511215426723
938,10,8,5.8492915777407415,0.19346928594857654,1.4845996525498604,7.527360516239178
938,10,9,3.1410294630830675,0.16610934087652418,1.236536481501838,4.543675285461429
938,10,10,0.6010005357577823,0.12216208851532372,1.1211863398677757,1.844348964140882
938,10,11,0.023504028887368324,0.1053433553082022,1.156500117287133,1.2853475014827036
938,10,12,5.0168083633787516e-5,0.10228301557287582,1.350226861394782,1.4525600450512917
939,10,1,0,0.08652728290908254,1.2074113256226935,1.2939386085317761
939,10,2,1.51403874343524e-6,0.08672787975757472,1.0806205013034076,1.1673498950997256
939,10,3,0.0012050546348469087,0.09186378095579521,1.0390414325703718,1.132110268161014
939,10,4,0.027109135071175072,0.10193302578422592,0.9100152893644071,1.0390574502198082
939,10,5,0.5403724753410647,0.12411043497873754,0.9709596154438245,1.6354425257636267
939,10,6,2.9752883871506244,0.1561045123261903,1.0961117455509368,4.227504645027752
939,10,7,6.102937399809397,0.1704079562764727,1.2571904042734756,7.530535760359346
939,10,8,4.925719223360624,0.16292150395669605,1.250189181094619,6.338829908411939
939,10,9,2.645077442596267,0.13988155021180984,1.0412938791594424,3.826252871967519
939,10,10,0.506105714322343,0.10287333769711471,0.94415691778339,1.5531359698028475
939,10,11,0.01979286643146806,0.08871019394374921,0.9738948356102171,1.0823978959854343
939,10,12,4.2246807270557905e-5,0.08613306574557963,1.1370331464377113,1.2232084589905614
953,10,1,0,0.10219318482466543,1.426015062652596,1.5282082474772614
953,10,2,1.788157861170291e-6,0.10243010005098481,1.2762685583350266,1.3787004465438726
953,10,3,0.0014232316892710763,0.10849586431336726,1.227161533209353,1.3370806292119914
953,10,4,0.03201728700618445,0.12038816190091363,1.0747750019725464,1.2271804508796444
953,10,5,0.6382077697356523,0.1465808262323284,1.1467533950256679,1.9315419909936486
953,10,6,3.5139690723242247,0.18436748206778722,1.2945645169428477,4.99290107133486
953,10,7,7.20788390324711,0.20126058724914755,1.4848067225075128,8.89395121300377
953,10,8,5.817528507352007,0.19241870085361767,1.4765379167590715,7.486485124964696
953,10,9,3.123972912113944,0.16520732691186465,1.2298217888286869,4.519002027854496
953,10,10,0.5977369572428068,0.12149871877818953,1.1150980264098471,1.8343337024308435
953,10,11,0.023376396316133655,0.10477131536709666,1.1502200414622654,1.2783677531454958
953,10,12,4.989565878531665e-5,0.1017275940179688,1.342894802414777,1.4446722920915311
957,10,1,0,0.07120474322726583,0.9935989033770084,1.0648036466042743
957,10,2,0,0.07136981771717085,0.8892606208642627,0.9606304385814336
957,10,3,0,0.07559623641153981,0.8550445122193686,0.9306407486309084
957,10,4,0,0.08388238580160257,0.7488667485394602,0.8327491343410628
957,10,5,0,0.10213254545125276,0.7990188502089807,0.9011513956602334
957,10,6,0,0.12846100493509408,0.9020086239429586,1.0304696288780526
957,10,7,0,0.14023154735251397,1.034562936850048,1.174794484202562
957,10,8,0,0.13407082096436446,1.0288015136091138,1.1628723345734782
957,10,9,0,0.1151108590284685,0.8568980880582914,0.9720089470867599
957,10,10,0,0.08465618414658398,0.7769624635925815,0.8616186477391654
957,10,11,0,0.07300109709954362,0.8014342918042413,0.8744353889037849
957,10,12,0,0.07088033535313323,0.9356835267560333,1.0065638621091666
511,10,1,0,0.027829079843958344,0.3883300741173107,0.416159153961269
511,10,2,4.869482047896703e-7,0.027893596208340213,0.3475513525992641,0.37544543575580913
511,10,3,3.875721104605095e-4,0.029545415145797647,0.3341786083652299,0.36411159562148804
511,10,4,0.008718894885317066,0.032783906045751106,0.2926809590629901,0.33418375999405825
511,10,5,0.17379568913015522,0.03991664927374188,0.31228199655635985,0.5259943349602569
511,10,6,0.9569182724923578,0.050206649180148076,0.3525336779254821,1.3596585995979882
511,10,7,1.9628390777095313,0.054806951770883995,0.4043401221363487,2.4219861516167636
511,10,8,1.5842197853347197,0.05239914382464392,0.40208837456842267,2.038707303727786
511,10,9,0.8507151602207309,0.0449889872727358,0.33490304479572963,1.2306071922891963
511,10,10,0.16277474410191667,0.03308633106618661,0.30366165869125605,0.4995227338593593
511,10,11,0.006365821758680345,0.028531152108723985,0.31322602800660154,0.34812300187400586
511,10,12,1.3587503653847737e-5,0.027702290922012093,0.3656949016958073,0.39341078012147324
